-- phpMyAdmin SQL Dump
-- version 5.2.1
-- https://www.phpmyadmin.net/
--
-- Host: localhost:3306
-- Generation Time: Sep 26, 2023 at 04:11 PM
-- Server version: 10.3.39-MariaDB
-- PHP Version: 8.1.16

SET SQL_MODE = "NO_AUTO_VALUE_ON_ZERO";
START TRANSACTION;
SET time_zone = "+00:00";


/*!40101 SET @OLD_CHARACTER_SET_CLIENT=@@CHARACTER_SET_CLIENT */;
/*!40101 SET @OLD_CHARACTER_SET_RESULTS=@@CHARACTER_SET_RESULTS */;
/*!40101 SET @OLD_COLLATION_CONNECTION=@@COLLATION_CONNECTION */;
/*!40101 SET NAMES utf8mb4 */;

--
-- Database: `gmanage1_maindb`
--

-- --------------------------------------------------------

--
-- Table structure for table `admins`
--

CREATE TABLE `admins` (
  `id` bigint(20) UNSIGNED NOT NULL,
  `name` varchar(255) NOT NULL,
  `phone` varchar(255) NOT NULL,
  `email` varchar(255) NOT NULL,
  `password` varchar(255) NOT NULL,
  `image` varchar(255) NOT NULL,
  `address` varchar(255) NOT NULL,
  `email_verified_at` timestamp NULL DEFAULT NULL,
  `status` tinyint(4) NOT NULL DEFAULT 1,
  `deleted_at` timestamp NULL DEFAULT NULL,
  `remember_token` varchar(100) DEFAULT NULL,
  `created_at` timestamp NULL DEFAULT NULL,
  `updated_at` timestamp NULL DEFAULT NULL
) ENGINE=InnoDB DEFAULT CHARSET=utf8mb4 COLLATE=utf8mb4_unicode_ci;

--
-- Dumping data for table `admins`
--

INSERT INTO `admins` (`id`, `name`, `phone`, `email`, `password`, `image`, `address`, `email_verified_at`, `status`, `deleted_at`, `remember_token`, `created_at`, `updated_at`) VALUES
(1, 'Super Admin', '0147896325', 'admin@admin.com', '$2y$10$92IXUNpkjO0rOQ5byMi.Ye4oKoEa3Ro9llC/.og/at2.uheWG/igi', 'images/admin/1751257904819935.jpg', 'address', NULL, 1, NULL, NULL, NULL, '2022-12-04 04:54:45');

-- --------------------------------------------------------

--
-- Table structure for table `admin_notifications`
--

CREATE TABLE `admin_notifications` (
  `id` bigint(20) UNSIGNED NOT NULL,
  `name` text NOT NULL,
  `created_at` timestamp NULL DEFAULT NULL,
  `updated_at` timestamp NULL DEFAULT NULL
) ENGINE=InnoDB DEFAULT CHARSET=utf8mb4 COLLATE=utf8mb4_unicode_ci;

-- --------------------------------------------------------

--
-- Table structure for table `app_features`
--

CREATE TABLE `app_features` (
  `id` bigint(20) UNSIGNED NOT NULL,
  `image` varchar(255) NOT NULL,
  `name` varchar(255) NOT NULL,
  `details` longtext NOT NULL,
  `created_at` timestamp NULL DEFAULT NULL,
  `updated_at` timestamp NULL DEFAULT NULL
) ENGINE=InnoDB DEFAULT CHARSET=utf8mb4 COLLATE=utf8mb4_unicode_ci;

--
-- Dumping data for table `app_features`
--

INSERT INTO `app_features` (`id`, `image`, `name`, `details`, `created_at`, `updated_at`) VALUES
(11, 'images/package/1774199066685181.png', 'ফিচার সমূহ', '<p class=\"MsoNormal\"><span style=\"font-family:&quot;Nirmala UI&quot;,&quot;sans-serif&quot;\">ক্রয়</span></p><p class=\"MsoNormal\"><span style=\"font-family:&quot;Nirmala UI&quot;,&quot;sans-serif&quot;\">আপনার</span>\r\n<span style=\"font-family:&quot;Nirmala UI&quot;,&quot;sans-serif&quot;\">ব্যবসার</span> <span style=\"font-family:&quot;Nirmala UI&quot;,&quot;sans-serif&quot;\">ক্রয়</span> <span style=\"font-family:&quot;Nirmala UI&quot;,&quot;sans-serif&quot;\">হিসাব</span> <span style=\"font-family:&quot;Nirmala UI&quot;,&quot;sans-serif&quot;\">রাখতে</span> <span style=\"font-family:&quot;Nirmala UI&quot;,&quot;sans-serif&quot;\">পারবেন।</span> <span style=\"font-family:&quot;Nirmala UI&quot;,&quot;sans-serif&quot;\">কোন</span> <span style=\"font-family:&quot;Nirmala UI&quot;,&quot;sans-serif&quot;\">সাপ্লায়ের</span> <span style=\"font-family:&quot;Nirmala UI&quot;,&quot;sans-serif&quot;\">কাছ</span> <span style=\"font-family:&quot;Nirmala UI&quot;,&quot;sans-serif&quot;\">থেকে</span> <span style=\"font-family:&quot;Nirmala UI&quot;,&quot;sans-serif&quot;\">কত</span> <span style=\"font-family:\r\n&quot;Nirmala UI&quot;,&quot;sans-serif&quot;\">টাকার</span> <span style=\"font-family:&quot;Nirmala UI&quot;,&quot;sans-serif&quot;\">কোন</span>\r\n<span style=\"font-family:&quot;Nirmala UI&quot;,&quot;sans-serif&quot;\">পণ্য</span> <span style=\"font-family:&quot;Nirmala UI&quot;,&quot;sans-serif&quot;\">কিনেছেন</span> <span style=\"font-family:&quot;Nirmala UI&quot;,&quot;sans-serif&quot;\">তার</span> <span style=\"font-family:&quot;Nirmala UI&quot;,&quot;sans-serif&quot;\">হিসাব</span> <span style=\"font-family:&quot;Nirmala UI&quot;,&quot;sans-serif&quot;\">রাখতে</span> <span style=\"font-family:&quot;Nirmala UI&quot;,&quot;sans-serif&quot;\">পারবেন।</span></p><p class=\"MsoNormal\"> </p><p class=\"MsoNormal\"><span style=\"font-family:&quot;Nirmala UI&quot;,&quot;sans-serif&quot;\">স্টক</span></p><p class=\"MsoNormal\">\r\n</p><p class=\"MsoNormal\"><span style=\"font-family:&quot;Nirmala UI&quot;,&quot;sans-serif&quot;\">আপনার</span>\r\n<span style=\"font-family:&quot;Nirmala UI&quot;,&quot;sans-serif&quot;\">ব্যবসার</span> <span style=\"font-family:&quot;Nirmala UI&quot;,&quot;sans-serif&quot;\">কি</span> <span style=\"font-family:\r\n&quot;Nirmala UI&quot;,&quot;sans-serif&quot;\">কি</span> <span style=\"font-family:&quot;Nirmala UI&quot;,&quot;sans-serif&quot;\">পণ্য</span>\r\n<span style=\"font-family:&quot;Nirmala UI&quot;,&quot;sans-serif&quot;\">কতগুলো</span> <span style=\"font-family:&quot;Nirmala UI&quot;,&quot;sans-serif&quot;\">আছে</span> <span style=\"font-family:&quot;Nirmala UI&quot;,&quot;sans-serif&quot;\">তা</span> <span style=\"font-family:\r\n&quot;Nirmala UI&quot;,&quot;sans-serif&quot;\">যেকোন</span> <span style=\"font-family:&quot;Nirmala UI&quot;,&quot;sans-serif&quot;\">মুহুর্তে</span>\r\n<span style=\"font-family:&quot;Nirmala UI&quot;,&quot;sans-serif&quot;\">দেখতে</span> <span style=\"font-family:&quot;Nirmala UI&quot;,&quot;sans-serif&quot;\">পারবেন।</span> <span style=\"font-family:&quot;Nirmala UI&quot;,&quot;sans-serif&quot;\">দোকানে</span> <span style=\"font-family:&quot;Nirmala UI&quot;,&quot;sans-serif&quot;\">মোট</span> <span style=\"font-family:&quot;Nirmala UI&quot;,&quot;sans-serif&quot;\">কত</span> <span style=\"font-family:\r\n&quot;Nirmala UI&quot;,&quot;sans-serif&quot;\">টাকার</span> <span style=\"font-family:&quot;Nirmala UI&quot;,&quot;sans-serif&quot;\">পণ্য</span>\r\n<span style=\"font-family:&quot;Nirmala UI&quot;,&quot;sans-serif&quot;\">আছে</span> <span style=\"font-family:&quot;Nirmala UI&quot;,&quot;sans-serif&quot;\">তা</span> <span style=\"font-family:\r\n&quot;Nirmala UI&quot;,&quot;sans-serif&quot;\">দেখতে</span> <span style=\"font-family:&quot;Nirmala UI&quot;,&quot;sans-serif&quot;\">পারবেন।</span>\r\n<span style=\"font-family:&quot;Nirmala UI&quot;,&quot;sans-serif&quot;\">কোন্</span> <span style=\"font-family:&quot;Nirmala UI&quot;,&quot;sans-serif&quot;\">সাপ্লায়ারের</span> <span style=\"font-family:&quot;Nirmala UI&quot;,&quot;sans-serif&quot;\">কত</span> <span style=\"font-family:\r\n&quot;Nirmala UI&quot;,&quot;sans-serif&quot;\">গুলো</span> <span style=\"font-family:&quot;Nirmala UI&quot;,&quot;sans-serif&quot;\">পণ্য</span>\r\n<span style=\"font-family:&quot;Nirmala UI&quot;,&quot;sans-serif&quot;\">দোকানে</span> <span style=\"font-family:&quot;Nirmala UI&quot;,&quot;sans-serif&quot;\">আছে</span> <span style=\"font-family:&quot;Nirmala UI&quot;,&quot;sans-serif&quot;\">তা</span> <span style=\"font-family:\r\n&quot;Nirmala UI&quot;,&quot;sans-serif&quot;\">দেখতে</span> <span style=\"font-family:&quot;Nirmala UI&quot;,&quot;sans-serif&quot;\">পারবেন।</span>\r\n<span style=\"font-family:&quot;Nirmala UI&quot;,&quot;sans-serif&quot;\">পণ্যের</span> <span style=\"font-family:&quot;Nirmala UI&quot;,&quot;sans-serif&quot;\">পরিমাণ</span> <span style=\"font-family:&quot;Nirmala UI&quot;,&quot;sans-serif&quot;\">কমে</span> <span style=\"font-family:&quot;Nirmala UI&quot;,&quot;sans-serif&quot;\">গেলে</span> <span style=\"font-family:&quot;Nirmala UI&quot;,&quot;sans-serif&quot;\">স্বয়ংক্রিয়ভাবে</span> <span style=\"font-family:&quot;Nirmala UI&quot;,&quot;sans-serif&quot;\">এলার্ট</span> <span style=\"font-family:&quot;Nirmala UI&quot;,&quot;sans-serif&quot;\">দিবে</span> <span style=\"font-family:&quot;Nirmala UI&quot;,&quot;sans-serif&quot;\">যাতে</span> <span style=\"font-family:&quot;Nirmala UI&quot;,&quot;sans-serif&quot;\">ঐ</span> <span style=\"font-family:\r\n&quot;Nirmala UI&quot;,&quot;sans-serif&quot;\">পণ্য</span> <span style=\"font-family:&quot;Nirmala UI&quot;,&quot;sans-serif&quot;\">দ্রুত</span>\r\n<span style=\"font-family:&quot;Nirmala UI&quot;,&quot;sans-serif&quot;\">ক্রয়ের</span> <span style=\"font-family:&quot;Nirmala UI&quot;,&quot;sans-serif&quot;\">প্রস্তুতি</span> <span style=\"font-family:&quot;Nirmala UI&quot;,&quot;sans-serif&quot;\">গ্রহণ</span> <span style=\"font-family:&quot;Nirmala UI&quot;,&quot;sans-serif&quot;\">করতে</span> <span style=\"font-family:&quot;Nirmala UI&quot;,&quot;sans-serif&quot;\">পারেন।</span></p><p class=\"MsoNormal\"><span style=\"font-size:11.0pt;font-family:&quot;Nirmala UI&quot;,&quot;sans-serif&quot;;\r\nmso-fareast-font-family:Calibri;mso-ansi-language:EN-US;mso-fareast-language:\r\nEN-US;mso-bidi-language:AR-SA\">বিক্রি</span></p><p class=\"MsoNormal\"><span style=\"font-family:&quot;Nirmala UI&quot;,&quot;sans-serif&quot;\">হাতের</span>\r\n<span style=\"font-family:&quot;Nirmala UI&quot;,&quot;sans-serif&quot;\">স্পর্শেই</span> <span style=\"font-family:&quot;Nirmala UI&quot;,&quot;sans-serif&quot;\">কয়েক</span> <span style=\"font-family:&quot;Nirmala UI&quot;,&quot;sans-serif&quot;\">সেকেন্ডের</span> <span style=\"font-family:&quot;Nirmala UI&quot;,&quot;sans-serif&quot;\">মধ্যেই</span> <span style=\"font-family:&quot;Nirmala UI&quot;,&quot;sans-serif&quot;\">হাজার</span> <span style=\"font-family:&quot;Nirmala UI&quot;,&quot;sans-serif&quot;\">হাজার</span> <span style=\"font-family:&quot;Nirmala UI&quot;,&quot;sans-serif&quot;\">টাকার</span> <span style=\"font-family:&quot;Nirmala UI&quot;,&quot;sans-serif&quot;\">পণ্য</span> <span style=\"font-family:&quot;Nirmala UI&quot;,&quot;sans-serif&quot;\">বিক্রি</span> <span style=\"font-family:&quot;Nirmala UI&quot;,&quot;sans-serif&quot;\">করতে</span> <span style=\"font-family:&quot;Nirmala UI&quot;,&quot;sans-serif&quot;\">পারবেন।</span> <span style=\"font-family:&quot;Nirmala UI&quot;,&quot;sans-serif&quot;\">বিক্রি</span> <span style=\"font-family:&quot;Nirmala UI&quot;,&quot;sans-serif&quot;\">করার</span> <span style=\"font-family:&quot;Nirmala UI&quot;,&quot;sans-serif&quot;\">সাথে</span> <span style=\"font-family:&quot;Nirmala UI&quot;,&quot;sans-serif&quot;\">সাথেই</span> <span style=\"font-family:&quot;Nirmala UI&quot;,&quot;sans-serif&quot;\">স্বয়ংক্রিয়ভাবে</span> <span style=\"font-family:&quot;Nirmala UI&quot;,&quot;sans-serif&quot;\">ইনভয়েস</span> <span style=\"font-family:&quot;Nirmala UI&quot;,&quot;sans-serif&quot;\">তৈরি</span> <span style=\"font-family:&quot;Nirmala UI&quot;,&quot;sans-serif&quot;\">হয়ে</span> <span style=\"font-family:&quot;Nirmala UI&quot;,&quot;sans-serif&quot;\">যাবে</span> <span style=\"font-family:&quot;Nirmala UI&quot;,&quot;sans-serif&quot;\">যা</span> <span style=\"font-family:\r\n&quot;Nirmala UI&quot;,&quot;sans-serif&quot;\">প্রিন্ট</span> <span style=\"font-family:&quot;Nirmala UI&quot;,&quot;sans-serif&quot;\">করতে</span>\r\n<span style=\"font-family:&quot;Nirmala UI&quot;,&quot;sans-serif&quot;\">পারবেন।</span> <span style=\"font-family:&quot;Nirmala UI&quot;,&quot;sans-serif&quot;\">নগদ</span> <span style=\"font-family:&quot;Nirmala UI&quot;,&quot;sans-serif&quot;\">ও</span> <span style=\"font-family:\r\n&quot;Nirmala UI&quot;,&quot;sans-serif&quot;\">বাকীতে</span> <span style=\"font-family:&quot;Nirmala UI&quot;,&quot;sans-serif&quot;\">বিক্রি</span>\r\n<span style=\"font-family:&quot;Nirmala UI&quot;,&quot;sans-serif&quot;\">করতে</span> <span style=\"font-family:&quot;Nirmala UI&quot;,&quot;sans-serif&quot;\">পারবেন।</span> <span style=\"font-family:&quot;Nirmala UI&quot;,&quot;sans-serif&quot;\">কাস্টমার</span> <span style=\"font-family:&quot;Nirmala UI&quot;,&quot;sans-serif&quot;\">অনুযায়ী</span> <span style=\"font-family:&quot;Nirmala UI&quot;,&quot;sans-serif&quot;\">বিক্রির</span> <span style=\"font-family:&quot;Nirmala UI&quot;,&quot;sans-serif&quot;\">হিসাব</span> <span style=\"font-family:&quot;Nirmala UI&quot;,&quot;sans-serif&quot;\">রাখতে</span> <span style=\"font-family:&quot;Nirmala UI&quot;,&quot;sans-serif&quot;\">পারবেন।</span> <span style=\"font-family:&quot;Nirmala UI&quot;,&quot;sans-serif&quot;\">স্বয়ংক্রিয়ভাবে</span> <span style=\"font-family:&quot;Nirmala UI&quot;,&quot;sans-serif&quot;\">প্রত্যেকটা</span> <span style=\"font-family:&quot;Nirmala UI&quot;,&quot;sans-serif&quot;\">কাস্টমারের</span> <span style=\"font-family:&quot;Nirmala UI&quot;,&quot;sans-serif&quot;\">জন্য</span> <span style=\"font-family:&quot;Nirmala UI&quot;,&quot;sans-serif&quot;\">আলাদাভাবে</span> <span style=\"font-family:&quot;Nirmala UI&quot;,&quot;sans-serif&quot;\">বিক্রির</span> <span style=\"font-family:&quot;Nirmala UI&quot;,&quot;sans-serif&quot;\">লেজার</span> <span style=\"font-family:&quot;Nirmala UI&quot;,&quot;sans-serif&quot;\">তৈরি</span> <span style=\"font-family:&quot;Nirmala UI&quot;,&quot;sans-serif&quot;\">হয়ে</span> <span style=\"font-family:&quot;Nirmala UI&quot;,&quot;sans-serif&quot;\">যাবে।</span> </p><p class=\"MsoNormal\"><span style=\"font-family:&quot;Nirmala UI&quot;,&quot;sans-serif&quot;\"><br></span> </p>', '2023-08-14 10:14:42', '2023-08-14 10:14:42'),
(12, 'images/package/1774369367247083.jpg', 'ফিচার সমূহ', '<p class=\"MsoNormal\"><span style=\"font-family:\" nirmala=\"\" ui\",\"sans-serif\"\"=\"\">কাস্টমার</span></p><p class=\"MsoNormal\"><span style=\"font-family:\" nirmala=\"\" ui\",\"sans-serif\"\"=\"\">যাবতীয়</span>\r\n<span style=\"font-family:\" nirmala=\"\" ui\",\"sans-serif\"\"=\"\">তথ্য</span> <span style=\"font-family:\" nirmala=\"\" ui\",\"sans-serif\"\"=\"\">দিয়ে</span> <span style=\"font-family:\" nirmala=\"\" ui\",\"sans-serif\"\"=\"\">কাস্টমার</span> <span style=\"font-family:\" nirmala=\"\" ui\",\"sans-serif\"\"=\"\">যোগ</span> <span style=\"font-family:\" nirmala=\"\" ui\",\"sans-serif\"\"=\"\">করতে</span> <span style=\"font-family:\" nirmala=\"\" ui\",\"sans-serif\"\"=\"\">পারবেন।</span> <span style=\"font-family:\" nirmala=\"\" ui\",\"sans-serif\"\"=\"\">কাস্টমার</span> <span style=\"font-family:\" nirmala=\"\" ui\",\"sans-serif\"\"=\"\">যোগ</span> <span style=\"font-family:\" nirmala=\"\" ui\",\"sans-serif\"\"=\"\">করার</span> <span style=\"font-family:\" nirmala=\"\" ui\",\"sans-serif\"\"=\"\">সাথে</span> <span style=\"font-family:\" nirmala=\"\" ui\",\"sans-serif\"\"=\"\">সাথেই</span> <span style=\"font-family:\" nirmala=\"\" ui\",\"sans-serif\"\"=\"\">প্রত্যেক</span> <span style=\"font-family:\" nirmala=\"\" ui\",\"sans-serif\"\"=\"\">কাস্টমারের</span> <span style=\"font-family:\" nirmala=\"\" ui\",\"sans-serif\"\"=\"\">জন্য</span> <span style=\"font-family:\" nirmala=\"\" ui\",\"sans-serif\"\"=\"\">স্বয়ংক্রিয়ভাবে</span> <span style=\"font-family:\" nirmala=\"\" ui\",\"sans-serif\"\"=\"\">লেজার</span> <span style=\"font-family:\" nirmala=\"\" ui\",\"sans-serif\"\"=\"\">তৈরি</span> <span style=\"font-family:\" nirmala=\"\" ui\",\"sans-serif\"\"=\"\">হয়ে</span> <span style=\"font-family:\" nirmala=\"\" ui\",\"sans-serif\"\"=\"\">যাবে।</span> <span style=\"font-family:\" nirmala=\"\" ui\",\"sans-serif\"\"=\"\">ঐ</span> <span style=\"font-family:\r\n\" nirmala=\"\" ui\",\"sans-serif\"\"=\"\">নির্দিষ্ট</span> <span style=\"font-family:\" nirmala=\"\" ui\",\"sans-serif\"\"=\"\">কাস্টমার</span>\r\n<span style=\"font-family:\" nirmala=\"\" ui\",\"sans-serif\"\"=\"\">কোন্</span> <span style=\"font-family:\" nirmala=\"\" ui\",\"sans-serif\"\"=\"\">তারিখে</span> <span style=\"font-family:\" nirmala=\"\" ui\",\"sans-serif\"\"=\"\">কত</span> <span style=\"font-family:\r\n\" nirmala=\"\" ui\",\"sans-serif\"\"=\"\">টাকার</span> <span style=\"font-family:\" nirmala=\"\" ui\",\"sans-serif\"\"=\"\">কি</span>\r\n<span style=\"font-family:\" nirmala=\"\" ui\",\"sans-serif\"\"=\"\">কি</span> <span style=\"font-family:\" nirmala=\"\" ui\",\"sans-serif\"\"=\"\">পণ্য</span> <span style=\"font-family:\" nirmala=\"\" ui\",\"sans-serif\"\"=\"\">কিনেছেন</span>, <span style=\"font-family:\" nirmala=\"\" ui\",\"sans-serif\"\"=\"\">কত</span> <span style=\"font-family:\r\n\" nirmala=\"\" ui\",\"sans-serif\"\"=\"\">টাকা</span> <span style=\"font-family:\" nirmala=\"\" ui\",\"sans-serif\"\"=\"\">পেমেন্টে</span>\r\n<span style=\"font-family:\" nirmala=\"\" ui\",\"sans-serif\"\"=\"\">দিয়েছেন</span> <span style=\"font-family:\" nirmala=\"\" ui\",\"sans-serif\"\"=\"\">কত</span> <span style=\"font-family:\r\n\" nirmala=\"\" ui\",\"sans-serif\"\"=\"\">টাকা</span> <span style=\"font-family:\" nirmala=\"\" ui\",\"sans-serif\"\"=\"\">বাকী</span>\r\n<span style=\"font-family:\" nirmala=\"\" ui\",\"sans-serif\"\"=\"\">রেখেছেন</span> <span style=\"font-family:\" nirmala=\"\" ui\",\"sans-serif\"\"=\"\">তা</span> <span style=\"font-family:\r\n\" nirmala=\"\" ui\",\"sans-serif\"\"=\"\">স্বয়ংক্রিয়ভাবে</span> <span style=\"font-family:\r\n\" nirmala=\"\" ui\",\"sans-serif\"\"=\"\">রেকর্ড</span> <span style=\"font-family:\" nirmala=\"\" ui\",\"sans-serif\"\"=\"\">হয়ে</span>\r\n<span style=\"font-family:\" nirmala=\"\" ui\",\"sans-serif\"\"=\"\">থাকবে।</span> </p><p class=\"MsoNormal\"><span style=\"font-family:\" nirmala=\"\" ui\",\"sans-serif\"\"=\"\">সাপ্লায়ার</span></p><p class=\"MsoNormal\"><span style=\"font-family:\" nirmala=\"\" ui\",\"sans-serif\"\"=\"\">যাবতীয়</span>\r\n<span style=\"font-family:\" nirmala=\"\" ui\",\"sans-serif\"\"=\"\">তথ্য</span> <span style=\"font-family:\" nirmala=\"\" ui\",\"sans-serif\"\"=\"\">দিয়ে</span> <span style=\"font-family:\" nirmala=\"\" ui\",\"sans-serif\"\"=\"\">সাপ্লায়ার</span> <span style=\"font-family:\" nirmala=\"\" ui\",\"sans-serif\"\"=\"\">যোগ</span> <span style=\"font-family:\" nirmala=\"\" ui\",\"sans-serif\"\"=\"\">করতে</span> <span style=\"font-family:\" nirmala=\"\" ui\",\"sans-serif\"\"=\"\">পারবেন।</span> <span style=\"font-family:\" nirmala=\"\" ui\",\"sans-serif\"\"=\"\">সাপ্লায়ার</span> <span style=\"font-family:\" nirmala=\"\" ui\",\"sans-serif\"\"=\"\">যোগ</span> <span style=\"font-family:\" nirmala=\"\" ui\",\"sans-serif\"\"=\"\">করার</span> <span style=\"font-family:\" nirmala=\"\" ui\",\"sans-serif\"\"=\"\">সাথে</span> <span style=\"font-family:\" nirmala=\"\" ui\",\"sans-serif\"\"=\"\">সাথেই</span> <span style=\"font-family:\" nirmala=\"\" ui\",\"sans-serif\"\"=\"\">প্রত্যেক</span> <span style=\"font-family:\" nirmala=\"\" ui\",\"sans-serif\"\"=\"\">সাপ্লায়ারের</span> <span style=\"font-family:\" nirmala=\"\" ui\",\"sans-serif\"\"=\"\">জন্য</span> <span style=\"font-family:\" nirmala=\"\" ui\",\"sans-serif\"\"=\"\">স্বয়ংক্রিয়ভাবে</span> <span style=\"font-family:\" nirmala=\"\" ui\",\"sans-serif\"\"=\"\">লেজার</span> <span style=\"font-family:\" nirmala=\"\" ui\",\"sans-serif\"\"=\"\">তৈরি</span> <span style=\"font-family:\" nirmala=\"\" ui\",\"sans-serif\"\"=\"\">হয়ে</span> <span style=\"font-family:\" nirmala=\"\" ui\",\"sans-serif\"\"=\"\">যাবে।</span> <span style=\"font-family:\" nirmala=\"\" ui\",\"sans-serif\"\"=\"\">ঐ</span> <span style=\"font-family:\r\n\" nirmala=\"\" ui\",\"sans-serif\"\"=\"\">নির্দিষ্ট</span> <span style=\"font-family:\" nirmala=\"\" ui\",\"sans-serif\"\"=\"\">সাপ্লায়ারের</span>\r\n<span style=\"font-family:\" nirmala=\"\" ui\",\"sans-serif\"\"=\"\">কাছ</span> <span style=\"font-family:\" nirmala=\"\" ui\",\"sans-serif\"\"=\"\">থেকে</span> <span style=\"font-family:\" nirmala=\"\" ui\",\"sans-serif\"\"=\"\">কোন্</span> <span style=\"font-family:\" nirmala=\"\" ui\",\"sans-serif\"\"=\"\">তারিখে</span> <span style=\"font-family:\" nirmala=\"\" ui\",\"sans-serif\"\"=\"\">কত</span> <span style=\"font-family:\r\n\" nirmala=\"\" ui\",\"sans-serif\"\"=\"\">টাকার</span> <span style=\"font-family:\" nirmala=\"\" ui\",\"sans-serif\"\"=\"\">পণ্য</span>\r\n<span style=\"font-family:\" nirmala=\"\" ui\",\"sans-serif\"\"=\"\">কিনেছেন</span>,&nbsp; <span style=\"font-family:\" nirmala=\"\" ui\",\"sans-serif\"\"=\"\">কি</span>\r\n<span style=\"font-family:\" nirmala=\"\" ui\",\"sans-serif\"\"=\"\">কি</span> <span style=\"font-family:\" nirmala=\"\" ui\",\"sans-serif\"\"=\"\">পণ্য</span> <span style=\"font-family:\" nirmala=\"\" ui\",\"sans-serif\"\"=\"\">কত</span> <span style=\"font-family:\r\n\" nirmala=\"\" ui\",\"sans-serif\"\"=\"\">সংখ্যক</span> <span style=\"font-family:\" nirmala=\"\" ui\",\"sans-serif\"\"=\"\">কিনেছেন</span>,\r\n<span style=\"font-family:\" nirmala=\"\" ui\",\"sans-serif\"\"=\"\">কত</span> <span style=\"font-family:\" nirmala=\"\" ui\",\"sans-serif\"\"=\"\">টাকা</span> <span style=\"font-family:\" nirmala=\"\" ui\",\"sans-serif\"\"=\"\">পেমেন্ট</span> <span style=\"font-family:\" nirmala=\"\" ui\",\"sans-serif\"\"=\"\">দিয়েছেন</span>, <span style=\"font-family:\" nirmala=\"\" ui\",\"sans-serif\"\"=\"\">কত</span> <span style=\"font-family:\r\n\" nirmala=\"\" ui\",\"sans-serif\"\"=\"\">টাকা</span> <span style=\"font-family:\" nirmala=\"\" ui\",\"sans-serif\"\"=\"\">বাকী</span>\r\n<span style=\"font-family:\" nirmala=\"\" ui\",\"sans-serif\"\"=\"\">রেখেছেন</span> <span style=\"font-family:\" nirmala=\"\" ui\",\"sans-serif\"\"=\"\">তা</span> <span style=\"font-family:\r\n\" nirmala=\"\" ui\",\"sans-serif\"\"=\"\">স্বয়ংক্রিয়ভাবে</span> <span style=\"font-family:\r\n\" nirmala=\"\" ui\",\"sans-serif\"\"=\"\">রেকর্ড</span> <span style=\"font-family:\" nirmala=\"\" ui\",\"sans-serif\"\"=\"\">হয়ে</span>\r\n<span style=\"font-family:\" nirmala=\"\" ui\",\"sans-serif\"\"=\"\">থাকবে।</span> </p><p class=\"MsoNormal\"><span style=\"font-family:\" nirmala=\"\" ui\",\"sans-serif\"\"=\"\">বাকীর</span>\r\n<span style=\"font-family:\" nirmala=\"\" ui\",\"sans-serif\"\"=\"\">খাতা</span></p><p class=\"MsoNormal\"><span nirmala=\"\" ui\",\"sans-serif\"\"=\"\" style=\"font-size: 1rem;\">কাস্টমারের</span><span style=\"font-size: 1rem;\">\r\n</span><span nirmala=\"\" ui\",\"sans-serif\"\"=\"\" style=\"font-size: 1rem;\">বাকী</span><span style=\"font-size: 1rem;\"> </span><span nirmala=\"\" ui\",\"sans-serif\"\"=\"\" style=\"font-size: 1rem;\">খাতা</span><span style=\"font-size: 1rem;\">&nbsp;</span><font face=\"Nirmala UI, sans-serif\" style=\"font-size: 1rem;\">:</font><span style=\"font-size: 1rem;\">&nbsp;</span><span nirmala=\"\" ui\",\"sans-serif\"\"=\"\" style=\"font-size: 1rem;\">বিক্রির</span><span style=\"font-size: 1rem;\"> </span><span nirmala=\"\" ui\",\"sans-serif\"\"=\"\" style=\"font-size: 1rem;\">সময়</span><span style=\"font-size: 1rem;\">\r\n</span><span nirmala=\"\" ui\",\"sans-serif\"\"=\"\" style=\"font-size: 1rem;\">বাকীতে</span><span style=\"font-size: 1rem;\"> </span><span nirmala=\"\" ui\",\"sans-serif\"\"=\"\" style=\"font-size: 1rem;\">পণ্য</span><span style=\"font-size: 1rem;\"> </span><span nirmala=\"\" ui\",\"sans-serif\"\"=\"\" style=\"font-size: 1rem;\">বিক্রি</span><span style=\"font-size: 1rem;\"> </span><span nirmala=\"\" ui\",\"sans-serif\"\"=\"\" style=\"font-size: 1rem;\">করলে</span><span style=\"font-size: 1rem;\"> </span><span nirmala=\"\" ui\",\"sans-serif\"\"=\"\" style=\"font-size: 1rem;\">স্বয়ংক্রিয়ভাবে</span><span style=\"font-size: 1rem;\"> </span><span nirmala=\"\" ui\",\"sans-serif\"\"=\"\" style=\"font-size: 1rem;\">ঐ</span><span style=\"font-size: 1rem;\"> </span><span nirmala=\"\" ui\",\"sans-serif\"\"=\"\" style=\"font-size: 1rem;\">কাস্টমারের</span><span style=\"font-size: 1rem;\"> </span><span nirmala=\"\" ui\",\"sans-serif\"\"=\"\" style=\"font-size: 1rem;\">নামে</span><span style=\"font-size: 1rem;\">\r\n</span><span nirmala=\"\" ui\",\"sans-serif\"\"=\"\" style=\"font-size: 1rem;\">বাকীর</span><span style=\"font-size: 1rem;\"> </span><span nirmala=\"\" ui\",\"sans-serif\"\"=\"\" style=\"font-size: 1rem;\">লেজার</span><span style=\"font-size: 1rem;\"> </span><span nirmala=\"\" ui\",\"sans-serif\"\"=\"\" style=\"font-size: 1rem;\">ওপেন</span><span style=\"font-size: 1rem;\"> </span><span nirmala=\"\" ui\",\"sans-serif\"\"=\"\" style=\"font-size: 1rem;\">হয়ে</span><span style=\"font-size: 1rem;\"> </span><span nirmala=\"\" ui\",\"sans-serif\"\"=\"\" style=\"font-size: 1rem;\">যাবে</span><span style=\"font-size: 1rem;\"> </span><span nirmala=\"\" ui\",\"sans-serif\"\"=\"\" style=\"font-size: 1rem;\">এবং</span><span style=\"font-size: 1rem;\"> </span><span nirmala=\"\" ui\",\"sans-serif\"\"=\"\" style=\"font-size: 1rem;\">কোন</span><span style=\"font-size: 1rem;\"> </span><span nirmala=\"\" ui\",\"sans-serif\"\"=\"\" style=\"font-size: 1rem;\">পণ্য</span><span style=\"font-size: 1rem;\"> </span><span nirmala=\"\" ui\",\"sans-serif\"\"=\"\" style=\"font-size: 1rem;\">কত</span><span style=\"font-size: 1rem;\"> </span><span nirmala=\"\" ui\",\"sans-serif\"\"=\"\" style=\"font-size: 1rem;\">সংখ্যক</span><span style=\"font-size: 1rem;\"> </span><span nirmala=\"\" ui\",\"sans-serif\"\"=\"\" style=\"font-size: 1rem;\">কিনেছেন</span><span style=\"font-size: 1rem;\">,\r\n</span><span nirmala=\"\" ui\",\"sans-serif\"\"=\"\" style=\"font-size: 1rem;\">কত</span><span style=\"font-size: 1rem;\"> </span><span nirmala=\"\" ui\",\"sans-serif\"\"=\"\" style=\"font-size: 1rem;\">টাকা</span><span style=\"font-size: 1rem;\"> </span><span nirmala=\"\" ui\",\"sans-serif\"\"=\"\" style=\"font-size: 1rem;\">বাকী</span><span style=\"font-size: 1rem;\"> </span><span nirmala=\"\" ui\",\"sans-serif\"\"=\"\" style=\"font-size: 1rem;\">রেখেছেন</span><span style=\"font-size: 1rem;\"> </span><span nirmala=\"\" ui\",\"sans-serif\"\"=\"\" style=\"font-size: 1rem;\">তা</span><span style=\"font-size: 1rem;\"> </span><span nirmala=\"\" ui\",\"sans-serif\"\"=\"\" style=\"font-size: 1rem;\">স্বয়ংক্রিয়ভাবে</span><span style=\"font-size: 1rem;\"> </span><span nirmala=\"\" ui\",\"sans-serif\"\"=\"\" style=\"font-size: 1rem;\">রেকর্ড</span><span style=\"font-size: 1rem;\"> </span><span nirmala=\"\" ui\",\"sans-serif\"\"=\"\" style=\"font-size: 1rem;\">হয়ে</span><span style=\"font-size: 1rem;\">\r\n</span><span nirmala=\"\" ui\",\"sans-serif\"\"=\"\" style=\"font-size: 1rem;\">যাবে।</span><span style=\"font-size: 1rem;\"> </span><span nirmala=\"\" ui\",\"sans-serif\"\"=\"\" style=\"font-size: 1rem;\">যে</span><span style=\"font-size: 1rem;\"> </span><span nirmala=\"\" ui\",\"sans-serif\"\"=\"\" style=\"font-size: 1rem;\">কোন</span><span style=\"font-size: 1rem;\"> </span><span nirmala=\"\" ui\",\"sans-serif\"\"=\"\" style=\"font-size: 1rem;\">সময়</span><span style=\"font-size: 1rem;\">\r\n</span><span nirmala=\"\" ui\",\"sans-serif\"\"=\"\" style=\"font-size: 1rem;\">কাস্টমারকে</span><span style=\"font-size: 1rem;\"> </span><span nirmala=\"\" ui\",\"sans-serif\"\"=\"\" style=\"font-size: 1rem;\">এস</span><span style=\"font-size: 1rem;\">.</span><span nirmala=\"\" ui\",\"sans-serif\"\"=\"\" style=\"font-size: 1rem;\">এম</span><span style=\"font-size: 1rem;\">.</span><span nirmala=\"\" ui\",\"sans-serif\"\"=\"\" style=\"font-size: 1rem;\">এস</span><span style=\"font-size: 1rem;\">,\r\n</span><span nirmala=\"\" ui\",\"sans-serif\"\"=\"\" style=\"font-size: 1rem;\">ফেসবুক</span><span style=\"font-size: 1rem;\">, </span><span nirmala=\"\" ui\",\"sans-serif\"\"=\"\" style=\"font-size: 1rem;\">হোয়াটসঅ্যাপ</span><span style=\"font-size: 1rem;\">, </span><span nirmala=\"\" ui\",\"sans-serif\"\"=\"\" style=\"font-size: 1rem;\">ইমুসহ</span><span style=\"font-size: 1rem;\"> </span><span nirmala=\"\" ui\",\"sans-serif\"\"=\"\" style=\"font-size: 1rem;\">যে</span><span style=\"font-size: 1rem;\"> </span><span nirmala=\"\" ui\",\"sans-serif\"\"=\"\" style=\"font-size: 1rem;\">কোন</span><span style=\"font-size: 1rem;\"> </span><span nirmala=\"\" ui\",\"sans-serif\"\"=\"\" style=\"font-size: 1rem;\">স্যোশাল</span><span style=\"font-size: 1rem;\">\r\n</span><span nirmala=\"\" ui\",\"sans-serif\"\"=\"\" style=\"font-size: 1rem;\">মিডিয়ায়</span><span style=\"font-size: 1rem;\"> </span><span nirmala=\"\" ui\",\"sans-serif\"\"=\"\" style=\"font-size: 1rem;\">বাকীর</span><span style=\"font-size: 1rem;\"> </span><span nirmala=\"\" ui\",\"sans-serif\"\"=\"\" style=\"font-size: 1rem;\">তাগাদা</span><span style=\"font-size: 1rem;\"> </span><span nirmala=\"\" ui\",\"sans-serif\"\"=\"\" style=\"font-size: 1rem;\">পাঠাতে</span><span style=\"font-size: 1rem;\"> </span><span nirmala=\"\" ui\",\"sans-serif\"\"=\"\" style=\"font-size: 1rem;\">পারবেন।</span></p><p class=\"MsoNormal\"><o:p>&nbsp;</o:p><span nirmala=\"\" ui\",\"sans-serif\";mso-fareast-font-family:=\"\" calibri;mso-ansi-language:en-us;mso-fareast-language:en-us;mso-bidi-language:=\"\" ar-sa\"=\"\" style=\"font-size: 11pt;\">সাপ্লায়ারের</span><span calibri\",\"sans-serif\";=\"\" mso-fareast-font-family:calibri;mso-bidi-font-family:\"times=\"\" new=\"\" roman\";=\"\" mso-ansi-language:en-us;mso-fareast-language:en-us;mso-bidi-language:ar-sa\"=\"\" style=\"font-size: 11pt;\"> </span><span nirmala=\"\" ui\",\"sans-serif\";mso-fareast-font-family:=\"\" calibri;mso-ansi-language:en-us;mso-fareast-language:en-us;mso-bidi-language:=\"\" ar-sa\"=\"\" style=\"font-size: 11pt;\">বাকীর</span><span calibri\",\"sans-serif\";=\"\" mso-fareast-font-family:calibri;mso-bidi-font-family:\"times=\"\" new=\"\" roman\";=\"\" mso-ansi-language:en-us;mso-fareast-language:en-us;mso-bidi-language:ar-sa\"=\"\" style=\"font-size: 11pt;\"> </span><span nirmala=\"\" ui\",\"sans-serif\";mso-fareast-font-family:=\"\" calibri;mso-ansi-language:en-us;mso-fareast-language:en-us;mso-bidi-language:=\"\" ar-sa\"=\"\" style=\"font-size: 11pt;\">খাতা</span><span calibri\",\"sans-serif\";=\"\" mso-fareast-font-family:calibri;mso-bidi-font-family:\"times=\"\" new=\"\" roman\";=\"\" mso-ansi-language:en-us;mso-fareast-language:en-us;mso-bidi-language:ar-sa\"=\"\" style=\"font-size: 11pt;\">&nbsp;</span><span style=\"font-size: 11pt;\"><font face=\"Nirmala UI, sans-serif\">:</font></span><span calibri\",\"sans-serif\";=\"\" mso-fareast-font-family:calibri;mso-bidi-font-family:\"times=\"\" new=\"\" roman\";=\"\" mso-ansi-language:en-us;mso-fareast-language:en-us;mso-bidi-language:ar-sa\"=\"\" style=\"font-size: 11pt;\">&nbsp;</span><span nirmala=\"\" ui\",\"sans-serif\";mso-fareast-font-family:=\"\" calibri;mso-ansi-language:en-us;mso-fareast-language:en-us;mso-bidi-language:=\"\" ar-sa\"=\"\" style=\"font-size: 11pt;\">কোন</span><span calibri\",\"sans-serif\";=\"\" mso-fareast-font-family:calibri;mso-bidi-font-family:\"times=\"\" new=\"\" roman\";=\"\" mso-ansi-language:en-us;mso-fareast-language:en-us;mso-bidi-language:ar-sa\"=\"\" style=\"font-size: 11pt;\"> </span><span nirmala=\"\" ui\",\"sans-serif\";mso-fareast-font-family:=\"\" calibri;mso-ansi-language:en-us;mso-fareast-language:en-us;mso-bidi-language:=\"\" ar-sa\"=\"\" style=\"font-size: 11pt;\">সাপ্লায়ারের</span><span calibri\",\"sans-serif\";=\"\" mso-fareast-font-family:calibri;mso-bidi-font-family:\"times=\"\" new=\"\" roman\";=\"\" mso-ansi-language:en-us;mso-fareast-language:en-us;mso-bidi-language:ar-sa\"=\"\" style=\"font-size: 11pt;\"> </span><span nirmala=\"\" ui\",\"sans-serif\";mso-fareast-font-family:=\"\" calibri;mso-ansi-language:en-us;mso-fareast-language:en-us;mso-bidi-language:=\"\" ar-sa\"=\"\" style=\"font-size: 11pt;\">কাছ</span><span calibri\",\"sans-serif\";=\"\" mso-fareast-font-family:calibri;mso-bidi-font-family:\"times=\"\" new=\"\" roman\";=\"\" mso-ansi-language:en-us;mso-fareast-language:en-us;mso-bidi-language:ar-sa\"=\"\" style=\"font-size: 11pt;\"> </span><span nirmala=\"\" ui\",\"sans-serif\";mso-fareast-font-family:=\"\" calibri;mso-ansi-language:en-us;mso-fareast-language:en-us;mso-bidi-language:=\"\" ar-sa\"=\"\" style=\"font-size: 11pt;\">থেকে</span><span calibri\",\"sans-serif\";=\"\" mso-fareast-font-family:calibri;mso-bidi-font-family:\"times=\"\" new=\"\" roman\";=\"\" mso-ansi-language:en-us;mso-fareast-language:en-us;mso-bidi-language:ar-sa\"=\"\" style=\"font-size: 11pt;\"> </span><span nirmala=\"\" ui\",\"sans-serif\";mso-fareast-font-family:=\"\" calibri;mso-ansi-language:en-us;mso-fareast-language:en-us;mso-bidi-language:=\"\" ar-sa\"=\"\" style=\"font-size: 11pt;\">বাকীতে</span><span calibri\",\"sans-serif\";=\"\" mso-fareast-font-family:calibri;mso-bidi-font-family:\"times=\"\" new=\"\" roman\";=\"\" mso-ansi-language:en-us;mso-fareast-language:en-us;mso-bidi-language:ar-sa\"=\"\" style=\"font-size: 11pt;\"> </span><span nirmala=\"\" ui\",\"sans-serif\";mso-fareast-font-family:=\"\" calibri;mso-ansi-language:en-us;mso-fareast-language:en-us;mso-bidi-language:=\"\" ar-sa\"=\"\" style=\"font-size: 11pt;\">পণ্য</span><span calibri\",\"sans-serif\";=\"\" mso-fareast-font-family:calibri;mso-bidi-font-family:\"times=\"\" new=\"\" roman\";=\"\" mso-ansi-language:en-us;mso-fareast-language:en-us;mso-bidi-language:ar-sa\"=\"\" style=\"font-size: 11pt;\"> </span><span nirmala=\"\" ui\",\"sans-serif\";mso-fareast-font-family:=\"\" calibri;mso-ansi-language:en-us;mso-fareast-language:en-us;mso-bidi-language:=\"\" ar-sa\"=\"\" style=\"font-size: 11pt;\">ক্রয়</span><span calibri\",\"sans-serif\";=\"\" mso-fareast-font-family:calibri;mso-bidi-font-family:\"times=\"\" new=\"\" roman\";=\"\" mso-ansi-language:en-us;mso-fareast-language:en-us;mso-bidi-language:ar-sa\"=\"\" style=\"font-size: 11pt;\"> </span><span nirmala=\"\" ui\",\"sans-serif\";mso-fareast-font-family:=\"\" calibri;mso-ansi-language:en-us;mso-fareast-language:en-us;mso-bidi-language:=\"\" ar-sa\"=\"\" style=\"font-size: 11pt;\">করলে</span><span calibri\",\"sans-serif\";=\"\" mso-fareast-font-family:calibri;mso-bidi-font-family:\"times=\"\" new=\"\" roman\";=\"\" mso-ansi-language:en-us;mso-fareast-language:en-us;mso-bidi-language:ar-sa\"=\"\" style=\"font-size: 11pt;\"> </span><span nirmala=\"\" ui\",\"sans-serif\";mso-fareast-font-family:=\"\" calibri;mso-ansi-language:en-us;mso-fareast-language:en-us;mso-bidi-language:=\"\" ar-sa\"=\"\" style=\"font-size: 11pt;\">স্বয়ংক্রিয়ভাবে</span><span calibri\",\"sans-serif\";=\"\" mso-fareast-font-family:calibri;mso-bidi-font-family:\"times=\"\" new=\"\" roman\";=\"\" mso-ansi-language:en-us;mso-fareast-language:en-us;mso-bidi-language:ar-sa\"=\"\" style=\"font-size: 11pt;\"> </span><span nirmala=\"\" ui\",\"sans-serif\";mso-fareast-font-family:=\"\" calibri;mso-ansi-language:en-us;mso-fareast-language:en-us;mso-bidi-language:=\"\" ar-sa\"=\"\" style=\"font-size: 11pt;\">ঐ</span><span calibri\",\"sans-serif\";=\"\" mso-fareast-font-family:calibri;mso-bidi-font-family:\"times=\"\" new=\"\" roman\";=\"\" mso-ansi-language:en-us;mso-fareast-language:en-us;mso-bidi-language:ar-sa\"=\"\" style=\"font-size: 11pt;\"> </span><span nirmala=\"\" ui\",\"sans-serif\";mso-fareast-font-family:=\"\" calibri;mso-ansi-language:en-us;mso-fareast-language:en-us;mso-bidi-language:=\"\" ar-sa\"=\"\" style=\"font-size: 11pt;\">সাপ্লায়ারের</span><span calibri\",\"sans-serif\";=\"\" mso-fareast-font-family:calibri;mso-bidi-font-family:\"times=\"\" new=\"\" roman\";=\"\" mso-ansi-language:en-us;mso-fareast-language:en-us;mso-bidi-language:ar-sa\"=\"\" style=\"font-size: 11pt;\"> </span><span nirmala=\"\" ui\",\"sans-serif\";mso-fareast-font-family:=\"\" calibri;mso-ansi-language:en-us;mso-fareast-language:en-us;mso-bidi-language:=\"\" ar-sa\"=\"\" style=\"font-size: 11pt;\">নামে</span><span calibri\",\"sans-serif\";=\"\" mso-fareast-font-family:calibri;mso-bidi-font-family:\"times=\"\" new=\"\" roman\";=\"\" mso-ansi-language:en-us;mso-fareast-language:en-us;mso-bidi-language:ar-sa\"=\"\" style=\"font-size: 11pt;\"> </span><span nirmala=\"\" ui\",\"sans-serif\";mso-fareast-font-family:=\"\" calibri;mso-ansi-language:en-us;mso-fareast-language:en-us;mso-bidi-language:=\"\" ar-sa\"=\"\" style=\"font-size: 11pt;\">লেজার</span><span calibri\",\"sans-serif\";=\"\" mso-fareast-font-family:calibri;mso-bidi-font-family:\"times=\"\" new=\"\" roman\";=\"\" mso-ansi-language:en-us;mso-fareast-language:en-us;mso-bidi-language:ar-sa\"=\"\" style=\"font-size: 11pt;\"> </span><span nirmala=\"\" ui\",\"sans-serif\";mso-fareast-font-family:=\"\" calibri;mso-ansi-language:en-us;mso-fareast-language:en-us;mso-bidi-language:=\"\" ar-sa\"=\"\" style=\"font-size: 11pt;\">ওপেন</span><span calibri\",\"sans-serif\";=\"\" mso-fareast-font-family:calibri;mso-bidi-font-family:\"times=\"\" new=\"\" roman\";=\"\" mso-ansi-language:en-us;mso-fareast-language:en-us;mso-bidi-language:ar-sa\"=\"\" style=\"font-size: 11pt;\"> </span><span nirmala=\"\" ui\",\"sans-serif\";mso-fareast-font-family:=\"\" calibri;mso-ansi-language:en-us;mso-fareast-language:en-us;mso-bidi-language:=\"\" ar-sa\"=\"\" style=\"font-size: 11pt;\">হয়ে</span><span calibri\",\"sans-serif\";=\"\" mso-fareast-font-family:calibri;mso-bidi-font-family:\"times=\"\" new=\"\" roman\";=\"\" mso-ansi-language:en-us;mso-fareast-language:en-us;mso-bidi-language:ar-sa\"=\"\" style=\"font-size: 11pt;\"> </span><span nirmala=\"\" ui\",\"sans-serif\";mso-fareast-font-family:=\"\" calibri;mso-ansi-language:en-us;mso-fareast-language:en-us;mso-bidi-language:=\"\" ar-sa\"=\"\" style=\"font-size: 11pt;\">যাবে</span><span calibri\",\"sans-serif\";=\"\" mso-fareast-font-family:calibri;mso-bidi-font-family:\"times=\"\" new=\"\" roman\";=\"\" mso-ansi-language:en-us;mso-fareast-language:en-us;mso-bidi-language:ar-sa\"=\"\" style=\"font-size: 11pt;\"> </span><span nirmala=\"\" ui\",\"sans-serif\";mso-fareast-font-family:=\"\" calibri;mso-ansi-language:en-us;mso-fareast-language:en-us;mso-bidi-language:=\"\" ar-sa\"=\"\" style=\"font-size: 11pt;\">এবং</span><span calibri\",\"sans-serif\";=\"\" mso-fareast-font-family:calibri;mso-bidi-font-family:\"times=\"\" new=\"\" roman\";=\"\" mso-ansi-language:en-us;mso-fareast-language:en-us;mso-bidi-language:ar-sa\"=\"\" style=\"font-size: 11pt;\"> </span><span nirmala=\"\" ui\",\"sans-serif\";mso-fareast-font-family:=\"\" calibri;mso-ansi-language:en-us;mso-fareast-language:en-us;mso-bidi-language:=\"\" ar-sa\"=\"\" style=\"font-size: 11pt;\">বাকীর</span><span calibri\",\"sans-serif\";=\"\" mso-fareast-font-family:calibri;mso-bidi-font-family:\"times=\"\" new=\"\" roman\";=\"\" mso-ansi-language:en-us;mso-fareast-language:en-us;mso-bidi-language:ar-sa\"=\"\" style=\"font-size: 11pt;\"> </span><span nirmala=\"\" ui\",\"sans-serif\";mso-fareast-font-family:=\"\" calibri;mso-ansi-language:en-us;mso-fareast-language:en-us;mso-bidi-language:=\"\" ar-sa\"=\"\" style=\"font-size: 11pt;\">সকল</span><span calibri\",\"sans-serif\";=\"\" mso-fareast-font-family:calibri;mso-bidi-font-family:\"times=\"\" new=\"\" roman\";=\"\" mso-ansi-language:en-us;mso-fareast-language:en-us;mso-bidi-language:ar-sa\"=\"\" style=\"font-size: 11pt;\"> </span><span nirmala=\"\" ui\",\"sans-serif\";mso-fareast-font-family:=\"\" calibri;mso-ansi-language:en-us;mso-fareast-language:en-us;mso-bidi-language:=\"\" ar-sa\"=\"\" style=\"font-size: 11pt;\">তথ্য</span><span calibri\",\"sans-serif\";=\"\" mso-fareast-font-family:calibri;mso-bidi-font-family:\"times=\"\" new=\"\" roman\";=\"\" mso-ansi-language:en-us;mso-fareast-language:en-us;mso-bidi-language:ar-sa\"=\"\" style=\"font-size: 11pt;\"> </span><span nirmala=\"\" ui\",\"sans-serif\";mso-fareast-font-family:=\"\" calibri;mso-ansi-language:en-us;mso-fareast-language:en-us;mso-bidi-language:=\"\" ar-sa\"=\"\" style=\"font-size: 11pt;\">স্বয়ংক্রিয়ভাবে</span><span calibri\",\"sans-serif\";=\"\" mso-fareast-font-family:calibri;mso-bidi-font-family:\"times=\"\" new=\"\" roman\";=\"\" mso-ansi-language:en-us;mso-fareast-language:en-us;mso-bidi-language:ar-sa\"=\"\" style=\"font-size: 11pt;\"> </span><span nirmala=\"\" ui\",\"sans-serif\";mso-fareast-font-family:=\"\" calibri;mso-ansi-language:en-us;mso-fareast-language:en-us;mso-bidi-language:=\"\" ar-sa\"=\"\" style=\"font-size: 11pt;\">ঐ</span><span calibri\",\"sans-serif\";=\"\" mso-fareast-font-family:calibri;mso-bidi-font-family:\"times=\"\" new=\"\" roman\";=\"\" mso-ansi-language:en-us;mso-fareast-language:en-us;mso-bidi-language:ar-sa\"=\"\" style=\"font-size: 11pt;\"> </span><span nirmala=\"\" ui\",\"sans-serif\";mso-fareast-font-family:=\"\" calibri;mso-ansi-language:en-us;mso-fareast-language:en-us;mso-bidi-language:=\"\" ar-sa\"=\"\" style=\"font-size: 11pt;\">লেজারে</span><span calibri\",\"sans-serif\";=\"\" mso-fareast-font-family:calibri;mso-bidi-font-family:\"times=\"\" new=\"\" roman\";=\"\" mso-ansi-language:en-us;mso-fareast-language:en-us;mso-bidi-language:ar-sa\"=\"\" style=\"font-size: 11pt;\"> </span><span nirmala=\"\" ui\",\"sans-serif\";mso-fareast-font-family:=\"\" calibri;mso-ansi-language:en-us;mso-fareast-language:en-us;mso-bidi-language:=\"\" ar-sa\"=\"\" style=\"font-size: 11pt;\">রেকর্ড</span><span calibri\",\"sans-serif\";=\"\" mso-fareast-font-family:calibri;mso-bidi-font-family:\"times=\"\" new=\"\" roman\";=\"\" mso-ansi-language:en-us;mso-fareast-language:en-us;mso-bidi-language:ar-sa\"=\"\" style=\"font-size: 11pt;\"> </span><span nirmala=\"\" ui\",\"sans-serif\";mso-fareast-font-family:=\"\" calibri;mso-ansi-language:en-us;mso-fareast-language:en-us;mso-bidi-language:=\"\" ar-sa\"=\"\" style=\"font-size: 11pt;\">হয়ে</span><span calibri\",\"sans-serif\";=\"\" mso-fareast-font-family:calibri;mso-bidi-font-family:\"times=\"\" new=\"\" roman\";=\"\" mso-ansi-language:en-us;mso-fareast-language:en-us;mso-bidi-language:ar-sa\"=\"\" style=\"font-size: 11pt;\"> </span><span nirmala=\"\" ui\",\"sans-serif\";mso-fareast-font-family:=\"\" calibri;mso-ansi-language:en-us;mso-fareast-language:en-us;mso-bidi-language:=\"\" ar-sa\"=\"\" style=\"font-size: 11pt;\">থাকবে।</span><span calibri\",\"sans-serif\";=\"\" mso-fareast-font-family:calibri;mso-bidi-font-family:\"times=\"\" new=\"\" roman\";=\"\" mso-ansi-language:en-us;mso-fareast-language:en-us;mso-bidi-language:ar-sa\"=\"\" style=\"font-size: 11pt;\"> </span><span nirmala=\"\" ui\",\"sans-serif\";mso-fareast-font-family:=\"\" calibri;mso-ansi-language:en-us;mso-fareast-language:en-us;mso-bidi-language:=\"\" ar-sa\"=\"\" style=\"font-size: 11pt;\">সাপ্লায়ারের</span><span calibri\",\"sans-serif\";=\"\" mso-fareast-font-family:calibri;mso-bidi-font-family:\"times=\"\" new=\"\" roman\";=\"\" mso-ansi-language:en-us;mso-fareast-language:en-us;mso-bidi-language:ar-sa\"=\"\" style=\"font-size: 11pt;\"> </span><span nirmala=\"\" ui\",\"sans-serif\";mso-fareast-font-family:=\"\" calibri;mso-ansi-language:en-us;mso-fareast-language:en-us;mso-bidi-language:=\"\" ar-sa\"=\"\" style=\"font-size: 11pt;\">যাবতীয়</span><span calibri\",\"sans-serif\";=\"\" mso-fareast-font-family:calibri;mso-bidi-font-family:\"times=\"\" new=\"\" roman\";=\"\" mso-ansi-language:en-us;mso-fareast-language:en-us;mso-bidi-language:ar-sa\"=\"\" style=\"font-size: 11pt;\"> </span><span nirmala=\"\" ui\",\"sans-serif\";mso-fareast-font-family:=\"\" calibri;mso-ansi-language:en-us;mso-fareast-language:en-us;mso-bidi-language:=\"\" ar-sa\"=\"\" style=\"font-size: 11pt;\">বাকীর</span><span calibri\",\"sans-serif\";=\"\" mso-fareast-font-family:calibri;mso-bidi-font-family:\"times=\"\" new=\"\" roman\";=\"\" mso-ansi-language:en-us;mso-fareast-language:en-us;mso-bidi-language:ar-sa\"=\"\" style=\"font-size: 11pt;\"> </span><span nirmala=\"\" ui\",\"sans-serif\";mso-fareast-font-family:=\"\" calibri;mso-ansi-language:en-us;mso-fareast-language:en-us;mso-bidi-language:=\"\" ar-sa\"=\"\" style=\"font-size: 11pt;\">হিসাব</span><span calibri\",\"sans-serif\";=\"\" mso-fareast-font-family:calibri;mso-bidi-font-family:\"times=\"\" new=\"\" roman\";=\"\" mso-ansi-language:en-us;mso-fareast-language:en-us;mso-bidi-language:ar-sa\"=\"\" style=\"font-size: 11pt;\"> </span><span nirmala=\"\" ui\",\"sans-serif\";mso-fareast-font-family:=\"\" calibri;mso-ansi-language:en-us;mso-fareast-language:en-us;mso-bidi-language:=\"\" ar-sa\"=\"\" style=\"font-size: 11pt;\">এখান</span><span calibri\",\"sans-serif\";=\"\" mso-fareast-font-family:calibri;mso-bidi-font-family:\"times=\"\" new=\"\" roman\";=\"\" mso-ansi-language:en-us;mso-fareast-language:en-us;mso-bidi-language:ar-sa\"=\"\" style=\"font-size: 11pt;\"> </span><span nirmala=\"\" ui\",\"sans-serif\";mso-fareast-font-family:=\"\" calibri;mso-ansi-language:en-us;mso-fareast-language:en-us;mso-bidi-language:=\"\" ar-sa\"=\"\" style=\"font-size: 11pt;\">থেকে</span><span calibri\",\"sans-serif\";=\"\" mso-fareast-font-family:calibri;mso-bidi-font-family:\"times=\"\" new=\"\" roman\";=\"\" mso-ansi-language:en-us;mso-fareast-language:en-us;mso-bidi-language:ar-sa\"=\"\" style=\"font-size: 11pt;\"> </span><span nirmala=\"\" ui\",\"sans-serif\";mso-fareast-font-family:=\"\" calibri;mso-ansi-language:en-us;mso-fareast-language:en-us;mso-bidi-language:=\"\" ar-sa\"=\"\" style=\"font-size: 11pt;\">মেইনটেইন</span><span calibri\",\"sans-serif\";=\"\" mso-fareast-font-family:calibri;mso-bidi-font-family:\"times=\"\" new=\"\" roman\";=\"\" mso-ansi-language:en-us;mso-fareast-language:en-us;mso-bidi-language:ar-sa\"=\"\" style=\"font-size: 11pt;\"> </span><span nirmala=\"\" ui\",\"sans-serif\";mso-fareast-font-family:=\"\" calibri;mso-ansi-language:en-us;mso-fareast-language:en-us;mso-bidi-language:=\"\" ar-sa\"=\"\" style=\"font-size: 11pt;\">করতে</span><span calibri\",\"sans-serif\";=\"\" mso-fareast-font-family:calibri;mso-bidi-font-family:\"times=\"\" new=\"\" roman\";=\"\" mso-ansi-language:en-us;mso-fareast-language:en-us;mso-bidi-language:ar-sa\"=\"\" style=\"font-size: 11pt;\"> </span><span nirmala=\"\" ui\",\"sans-serif\";mso-fareast-font-family:=\"\" calibri;mso-ansi-language:en-us;mso-fareast-language:en-us;mso-bidi-language:=\"\" ar-sa\"=\"\" style=\"font-size: 11pt;\">পারবেন।</span></p>', '2023-08-16 07:21:33', '2023-08-16 07:25:59'),
(13, 'images/package/1774369454290745.jpg', 'ফিচার সমূহ', '<p class=\"MsoNormal\"><span style=\"font-family:\" nirmala=\"\" ui\",\"sans-serif\"\"=\"\">রিটার্ন</span></p><p class=\"MsoNormal\"><span style=\"font-family:\" nirmala=\"\" ui\",\"sans-serif\"\"=\"\">এক</span>\r\n<span style=\"font-family:\" nirmala=\"\" ui\",\"sans-serif\"\"=\"\">ক্লিকেই</span> <span style=\"font-family:\" nirmala=\"\" ui\",\"sans-serif\"\"=\"\">কাস্টমার</span> <span style=\"font-family:\" nirmala=\"\" ui\",\"sans-serif\"\"=\"\">এবং</span> <span style=\"font-family:\" nirmala=\"\" ui\",\"sans-serif\"\"=\"\">সাপ্লায়ারের</span> <span style=\"font-family:\" nirmala=\"\" ui\",\"sans-serif\"\"=\"\">পণ্য</span> <span style=\"font-family:\" nirmala=\"\" ui\",\"sans-serif\"\"=\"\">রিটার্ন</span> <span style=\"font-family:\" nirmala=\"\" ui\",\"sans-serif\"\"=\"\">করতে</span> <span style=\"font-family:\" nirmala=\"\" ui\",\"sans-serif\"\"=\"\">পারবেন</span> <span style=\"font-family:\" nirmala=\"\" ui\",\"sans-serif\"\"=\"\">যা</span> <span style=\"font-family:\r\n\" nirmala=\"\" ui\",\"sans-serif\"\"=\"\">স্বয়ংক্রিয়ভাবে</span> <span style=\"font-family:\r\n\" nirmala=\"\" ui\",\"sans-serif\"\"=\"\">কাস্টমার</span> <span style=\"font-family:\" nirmala=\"\" ui\",\"sans-serif\"\"=\"\">এবং</span>\r\n<span style=\"font-family:\" nirmala=\"\" ui\",\"sans-serif\"\"=\"\">সাপ্লায়ারের</span> <span style=\"font-family:\" nirmala=\"\" ui\",\"sans-serif\"\"=\"\">লেজারে</span> <span style=\"font-family:\" nirmala=\"\" ui\",\"sans-serif\"\"=\"\">রেকর্ড</span> <span style=\"font-family:\" nirmala=\"\" ui\",\"sans-serif\"\"=\"\">হয়ে</span> <span style=\"font-family:\" nirmala=\"\" ui\",\"sans-serif\"\"=\"\">থাকবে।</span> </p><p class=\"MsoNormal\"><o:p>&nbsp;</o:p><span nirmala=\"\" ui\",\"sans-serif\"\"=\"\" style=\"font-size: 1rem;\">ইনকাম</span><span style=\"font-size: 1rem;\">/</span><span nirmala=\"\" ui\",\"sans-serif\"\"=\"\" style=\"font-size: 1rem;\">আয়</span></p><p class=\"MsoNormal\"><span style=\"font-family:\" nirmala=\"\" ui\",\"sans-serif\"\"=\"\">বিক্রি</span>\r\n<span style=\"font-family:\" nirmala=\"\" ui\",\"sans-serif\"\"=\"\">ছাড়াও</span> <span style=\"font-family:\" nirmala=\"\" ui\",\"sans-serif\"\"=\"\">ব্যবসায়</span> <span style=\"font-family:\" nirmala=\"\" ui\",\"sans-serif\"\"=\"\">অন্য</span> <span style=\"font-family:\" nirmala=\"\" ui\",\"sans-serif\"\"=\"\">কোন</span> <span style=\"font-family:\" nirmala=\"\" ui\",\"sans-serif\"\"=\"\">ইনকাম</span> <span style=\"font-family:\" nirmala=\"\" ui\",\"sans-serif\"\"=\"\">এখানে</span> <span style=\"font-family:\" nirmala=\"\" ui\",\"sans-serif\"\"=\"\">এন্ট্রি</span> <span style=\"font-family:\" nirmala=\"\" ui\",\"sans-serif\"\"=\"\">দিতে</span> <span style=\"font-family:\" nirmala=\"\" ui\",\"sans-serif\"\"=\"\">পারবেন।</span> <span style=\"font-family:\" nirmala=\"\" ui\",\"sans-serif\"\"=\"\">আপনার</span> <span style=\"font-family:\" nirmala=\"\" ui\",\"sans-serif\"\"=\"\">ব্যবসার</span> <span style=\"font-family:\" nirmala=\"\" ui\",\"sans-serif\"\"=\"\">বিক্রিসহ</span> <span style=\"font-family:\" nirmala=\"\" ui\",\"sans-serif\"\"=\"\">যাবতীয়</span> <span style=\"font-family:\" nirmala=\"\" ui\",\"sans-serif\"\"=\"\">ইনকাম</span> <span style=\"font-family:\" nirmala=\"\" ui\",\"sans-serif\"\"=\"\">এখানে</span> <span style=\"font-family:\" nirmala=\"\" ui\",\"sans-serif\"\"=\"\">দেখতে</span> <span style=\"font-family:\" nirmala=\"\" ui\",\"sans-serif\"\"=\"\">পারবেন</span> <span style=\"font-family:\" nirmala=\"\" ui\",\"sans-serif\"\"=\"\">এবং</span> <span style=\"font-family:\" nirmala=\"\" ui\",\"sans-serif\"\"=\"\">মেইনটেইন</span> <span style=\"font-family:\" nirmala=\"\" ui\",\"sans-serif\"\"=\"\">করতে</span> <span style=\"font-family:\" nirmala=\"\" ui\",\"sans-serif\"\"=\"\">পারবেন।</span> </p><p class=\"MsoNormal\"><o:p>&nbsp;</o:p><span nirmala=\"\" ui\",\"sans-serif\"\"=\"\" style=\"font-size: 1rem;\">এক্সপেন্স</span><span style=\"font-size: 1rem;\">/</span><span nirmala=\"\" ui\",\"sans-serif\"\"=\"\" style=\"font-size: 1rem;\">ব্যায়</span></p><p>\r\n\r\n\r\n\r\n\r\n\r\n\r\n\r\n\r\n\r\n\r\n\r\n\r\n\r\n</p><p class=\"MsoNormal\"><span style=\"font-family:\" nirmala=\"\" ui\",\"sans-serif\"\"=\"\">ক্রয়</span>\r\n<span style=\"font-family:\" nirmala=\"\" ui\",\"sans-serif\"\"=\"\">ছাড়াও</span> <span style=\"font-family:\" nirmala=\"\" ui\",\"sans-serif\"\"=\"\">ব্যবসার</span> <span style=\"font-family:\" nirmala=\"\" ui\",\"sans-serif\"\"=\"\">অন্য</span> <span style=\"font-family:\" nirmala=\"\" ui\",\"sans-serif\"\"=\"\">কোন</span> <span style=\"font-family:\" nirmala=\"\" ui\",\"sans-serif\"\"=\"\">ব্যায়</span> <span style=\"font-family:\" nirmala=\"\" ui\",\"sans-serif\"\"=\"\">যেমন</span>— <span style=\"font-family:\" nirmala=\"\" ui\",\"sans-serif\"\"=\"\">ভাড়া</span>, <span style=\"font-family:\" nirmala=\"\" ui\",\"sans-serif\"\"=\"\">কর্মচারীর</span> <span style=\"font-family:\" nirmala=\"\" ui\",\"sans-serif\"\"=\"\">বেতনসহ</span> <span style=\"font-family:\" nirmala=\"\" ui\",\"sans-serif\"\"=\"\">অন্যান্য</span> <span style=\"font-family:\" nirmala=\"\" ui\",\"sans-serif\"\"=\"\">সকল</span> <span style=\"font-family:\" nirmala=\"\" ui\",\"sans-serif\"\"=\"\">ব্যায়</span> <span style=\"font-family:\" nirmala=\"\" ui\",\"sans-serif\"\"=\"\">এখানে</span> <span style=\"font-family:\" nirmala=\"\" ui\",\"sans-serif\"\"=\"\">এন্ট্রি</span> <span style=\"font-family:\" nirmala=\"\" ui\",\"sans-serif\"\"=\"\">দিতে</span> <span style=\"font-family:\" nirmala=\"\" ui\",\"sans-serif\"\"=\"\">পারবেন।</span> <span style=\"font-family:\" nirmala=\"\" ui\",\"sans-serif\"\"=\"\">আপনার</span> <span style=\"font-family:\" nirmala=\"\" ui\",\"sans-serif\"\"=\"\">ব্যবসার</span> <span style=\"font-family:\" nirmala=\"\" ui\",\"sans-serif\"\"=\"\">ক্রয়সহ</span> <span style=\"font-family:\" nirmala=\"\" ui\",\"sans-serif\"\"=\"\">যাবতীয়</span> <span style=\"font-family:\" nirmala=\"\" ui\",\"sans-serif\"\"=\"\">ব্যায়</span> <span style=\"font-family:\" nirmala=\"\" ui\",\"sans-serif\"\"=\"\">এখানে</span> <span style=\"font-family:\" nirmala=\"\" ui\",\"sans-serif\"\"=\"\">দেখতে</span> <span style=\"font-family:\" nirmala=\"\" ui\",\"sans-serif\"\"=\"\">পারবেন</span> <span style=\"font-family:\" nirmala=\"\" ui\",\"sans-serif\"\"=\"\">এবং</span> <span style=\"font-family:\" nirmala=\"\" ui\",\"sans-serif\"\"=\"\">মেইনটেইন</span> <span style=\"font-family:\" nirmala=\"\" ui\",\"sans-serif\"\"=\"\">করতে</span> <span style=\"font-family:\" nirmala=\"\" ui\",\"sans-serif\"\"=\"\">পারবেন।</span> </p>', '2023-08-16 07:22:56', '2023-08-16 07:25:40');
INSERT INTO `app_features` (`id`, `image`, `name`, `details`, `created_at`, `updated_at`) VALUES
(14, 'images/package/1774369537528877.jpg', 'ফিচার সমূহ', '<p class=\"MsoNormal\"><span style=\"font-family:&quot;Nirmala UI&quot;,&quot;sans-serif&quot;\">অ্যাকাউন্টস</span></p><p class=\"MsoNormal\"><span style=\"font-family:&quot;Nirmala UI&quot;,&quot;sans-serif&quot;\">আপনার</span>\r\n<span style=\"font-family:&quot;Nirmala UI&quot;,&quot;sans-serif&quot;\">অ্যাকাউন্টে</span> <span style=\"font-family:&quot;Nirmala UI&quot;,&quot;sans-serif&quot;\">যেমন</span>— <span style=\"font-family:&quot;Nirmala UI&quot;,&quot;sans-serif&quot;\">ক্যাশ</span>, <span style=\"font-family:&quot;Nirmala UI&quot;,&quot;sans-serif&quot;\">বিকাশ</span>, <span style=\"font-family:&quot;Nirmala UI&quot;,&quot;sans-serif&quot;\">ব্যাংকে</span> <span style=\"font-family:&quot;Nirmala UI&quot;,&quot;sans-serif&quot;\">কত</span> <span style=\"font-family:\r\n&quot;Nirmala UI&quot;,&quot;sans-serif&quot;\">টাকা</span> <span style=\"font-family:&quot;Nirmala UI&quot;,&quot;sans-serif&quot;\">আছে</span>\r\n<span style=\"font-family:&quot;Nirmala UI&quot;,&quot;sans-serif&quot;\">তা</span> <span style=\"font-family:&quot;Nirmala UI&quot;,&quot;sans-serif&quot;\">স্বয়ংক্রিয়ভাবে</span> <span style=\"font-family:&quot;Nirmala UI&quot;,&quot;sans-serif&quot;\">হিসাব</span> <span style=\"font-family:&quot;Nirmala UI&quot;,&quot;sans-serif&quot;\">হবে</span> <span style=\"font-family:&quot;Nirmala UI&quot;,&quot;sans-serif&quot;\">আপনি</span> <span style=\"font-family:&quot;Nirmala UI&quot;,&quot;sans-serif&quot;\">তা</span> <span style=\"font-family:\r\n&quot;Nirmala UI&quot;,&quot;sans-serif&quot;\">দেখতে</span> <span style=\"font-family:&quot;Nirmala UI&quot;,&quot;sans-serif&quot;\">পারবেন।</span>\r\n<span style=\"font-family:&quot;Nirmala UI&quot;,&quot;sans-serif&quot;\">এছাড়াও</span> <span style=\"font-family:&quot;Nirmala UI&quot;,&quot;sans-serif&quot;\">দৈনিক</span>, <span style=\"font-family:&quot;Nirmala UI&quot;,&quot;sans-serif&quot;\">সাপ্তাহিক</span>, <span style=\"font-family:&quot;Nirmala UI&quot;,&quot;sans-serif&quot;\">মাসিক</span>, <span style=\"font-family:&quot;Nirmala UI&quot;,&quot;sans-serif&quot;\">বাৎসরিক</span> <span style=\"font-family:&quot;Nirmala UI&quot;,&quot;sans-serif&quot;\">সহ</span> <span style=\"font-family:\r\n&quot;Nirmala UI&quot;,&quot;sans-serif&quot;\">যেকোন</span> <span style=\"font-family:&quot;Nirmala UI&quot;,&quot;sans-serif&quot;\">টাইম</span>\r\n<span style=\"font-family:&quot;Nirmala UI&quot;,&quot;sans-serif&quot;\">পিরিয়ডের</span> <span style=\"font-family:&quot;Nirmala UI&quot;,&quot;sans-serif&quot;\">লাভ</span> <span style=\"font-family:&quot;Nirmala UI&quot;,&quot;sans-serif&quot;\">ক্ষতির</span> <span style=\"font-family:&quot;Nirmala UI&quot;,&quot;sans-serif&quot;\">চিত্র</span> <span style=\"font-family:&quot;Nirmala UI&quot;,&quot;sans-serif&quot;\">দেখতে</span> <span style=\"font-family:&quot;Nirmala UI&quot;,&quot;sans-serif&quot;\">পারবেন।</span> </p><p class=\"MsoNormal\"><span style=\"font-family:&quot;Nirmala UI&quot;,&quot;sans-serif&quot;\">ডে</span>—<span style=\"font-family:&quot;Nirmala UI&quot;,&quot;sans-serif&quot;\">বুক</span> </p><p class=\"MsoNormal\"><span style=\"font-family:&quot;Nirmala UI&quot;,&quot;sans-serif&quot;\">এখানে</span>\r\n<span style=\"font-family:&quot;Nirmala UI&quot;,&quot;sans-serif&quot;\">আপনার</span> <span style=\"font-family:&quot;Nirmala UI&quot;,&quot;sans-serif&quot;\">ব্যবসার</span> <span style=\"font-family:&quot;Nirmala UI&quot;,&quot;sans-serif&quot;\">প্রতিদিনের</span> <span style=\"font-family:&quot;Nirmala UI&quot;,&quot;sans-serif&quot;\">লেনদেন</span> <span style=\"font-family:&quot;Nirmala UI&quot;,&quot;sans-serif&quot;\">চিত্র</span> <span style=\"font-family:&quot;Nirmala UI&quot;,&quot;sans-serif&quot;\">যেমন</span>— <span style=\"font-family:&quot;Nirmala UI&quot;,&quot;sans-serif&quot;\">ক্রয়</span>, <span style=\"font-family:&quot;Nirmala UI&quot;,&quot;sans-serif&quot;\">বিক্রয়</span>, <span style=\"font-family:&quot;Nirmala UI&quot;,&quot;sans-serif&quot;\">বাকী</span>, <span style=\"font-family:&quot;Nirmala UI&quot;,&quot;sans-serif&quot;\">রিটার্ন</span>, <span style=\"font-family:&quot;Nirmala UI&quot;,&quot;sans-serif&quot;\">আয়</span>—<span style=\"font-family:&quot;Nirmala UI&quot;,&quot;sans-serif&quot;\">ব্যায়</span> <span style=\"font-family:&quot;Nirmala UI&quot;,&quot;sans-serif&quot;\">ইত্যাদি</span> <span style=\"font-family:&quot;Nirmala UI&quot;,&quot;sans-serif&quot;\">স্বয়ংক্রিয়ভাবে</span> <span style=\"font-family:&quot;Nirmala UI&quot;,&quot;sans-serif&quot;\">তৈরি</span> <span style=\"font-family:&quot;Nirmala UI&quot;,&quot;sans-serif&quot;\">হয়ে</span> <span style=\"font-family:&quot;Nirmala UI&quot;,&quot;sans-serif&quot;\">থাকবে</span> <span style=\"font-family:&quot;Nirmala UI&quot;,&quot;sans-serif&quot;\">যা</span> <span style=\"font-family:\r\n&quot;Nirmala UI&quot;,&quot;sans-serif&quot;\">আপনি</span> <span style=\"font-family:&quot;Nirmala UI&quot;,&quot;sans-serif&quot;\">দেখতে</span>\r\n<span style=\"font-family:&quot;Nirmala UI&quot;,&quot;sans-serif&quot;\">পারবেন।</span> </p><p class=\"MsoNormal\"><o:p>&nbsp;</o:p><span style=\"font-family: &quot;Nirmala UI&quot;, &quot;sans-serif&quot;; font-size: 1rem;\">ড্যাশবোর্ড</span></p><p class=\"MsoNormal\"><span style=\"font-family:&quot;Nirmala UI&quot;,&quot;sans-serif&quot;\">এখানে</span>\r\n<span style=\"font-family:&quot;Nirmala UI&quot;,&quot;sans-serif&quot;\">আপনার</span> <span style=\"font-family:&quot;Nirmala UI&quot;,&quot;sans-serif&quot;\">ব্যবসার</span> <span style=\"font-family:&quot;Nirmala UI&quot;,&quot;sans-serif&quot;\">সার্বিক</span> <span style=\"font-family:&quot;Nirmala UI&quot;,&quot;sans-serif&quot;\">চিত্র</span> <span style=\"font-family:&quot;Nirmala UI&quot;,&quot;sans-serif&quot;\">দেখতে</span> <span style=\"font-family:&quot;Nirmala UI&quot;,&quot;sans-serif&quot;\">পারবেন।</span> </p><p class=\"MsoNormal\"><o:p>&nbsp;</o:p></p><p class=\"MsoNormal\"><o:p>&nbsp;</o:p></p><p class=\"MsoNormal\"><o:p>&nbsp;</o:p></p><p>\r\n\r\n\r\n\r\n\r\n\r\n\r\n\r\n\r\n\r\n\r\n\r\n\r\n\r\n\r\n\r\n\r\n\r\n\r\n\r\n</p><p class=\"MsoNormal\"><o:p>&nbsp;</o:p></p>', '2023-08-16 07:24:15', '2023-08-16 07:24:15');

-- --------------------------------------------------------

--
-- Table structure for table `balance_transfers`
--

CREATE TABLE `balance_transfers` (
  `id` bigint(20) UNSIGNED NOT NULL,
  `user_id` bigint(20) UNSIGNED NOT NULL,
  `transfer_date` date DEFAULT NULL,
  `amount` decimal(8,2) NOT NULL,
  `sender_account` varchar(255) NOT NULL,
  `receiver_account` varchar(255) NOT NULL,
  `voucher_image` varchar(255) DEFAULT NULL,
  `voucher_no` varchar(255) DEFAULT NULL,
  `transfer_person` varchar(255) DEFAULT NULL,
  `note` varchar(255) DEFAULT NULL,
  `created_at` timestamp NULL DEFAULT NULL,
  `updated_at` timestamp NULL DEFAULT NULL
) ENGINE=InnoDB DEFAULT CHARSET=utf8mb4 COLLATE=utf8mb4_unicode_ci;

--
-- Dumping data for table `balance_transfers`
--

INSERT INTO `balance_transfers` (`id`, `user_id`, `transfer_date`, `amount`, `sender_account`, `receiver_account`, `voucher_image`, `voucher_no`, `transfer_person`, `note`, `created_at`, `updated_at`) VALUES
(1, 4, '2022-11-28', 1234.00, '2', '1', NULL, '45234', 'sales man naem', 'supplier er kas theke amount nisi', '2022-12-01 12:40:00', '2023-02-22 20:24:51'),
(3, 5, '2023-02-22', 90.00, '1', '3', NULL, NULL, 'Md Hafiz Al Foisal - 2', NULL, '2023-02-22 18:25:49', '2023-02-25 22:06:40'),
(4, 5, '2023-02-22', 100.00, '3', '1', NULL, NULL, NULL, NULL, '2023-02-22 19:46:24', '2023-02-22 19:46:24'),
(5, 5, '2023-02-22', 2.00, '2', '1', NULL, NULL, NULL, NULL, '2023-02-22 19:46:54', '2023-02-22 19:46:54'),
(6, 5, '2023-02-22', 5.00, '2', '1', NULL, NULL, NULL, NULL, '2023-02-22 19:47:04', '2023-02-22 19:47:04'),
(7, 5, '2023-02-22', 2.00, '2', '1', NULL, NULL, NULL, NULL, '2023-02-22 19:47:15', '2023-02-22 19:47:15'),
(8, 5, '2023-02-22', 2.00, '1', '2', NULL, NULL, NULL, NULL, '2023-02-22 19:47:33', '2023-02-22 19:47:33'),
(9, 5, '2023-02-22', 4.00, '1', '2', NULL, NULL, NULL, NULL, '2023-02-22 19:47:43', '2023-02-22 19:47:43'),
(10, 5, '2023-02-22', 1.00, '3', '1', NULL, NULL, NULL, NULL, '2023-02-22 19:47:53', '2023-02-22 19:47:53'),
(11, 5, '2023-02-22', 3.00, '2', '3', NULL, NULL, NULL, NULL, '2023-02-22 19:48:03', '2023-02-22 19:48:03'),
(12, 5, '2023-02-22', 2.00, '3', '2', NULL, NULL, NULL, NULL, '2023-02-22 19:48:12', '2023-02-22 19:48:12'),
(13, 5, '2023-02-22', 3.00, '1', '1', NULL, NULL, NULL, NULL, '2023-02-22 19:48:33', '2023-02-22 19:48:33'),
(14, 5, '2023-02-22', 6.00, '1', '1', NULL, NULL, NULL, NULL, '2023-02-22 19:48:41', '2023-02-22 19:48:41'),
(15, 5, '2023-02-22', 9.00, '2', '1', NULL, NULL, NULL, NULL, '2023-02-22 19:48:51', '2023-02-22 19:48:51'),
(16, 5, '2023-02-22', 8.00, '2', '2', NULL, NULL, NULL, NULL, '2023-02-22 19:49:00', '2023-02-22 19:49:00'),
(17, 5, '2023-02-22', 5.00, '3', '2', NULL, NULL, NULL, NULL, '2023-02-22 19:49:11', '2023-02-22 19:49:11'),
(18, 5, '2023-02-22', 5.00, '3', '3', NULL, NULL, NULL, NULL, '2023-02-22 19:49:22', '2023-02-22 19:49:22'),
(19, 5, '2023-02-22', 2.00, '1', '1', NULL, NULL, NULL, NULL, '2023-02-22 20:18:34', '2023-02-22 20:18:34'),
(20, 5, '2023-02-22', 22.00, '1', '2', NULL, NULL, NULL, NULL, '2023-02-22 20:18:47', '2023-02-22 20:30:25'),
(21, 5, '2023-02-23', 200.00, '1', '3', NULL, NULL, NULL, NULL, '2023-02-23 07:50:19', '2023-02-23 07:50:19'),
(22, 5, '2022-11-28', 123466.00, '1', '1', NULL, 'Al Foisal', 'sales man name', 'supplier er kas theke amount nisi', '2023-02-23 08:21:17', '2023-02-23 08:21:17'),
(23, 5, '2022-11-28', 123466.00, '1', '1', NULL, 'Al Foisal', 'sales man name', 'supplier er kas theke amount nisi', '2023-02-23 08:21:21', '2023-02-23 08:21:21'),
(24, 5, '2022-11-28', 123466.00, '1', '1', NULL, 'Al Foisal', 'sales man name', 'supplier er kas theke amount nisi', '2023-02-23 08:21:23', '2023-02-23 08:21:23'),
(25, 67, '2023-05-21', 10000.00, '1', '2', NULL, NULL, NULL, NULL, '2023-05-22 03:08:09', '2023-05-22 03:08:09'),
(26, 71, '2023-05-26', 3000.00, '2', '1', NULL, NULL, NULL, NULL, '2023-05-26 13:08:02', '2023-05-26 13:08:02'),
(27, 65, '2023-06-18', 1000.00, '17', '1', NULL, NULL, 'Admin', NULL, '2023-06-18 17:03:07', '2023-06-23 05:34:21'),
(28, 65, '2023-06-23', 0.00, '2', '1', NULL, NULL, NULL, NULL, '2023-06-23 05:35:03', '2023-06-23 05:35:42'),
(29, 65, '2023-07-22', 1450.00, '2', '1', NULL, NULL, NULL, NULL, '2023-07-22 11:37:49', '2023-07-22 11:37:49'),
(30, 164, '2023-08-23', 1000.00, '1', '2', NULL, NULL, NULL, NULL, '2023-08-23 14:11:09', '2023-08-23 14:11:09'),
(31, 164, '2023-08-23', 4000.00, '1', '4', NULL, NULL, NULL, NULL, '2023-08-23 14:11:44', '2023-08-23 14:11:44'),
(32, 164, '2023-08-30', 20000.00, '2', '1', NULL, NULL, NULL, NULL, '2023-08-30 06:25:28', '2023-08-30 06:25:28'),
(33, 60, '2023-09-14', 5000.00, '3', '2', NULL, NULL, 'Admin', NULL, '2023-09-14 12:26:18', '2023-09-14 12:26:18'),
(34, 164, '2023-09-22', 30000.00, '1', '23', NULL, NULL, 'majhar', NULL, '2023-09-22 02:59:51', '2023-09-22 02:59:51'),
(35, 164, '2023-09-23', 45440.00, '2', '23', NULL, NULL, 'majharul islam', NULL, '2023-09-23 10:43:34', '2023-09-23 10:44:15');

-- --------------------------------------------------------

--
-- Table structure for table `business_types`
--

CREATE TABLE `business_types` (
  `id` bigint(20) UNSIGNED NOT NULL,
  `en_name` varchar(255) NOT NULL,
  `bn_name` varchar(255) NOT NULL,
  `status` tinyint(4) NOT NULL DEFAULT 1,
  `created_at` timestamp NULL DEFAULT NULL,
  `updated_at` timestamp NULL DEFAULT NULL
) ENGINE=InnoDB DEFAULT CHARSET=utf8mb4 COLLATE=utf8mb4_unicode_ci;

--
-- Dumping data for table `business_types`
--

INSERT INTO `business_types` (`id`, `en_name`, `bn_name`, `status`, `created_at`, `updated_at`) VALUES
(1, 'Cosmetics', 'প্রসাধনী', 0, '2022-11-19 08:09:54', '2023-06-06 21:46:50'),
(2, 'Corporation', 'কর্পোরেশন', 0, '2022-11-19 08:14:10', '2023-08-09 05:38:07'),
(3, 'Leather and shoes', 'চামড়া এবং জুতা', 0, '2023-08-14 09:26:08', '2023-08-14 09:26:13'),
(4, 'Departmental store', 'ডিপার্টমেন্টাল স্টোর', 0, '2023-08-14 09:31:00', '2023-08-14 09:31:04'),
(5, 'Library', 'লাইব্রেরী', 0, '2023-08-19 09:29:11', '2023-08-19 09:29:23'),
(6, 'Baby shop', 'বেবি শপ', 0, '2023-09-02 06:48:55', '2023-09-02 06:50:47'),
(7, 'Cloth And Fashion', 'কাপড় এবং ফ্যাশন', 0, '2023-09-02 06:50:28', '2023-09-02 06:50:53'),
(8, 'Salon & Parlour', 'সেলুন এবং পার্লার', 0, '2023-09-05 09:47:14', '2023-09-05 09:47:21'),
(9, 'pharmacy and medicine', 'ফার্মেসি এবং ঔষধ', 0, '2023-09-05 09:49:44', '2023-09-05 09:49:49'),
(10, 'Cosmetic Store', 'কসমেটিক স্টোর', 0, '2023-09-05 09:51:23', '2023-09-05 09:51:28'),
(11, 'Fashion House', 'ফ্যাশন হাউস', 0, '2023-09-05 09:52:01', '2023-09-05 09:52:07'),
(12, 'Beauty parlour', 'বিউটি পার্লার', 0, '2023-09-05 09:53:30', '2023-09-05 09:53:34'),
(13, 'Automobile And Parts', 'অটোমোবাইল এবং যন্ত্রাংশ', 0, '2023-09-05 09:54:39', '2023-09-05 09:54:42'),
(14, 'Toy & Kids', 'টয় এন্ড কিডস', 0, '2023-09-05 09:55:50', '2023-09-05 09:55:55'),
(15, 'Baby & Mom', 'বেবি এন্ড মম', 0, '2023-09-05 09:58:49', '2023-09-05 10:16:53'),
(16, 'Tiles & Ceramic', 'টাইলস এন্ড সিরামিক', 0, '2023-09-05 09:59:43', '2023-09-05 09:59:50'),
(17, 'Phone & Accesoriess', 'ফোন এন্ড এক্সেসরিজ', 0, '2023-09-05 10:01:35', '2023-09-05 10:01:39'),
(18, 'Hardware Shop', 'হার্ডওয়ার শপ', 0, '2023-09-05 10:02:34', '2023-09-05 10:02:38'),
(19, 'Furniture Shop', 'ফার্নিচার শপ', 0, '2023-09-05 10:03:31', '2023-09-05 10:03:34'),
(20, 'Electronics & Repair', 'ইলেকট্রনিক্স এন্ড রিপেয়ার', 0, '2023-09-05 10:04:27', '2023-09-05 10:04:31'),
(21, 'grocery shop', 'গ্রোসারি শপ', 0, '2023-09-05 10:05:46', '2023-09-05 10:05:50'),
(22, 'Home appliances', 'হোম এপ্লায়েন্স', 0, '2023-09-05 10:06:59', '2023-09-05 10:07:14'),
(23, 'Stionary', 'স্টেশনারি', 0, '2023-09-05 10:07:53', '2023-09-05 10:07:58'),
(24, 'Sports & Game', 'স্পোর্টস এন্ড গেম', 0, '2023-09-05 10:09:06', '2023-09-05 10:09:11'),
(25, 'Bag & Luggage', 'ব্যাগ এবং লাগেজ', 0, '2023-09-05 10:10:23', '2023-09-05 10:10:29'),
(26, 'Office & Stationary', 'অফিস এন্ড স্টেশনারি', 0, '2023-09-05 10:11:47', '2023-09-05 10:11:51'),
(27, 'Watch & Sunglass', 'ঘড়ি এবং চশমা', 0, '2023-09-05 10:12:52', '2023-09-05 10:12:57'),
(28, 'Shoe & Accesories', 'সো এন্ড এক্সেসরিজ', 0, '2023-09-05 10:15:59', '2023-09-05 10:16:03'),
(29, 'Computer & Accesories', 'কম্পিউটার এন্ড এক্সেসরিজ', 0, '2023-09-05 10:18:25', '2023-09-05 10:18:28');

-- --------------------------------------------------------

--
-- Table structure for table `company_infos`
--

CREATE TABLE `company_infos` (
  `id` bigint(20) UNSIGNED NOT NULL,
  `name` varchar(255) NOT NULL,
  `email` varchar(255) NOT NULL,
  `about` varchar(255) NOT NULL,
  `address` varchar(255) NOT NULL,
  `phone_one` varchar(255) NOT NULL,
  `phone_two` varchar(255) NOT NULL,
  `phone_three` varchar(255) NOT NULL,
  `logo` varchar(255) NOT NULL,
  `favicon` varchar(255) NOT NULL,
  `app_logo` varchar(255) NOT NULL,
  `app_link` varchar(255) NOT NULL,
  `facebook` varchar(255) DEFAULT NULL,
  `twitter` varchar(255) DEFAULT NULL,
  `instagram` varchar(255) DEFAULT NULL,
  `linkedin` varchar(255) DEFAULT NULL,
  `pinterest` varchar(255) DEFAULT NULL,
  `youtube` varchar(255) DEFAULT NULL,
  `created_at` timestamp NULL DEFAULT NULL,
  `updated_at` timestamp NULL DEFAULT NULL
) ENGINE=InnoDB DEFAULT CHARSET=utf8mb4 COLLATE=utf8mb4_unicode_ci;

--
-- Dumping data for table `company_infos`
--

INSERT INTO `company_infos` (`id`, `name`, `email`, `about`, `address`, `phone_one`, `phone_two`, `phone_three`, `logo`, `favicon`, `app_logo`, `app_link`, `facebook`, `twitter`, `instagram`, `linkedin`, `pinterest`, `youtube`, `created_at`, `updated_at`) VALUES
(1, 'G Manager', 'gmanagerpos@gmail.com', 'about', 'Corporate Office:Dhanbari Bazar,Dhanbari, Tangail.', '01919200100', '01919200100', '01919200100', 'images/logo/1769758973381111.png', 'images/logo/1769758973388926.png', 'a', 'https://play.google.com/store/apps/details?id=com.gmanager.gmanager', 'www.facebook.com/gmanager', NULL, NULL, NULL, NULL, NULL, NULL, '2023-08-16 07:53:39');

-- --------------------------------------------------------

--
-- Table structure for table `countries`
--

CREATE TABLE `countries` (
  `id` bigint(20) UNSIGNED NOT NULL,
  `en_name` varchar(255) NOT NULL,
  `bn_name` varchar(255) DEFAULT NULL,
  `status` tinyint(4) NOT NULL DEFAULT 1,
  `created_at` timestamp NULL DEFAULT NULL,
  `updated_at` timestamp NULL DEFAULT NULL
) ENGINE=InnoDB DEFAULT CHARSET=utf8mb4 COLLATE=utf8mb4_unicode_ci;

--
-- Dumping data for table `countries`
--

INSERT INTO `countries` (`id`, `en_name`, `bn_name`, `status`, `created_at`, `updated_at`) VALUES
(1, 'Bangladesh', 'বাংলাদেশ', 1, '2022-11-19 04:54:11', '2023-06-06 21:50:10'),
(2, 'USA', 'আমেরিকা', 1, '2022-11-19 05:03:23', '2022-11-19 05:03:23'),
(3, 'India', 'ভারত', 1, '2023-03-02 18:20:05', '2023-03-02 18:21:00'),
(4, 'Singapure', 'সিংগাপুর', 1, '2023-06-08 12:07:26', '2023-08-07 08:30:17');

-- --------------------------------------------------------

--
-- Table structure for table `customers`
--

CREATE TABLE `customers` (
  `id` bigint(20) UNSIGNED NOT NULL,
  `user_id` bigint(20) UNSIGNED NOT NULL,
  `name` varchar(255) NOT NULL,
  `phone` varchar(255) NOT NULL,
  `group_id` int(11) DEFAULT NULL,
  `email` varchar(255) DEFAULT NULL,
  `address` varchar(255) DEFAULT NULL,
  `image` varchar(255) DEFAULT NULL,
  `amount` int(11) NOT NULL DEFAULT 0,
  `modify_date` timestamp NULL DEFAULT NULL,
  `type` tinyint(1) NOT NULL DEFAULT 1,
  `created_at` timestamp NULL DEFAULT NULL,
  `updated_at` timestamp NULL DEFAULT NULL
) ENGINE=InnoDB DEFAULT CHARSET=utf8mb4 COLLATE=utf8mb4_unicode_ci;

--
-- Dumping data for table `customers`
--

INSERT INTO `customers` (`id`, `user_id`, `name`, `phone`, `group_id`, `email`, `address`, `image`, `amount`, `modify_date`, `type`, `created_at`, `updated_at`) VALUES
(1, 1, 'First customer', '01798032828', NULL, 'customer1@gmail.com', 'First customer address is here', NULL, 0, '2023-02-19 05:00:00', 1, '2022-11-30 12:03:41', '2023-02-19 15:52:42'),
(2, 1, 'Second customer', '01798032828', NULL, 'customer2@gmail.com', 'Second customer address is here', NULL, 0, NULL, 1, '2022-11-30 12:04:30', '2022-11-30 12:04:30'),
(3, 5, 'wewe 2', '987611111', 7, 'customer2@gmail.com111', 'second customer address is here11', 'images/customer/1756787099111553.jpg', 0, '2023-03-27 18:00:00', 1, '2022-11-30 12:05:16', '2023-03-28 04:45:30'),
(4, 1, 'Three customer', '01798032828', NULL, 'customer3@gmail.com', 'Three customer address is here', NULL, 0, NULL, 1, '2022-11-30 12:24:37', '2023-01-24 00:07:34'),
(5, 5, 'wewe 2', '987611111', 1, 'customer2@gmail.com111', 'second customer address is here11', NULL, 186, '2023-03-28 18:00:00', 1, '2022-12-01 04:40:43', '2023-03-29 05:30:02'),
(6, 1, 'Three customer1', '01798032828', NULL, 'customer3@gmail.com', 'Three customer address is here', NULL, 0, NULL, 1, '2022-12-01 04:41:04', '2022-12-01 04:41:04'),
(7, 4, 'customer 1', '01798032828', NULL, 'customer3@gmail.com', 'Three customer address is here', NULL, 0, NULL, 1, '2022-12-01 04:43:15', '2022-12-01 04:43:15'),
(8, 4, 'customer 2', '01798032828', NULL, 'customer3@gmail.com', 'Three customer address is here', NULL, 0, NULL, 1, '2022-12-01 04:43:39', '2022-12-01 04:43:39'),
(9, 4, 'customer 3', '01798032828', NULL, 'customer3@gmail.com', 'Three customer address is here', NULL, 0, NULL, 1, '2022-12-01 04:43:46', '2022-12-01 04:43:46'),
(10, 5, 'cus', '01798032828', NULL, 'customer3@gmail.com', 'Three customer address is here', NULL, 100, '2023-03-27 18:00:00', 1, '2022-12-27 22:21:10', '2023-03-28 08:58:24'),
(11, 5, 'customer 3', '01798032828', NULL, NULL, NULL, NULL, -403, '2023-02-25 16:32:37', 1, '2023-01-15 16:19:04', '2023-02-25 16:32:37'),
(12, 5, 'customer 3', '01798032828', NULL, 'customer3@gmail.com', 'Three customer address is here', NULL, 0, NULL, 1, '2023-01-15 22:35:03', '2023-01-15 22:35:03'),
(13, 5, 'Abir Temp', '0128464565', NULL, 'hdb@bvvd.vvs', 'dhaka', NULL, 2, '2023-02-22 05:00:00', 1, '2023-01-16 01:17:22', '2023-02-22 22:42:41'),
(14, 5, 'Abir Temp', '0128464565', NULL, 'hdb@bvvd.vvs', 'dhaka', NULL, 0, '2023-02-22 05:00:00', 1, '2023-01-16 01:30:15', '2023-02-22 14:35:45'),
(15, 5, 'Fahim', '0128464565', NULL, 'hdb@bvvd.vvs', 'dhaka', NULL, 280, '2023-02-25 16:33:03', 1, '2023-01-16 01:31:22', '2023-02-25 16:33:03'),
(16, 5, 'Abir', '05585885298', NULL, NULL, NULL, 'images/customer/1755102229159229.jpg', 0, NULL, 1, '2023-01-16 02:18:38', '2023-01-16 20:53:11'),
(17, 5, 'Abir', '05585885298', NULL, NULL, NULL, 'images/customer/1755155784184750.jpg', -32, '2023-02-23 17:32:58', 1, '2023-01-16 02:22:33', '2023-02-23 17:32:58'),
(18, 5, 'customer 3', '01798032828', NULL, 'customer3@gmail.com', 'Three customer address is here', NULL, 0, NULL, 1, '2023-01-21 15:31:12', '2023-01-21 15:31:12'),
(19, 5, 'customer 3', '01798032828', NULL, 'customer3@gmail.com', 'Three customer address is here', NULL, 0, NULL, 1, '2023-01-21 15:31:13', '2023-01-21 15:31:13'),
(20, 5, 'customer 3', '01798032828', NULL, 'customer3@gmail.com', 'Three customer address is here', NULL, 0, NULL, 1, '2023-01-21 15:31:15', '2023-01-21 15:31:15'),
(21, 5, 'customer 3', '01798032828', NULL, 'customer3@gmail.com', 'Three customer address is here', NULL, 0, NULL, 1, '2023-01-21 15:31:16', '2023-01-21 15:31:16'),
(22, 5, 'customer 3', '01798032828', NULL, 'customer3@gmail.com', 'Three customer address is here', NULL, 0, NULL, 1, '2023-01-21 15:31:17', '2023-01-21 15:31:17'),
(23, 5, 'customer 3', '01798032828', NULL, 'customer3@gmail.com', 'Three customer address is here', NULL, 0, NULL, 1, '2023-01-21 15:31:18', '2023-01-21 15:31:18'),
(24, 5, 'customer 3', '01798032828', NULL, 'customer3@gmail.com', 'Three customer address is here', NULL, 0, NULL, 1, '2023-01-21 15:31:19', '2023-01-21 15:31:19'),
(25, 5, 'majhar', '01913698532', NULL, 'hdfyui', 'rtuiih syyuu zruijb', NULL, 195, '2023-02-25 16:30:48', 1, '2023-01-30 18:59:09', '2023-02-25 16:30:48'),
(26, 5, 'harun', '01963852141', NULL, NULL, NULL, NULL, 0, NULL, 1, '2023-01-30 19:04:06', '2023-01-30 19:04:06'),
(27, 5, 'Abdus Lawyer Wiztec', '01799-569402', NULL, 'eet@gmail.com', NULL, 'images/customer/1758802265613861.jpg', 0, '2023-02-25 05:00:00', 1, '2023-02-02 23:59:56', '2023-02-25 22:29:08'),
(28, 5, 'majhar', '01916085838', NULL, 'masd', 'dhaka', NULL, 0, NULL, 1, '2023-02-03 16:19:28', '2023-02-03 16:19:28'),
(29, 5, 'majhar', '01916085838', NULL, 'yttyuu', 'fhafg jfahh', NULL, 0, NULL, 1, '2023-02-03 16:20:30', '2023-02-03 16:20:30'),
(30, 5, 'Shaheen Mollah', '01852369632', NULL, NULL, NULL, NULL, 0, NULL, 1, '2023-02-03 16:37:47', '2023-02-03 16:37:47'),
(31, 5, 'Ahmed hossain', '01852639852', NULL, NULL, NULL, NULL, 0, NULL, 1, '2023-02-03 16:49:53', '2023-02-03 16:49:53'),
(32, 5, 'hasan', '01963853241', NULL, NULL, NULL, NULL, 0, NULL, 1, '2023-02-04 01:43:20', '2023-02-04 01:43:20'),
(33, 5, 'jajir', '0198635241', NULL, NULL, NULL, NULL, 0, NULL, 1, '2023-02-04 01:48:50', '2023-02-04 01:48:50'),
(34, 5, 'shahidul', '01923568574', NULL, 'pos@gmail.com', 'Dhaka', NULL, 0, NULL, 1, '2023-02-04 20:37:30', '2023-02-04 20:37:30'),
(35, 5, 'Guest Customer', '123456', NULL, NULL, NULL, NULL, 0, '2023-02-27 14:11:24', 0, NULL, '2023-02-27 14:11:24'),
(36, 5, 'aaa', '01777777777', NULL, NULL, NULL, NULL, 0, '2023-02-25 05:00:00', 1, '2023-02-25 22:14:59', '2023-02-25 22:14:59'),
(37, 23, 'Abdullah Al Noman Nayeem', '+880 1737-278496', NULL, NULL, NULL, NULL, 0, '2023-02-26 05:00:00', 1, '2023-02-26 20:27:22', '2023-02-26 20:27:22'),
(38, 5, 'Abdul kalam azad', '01963865231', NULL, NULL, NULL, NULL, 3000, '2023-02-27 05:00:00', 1, '2023-02-27 14:21:26', '2023-02-27 14:49:25'),
(39, 37, 'Guest Customer', '123456', NULL, NULL, NULL, NULL, 0, NULL, 0, '2023-02-27 15:24:08', '2023-02-27 15:24:08'),
(40, 38, 'Guest_Demo', '123456', NULL, NULL, NULL, NULL, 0, NULL, 0, '2023-02-27 15:37:32', '2023-02-27 15:37:32'),
(41, 39, 'Guest Customer', '123456', NULL, NULL, NULL, NULL, 25000, '2023-03-03 19:11:55', 0, '2023-02-27 15:39:36', '2023-03-03 19:11:55'),
(42, 39, 'Rasel Ahmed', '01963563241', NULL, 'pos@gmail.com', 'Dhaka', NULL, 0, '2023-03-02 17:56:43', 1, '2023-02-27 17:36:43', '2023-03-02 17:56:43'),
(43, 39, 'Nazrul DNI', '01752369521', NULL, 'Nazrul@gmail.com', 'Dhaka', NULL, 300000, '2023-03-03 16:28:12', 1, '2023-02-27 17:37:42', '2023-03-03 16:28:12'),
(44, 39, 'salam', '01963528541', NULL, NULL, NULL, NULL, 17000, '2023-03-03 04:17:34', 1, '2023-02-27 18:59:45', '2023-03-03 04:17:34'),
(45, 39, 'Nazrul DNI', '01752369521', NULL, NULL, NULL, NULL, 2000, '2023-02-27 05:00:00', 1, '2023-02-27 20:17:33', '2023-02-27 20:17:33'),
(46, 39, 'majhat', '01963563217', NULL, NULL, NULL, NULL, 135000, '2023-03-03 19:21:23', 1, '2023-02-28 05:08:19', '2023-03-03 19:21:23'),
(47, 39, 'monirul islam', '01863524172', NULL, NULL, NULL, NULL, 17990, '2023-03-01 21:38:12', 1, '2023-03-01 18:35:31', '2023-03-01 21:38:12'),
(48, 39, 'khairul Alan shohan', '01963865234', NULL, 'pos@gmail.com', 'Dhanmondi 27,Dhaka', NULL, 20000, '2022-11-02 04:00:00', 1, '2023-03-02 03:22:28', '2023-03-02 03:22:28'),
(49, 39, 'Mohammad Nurul Amin sagor', '01963853214', NULL, 'pos@gmail.com', 'dhaka', NULL, 5000, '2023-02-01 05:00:00', 1, '2023-03-02 04:22:28', '2023-03-02 04:22:28'),
(50, 39, 'amin', '01723568974', NULL, 'majhar@gmail.com', 'Dhaka', NULL, 26000, '2023-03-03 04:04:25', 1, '2023-03-02 04:27:51', '2023-03-03 04:04:25'),
(51, 39, 'saiful islam', '01823563247', NULL, 'saiful@gmail.com', 'dhaka', NULL, 8000, '2021-03-02 05:00:00', 1, '2023-03-02 04:38:01', '2023-03-02 04:38:01'),
(52, 39, 'Mahmud abdullah', '01936523251', NULL, 'mahmud@gmail.com', 'dhaka', NULL, 8000, '2023-03-01 05:00:00', 1, '2023-03-02 04:42:16', '2023-03-02 04:42:16'),
(53, 39, 'khadeha tahera', '01963853241', NULL, NULL, NULL, NULL, 5600, '2023-03-01 05:00:00', 1, '2023-03-02 17:47:20', '2023-03-02 17:47:20'),
(54, 39, 'solimullah bahar', '01963563241', NULL, 'pos@gmail.com', 'dhaka', NULL, 8000, '2023-03-02 05:00:00', 1, '2023-03-03 19:25:26', '2023-03-03 19:25:26'),
(55, 39, 'nazmul', '014256338962', NULL, NULL, NULL, NULL, 3500, '2023-03-03 19:33:39', 1, '2023-03-03 19:32:31', '2023-03-03 19:33:39'),
(56, 41, 'GC_pos Business', '123456', NULL, NULL, NULL, NULL, 0, NULL, 0, '2023-03-27 03:43:56', '2023-03-27 03:43:56'),
(57, 41, 'Rakib', '01723658965', NULL, NULL, NULL, NULL, -1000, '2023-03-23 18:00:00', 1, '2023-03-30 08:10:04', '2023-03-30 08:10:04'),
(58, 41, 'Habib', '01312365896', NULL, NULL, NULL, NULL, 1500, '2023-03-29 18:00:00', 1, '2023-03-30 08:11:27', '2023-03-30 08:11:27'),
(59, 41, 'Customer man 1', '01253698563', NULL, NULL, NULL, NULL, 1950, '2023-03-31 18:00:00', 1, '2023-03-30 08:48:33', '2023-04-01 06:41:02'),
(60, 41, 'Customer', '01598563258', NULL, NULL, NULL, NULL, 0, '2023-03-29 18:00:00', 1, '2023-03-30 09:37:17', '2023-03-30 09:37:17'),
(61, 42, 'GUEST CUSTOMER', '123456', NULL, NULL, NULL, NULL, 0, NULL, 0, '2023-04-01 10:34:14', '2023-04-01 10:34:14'),
(62, 44, 'GUEST CUSTOMER', '123456', NULL, NULL, NULL, NULL, 0, NULL, 0, '2023-04-01 10:53:52', '2023-04-01 10:53:52'),
(63, 5, 'Okay', '53246516521', NULL, NULL, NULL, NULL, 500, '2023-03-31 18:00:00', 1, '2023-04-01 11:09:19', '2023-04-01 11:09:19'),
(64, 45, 'GUEST CUSTOMER', '123456', NULL, NULL, NULL, NULL, 0, NULL, 0, '2023-04-02 14:40:35', '2023-04-02 14:40:35'),
(65, 45, 'Abul hasem', '01923896352', NULL, NULL, NULL, NULL, 0, '2023-04-14 04:00:00', 1, '2023-04-03 12:39:39', '2023-04-14 09:53:41'),
(66, 45, 'shafiul islam', '01832963521', NULL, NULL, NULL, NULL, 0, '2023-04-18 18:00:00', 1, '2023-04-03 12:49:06', '2023-04-19 03:39:47'),
(67, 45, 'hasem Ali', '01632896521', NULL, NULL, NULL, NULL, 0, '2023-04-05 04:00:00', 1, '2023-04-03 13:20:41', '2023-04-05 17:00:42'),
(68, 45, 'labib hsan', '01963853241', 17, 'labib@hh.com', 'taltola', NULL, 0, '2023-04-18 18:00:00', 1, '2023-04-03 13:26:57', '2023-04-19 03:50:19'),
(69, 45, 'nabin talukder', '01965325236', NULL, NULL, NULL, NULL, 4100, '2023-04-04 04:00:00', 1, '2023-04-03 17:20:54', '2023-04-04 17:15:09'),
(70, 45, 'Rubel hossen', '01712568321', NULL, 'rubel@gmail.com', 'Dhaka', NULL, -6000, '2023-04-01 04:00:00', 1, '2023-04-03 17:46:10', '2023-04-05 07:24:19'),
(71, 45, 'Rubel hossen', '01742536985', NULL, NULL, NULL, NULL, -6320, '2023-04-01 04:00:00', 1, '2023-04-03 17:48:21', '2023-04-03 17:48:58'),
(72, 45, 'jahanara begum', '01715369852', NULL, 'jahanara@gmail.com', 'Dhaka', NULL, -2100, '2023-04-01 04:00:00', 1, '2023-04-03 17:56:15', '2023-04-03 17:56:15'),
(73, 45, 'jalal uddin Ahmed', '01823965241', NULL, 'jalal@gmail.com', 'Dhaka', NULL, 500, '2023-04-01 04:00:00', 1, '2023-04-03 17:58:11', '2023-04-03 17:58:11'),
(74, 45, 'mukul', '01963524152', NULL, 'pos@gmail.com', 'mirpur', NULL, -511, '2023-04-02 04:00:00', 1, '2023-04-03 18:00:12', '2023-04-03 18:00:12'),
(75, 45, 'Sanoar hossen', '01712639685', NULL, 'sanoar@gmail.con', 'dhaka', NULL, -2350, '2022-12-01 05:00:00', 1, '2023-04-04 08:37:31', '2023-04-04 08:37:31'),
(76, 45, 'rafiqul Islam', '01963853241', NULL, 'rafique@gmail.com', 'dhaka', NULL, -5210, '2023-04-01 04:00:00', 1, '2023-04-04 08:38:56', '2023-04-04 08:38:56'),
(77, 45, 'shamaun ali', '01963853241', NULL, NULL, NULL, NULL, 3000, '2023-04-01 04:00:00', 1, '2023-04-04 14:45:03', '2023-04-04 14:45:03'),
(78, 45, 'mohin akter', '01963853241', NULL, NULL, NULL, NULL, -5600, '2023-04-01 04:00:00', 1, '2023-04-04 16:57:54', '2023-04-04 16:57:54'),
(79, 45, 'Fahim akter', '01756636396', NULL, NULL, NULL, NULL, 3890, '2023-04-04 04:00:00', 1, '2023-04-04 17:03:41', '2023-04-04 17:04:40'),
(80, 45, 'sabikun nahar', '01963526341', NULL, 'pos giiytgh', 'shhffttzn kffyhb', NULL, -5893, '2023-03-04 05:00:00', 1, '2023-04-04 20:30:52', '2023-04-04 20:30:52'),
(81, 45, 'Jamil chowdhury', '01632968532', NULL, 'sfgh chjkk', 'ghgdfy', NULL, 0, '2023-04-13 04:00:00', 1, '2023-04-04 20:46:17', '2023-04-13 17:44:30'),
(82, 45, 'juhurul islam', '01936635241', NULL, NULL, NULL, NULL, 3000, '2023-04-01 04:00:00', 1, '2023-04-05 07:09:18', '2023-04-05 07:09:18'),
(83, 45, 'mominul alam', '01963525412', 12, 'sfgh dghhj', 'dhaka', NULL, 0, '2023-04-12 04:00:00', 1, '2023-04-05 07:11:08', '2023-04-12 21:30:06'),
(84, 45, 'hasan talukdar', '01963523521', NULL, NULL, NULL, NULL, 2230, '2023-04-05 04:00:00', 1, '2023-04-05 07:13:59', '2023-04-05 17:13:33'),
(85, 45, 'ab jalil takukder', '0196352412', 12, 'dghhj fgu', 'sfgh dghh fhhj', NULL, -5000, '2023-04-01 04:00:00', 1, '2023-04-05 07:25:49', '2023-04-05 07:25:49'),
(86, 45, 'saidur rahman', '01852639685', 11, 'sfgh dghh', 'dghhj fgjjgh', NULL, 5210, '2023-04-01 04:00:00', 1, '2023-04-05 07:27:21', '2023-04-05 07:27:21'),
(87, 45, 'minto takukder', '01963852147', NULL, NULL, NULL, NULL, -6900, '2023-04-01 04:00:00', 1, '2023-04-05 07:28:45', '2023-04-05 07:28:45'),
(88, 45, 'takrim Ahmed', '01632639685', NULL, NULL, NULL, NULL, 0, '2023-04-12 04:00:00', 1, '2023-04-05 21:32:08', '2023-04-12 21:31:07'),
(89, 46, 'GUEST CUSTOMER', '123456', NULL, NULL, NULL, NULL, 0, NULL, 0, '2023-04-06 08:37:07', '2023-04-06 08:37:07'),
(90, 45, 'test  1', '01963852141', 15, 'fhjk shib', 'dfgji sgju', NULL, 2000, '2023-04-01 04:00:00', 1, '2023-04-06 08:52:09', '2023-04-06 08:52:09'),
(91, 45, 'Test 2', '01963853241', 15, NULL, NULL, NULL, -8000, '2023-04-01 04:00:00', 1, '2023-04-06 08:53:37', '2023-04-06 08:53:37'),
(92, 45, 'test 3', '01963856324', NULL, NULL, NULL, NULL, -9000, '2023-04-02 04:00:00', 1, '2023-04-06 08:55:30', '2023-04-06 08:55:30'),
(93, 45, 'test 4', '0192363524', NULL, NULL, NULL, NULL, -5000, '2023-04-01 04:00:00', 1, '2023-04-06 09:03:43', '2023-04-06 09:03:43'),
(94, 45, 'wtyi', '01963524521', NULL, NULL, NULL, NULL, -5000, '2023-04-06 04:00:00', 1, '2023-04-06 09:17:56', '2023-04-06 09:17:56'),
(95, 45, 'mahim hasan', '01963852141', 12, 'jfftf doggy', 'dgttt ghgyy', NULL, -2000, '2022-12-01 05:00:00', 1, '2023-04-12 02:43:48', '2023-04-12 02:43:48'),
(96, 45, 'Jamil chowdhury', '0196352417', NULL, NULL, NULL, NULL, 0, '2023-04-13 04:00:00', 1, '2023-04-13 08:55:30', '2023-04-13 08:55:30'),
(97, 47, 'GUEST CUSTOMER', '123456', NULL, NULL, NULL, NULL, 0, NULL, 0, '2023-04-19 15:27:39', '2023-04-19 15:27:39'),
(98, 48, 'GUEST CUSTOMER', '123456', NULL, NULL, NULL, NULL, 0, NULL, 0, '2023-04-19 15:28:49', '2023-04-19 15:28:49'),
(99, 49, 'GUEST CUSTOMER', '123456', NULL, NULL, NULL, NULL, 0, NULL, 0, '2023-04-19 15:29:02', '2023-04-19 15:29:02'),
(100, 50, 'GUEST CUSTOMER', '123456', NULL, NULL, NULL, NULL, 0, NULL, 0, '2023-04-19 15:29:11', '2023-04-19 15:29:11'),
(101, 47, 'Sujan', '01521212575', NULL, NULL, NULL, NULL, 0, '2023-04-19 04:00:00', 1, '2023-04-19 20:22:38', '2023-04-19 20:22:38'),
(102, 49, 'Foisal', '01234567890', 18, NULL, 'Mirpur', NULL, 0, '2023-04-20 04:00:00', 1, '2023-04-19 23:04:08', '2023-04-19 23:04:08'),
(103, 50, 'Al Foisal', '0179000000', NULL, NULL, NULL, NULL, 50, '2023-04-20 04:00:00', 1, '2023-04-20 00:24:14', '2023-04-20 00:27:19'),
(104, 51, 'GUEST CUSTOMER', '123456', NULL, NULL, NULL, NULL, 0, NULL, 0, '2023-04-20 02:50:22', '2023-04-20 02:50:22'),
(105, 48, 'Saikot', '85466351852', NULL, NULL, NULL, NULL, 0, '2023-04-20 04:00:00', 1, '2023-04-20 10:38:13', '2023-04-20 10:38:13'),
(106, 48, 'Asraful', '08875662448', NULL, NULL, NULL, NULL, 0, '2023-04-20 04:00:00', 1, '2023-04-20 11:06:22', '2023-04-20 11:06:22'),
(107, 48, 'Malek', '423688852', NULL, NULL, NULL, 'images/customer/1763678007614809.jpg', 0, '2023-04-20 04:00:00', 1, '2023-04-20 11:06:58', '2023-04-20 11:06:58'),
(108, 47, 'shahidul islam', '01712562341', NULL, NULL, NULL, NULL, 500, '2022-11-01 04:00:00', 1, '2023-04-24 16:28:40', '2023-04-24 16:28:40'),
(109, 47, 'harunur rashid', '01912369852', NULL, NULL, NULL, NULL, -5000, '2023-01-05 05:00:00', 1, '2023-04-26 08:25:23', '2023-04-26 08:25:23'),
(110, 47, 'nabil', '01953635241', NULL, NULL, NULL, NULL, -9300, '2023-04-07 04:00:00', 1, '2023-04-26 08:28:52', '2023-04-26 08:28:52'),
(111, 57, 'GUEST CUSTOMER', '123456', NULL, NULL, NULL, NULL, 0, NULL, 0, '2023-04-29 16:48:32', '2023-04-29 16:48:32'),
(112, 58, 'GUEST CUSTOMER', '123456', NULL, NULL, NULL, NULL, 0, NULL, 0, '2023-04-29 16:55:10', '2023-04-29 16:55:10'),
(113, 58, 'Sujan', '01521212575', 21, NULL, NULL, 'images/customer/1764532818744368.jpg', 0, '2023-04-29 04:00:00', 1, '2023-04-29 21:33:49', '2023-04-29 21:33:49'),
(114, 59, 'GUEST CUSTOMER', '123456', NULL, NULL, NULL, NULL, 0, NULL, 0, '2023-04-30 21:59:10', '2023-04-30 21:59:10'),
(115, 59, 'Shahinur Islam', '01912896321', 25, 'shahinur@gmail.com', 'Comilla', NULL, 5000, '2023-04-30 04:00:00', 1, '2023-05-02 02:16:55', '2023-05-02 14:41:34'),
(116, 59, 'Abul Faysal', '01712869352', 25, 'faysal@gmail.com', 'Comilla', NULL, 2125, '2023-02-02 05:00:00', 1, '2023-05-02 02:19:41', '2023-05-02 02:19:41'),
(117, 59, 'Majharul Islam', '01916085838', 23, 'majhar@gmail.com', 'Dhaka', NULL, 875, '2023-03-02 05:00:00', 1, '2023-05-02 04:00:28', '2023-05-02 04:00:28'),
(118, 59, 'ziaul hauque shamin', '01916963252', 23, 'ziaul@gmaik.com', 'Dhaka', NULL, 560, '2023-03-02 05:00:00', 1, '2023-05-02 14:49:52', '2023-05-02 14:49:52'),
(119, 60, 'GUEST CUSTOMER', '123456', NULL, NULL, NULL, NULL, 0, NULL, 0, '2023-05-02 18:56:57', '2023-05-02 18:56:57'),
(120, 60, 'Nazrul Islam', '01814638652', 27, 'nazrul@gmail.com', 'Dhaka', NULL, 0, '2023-05-03 04:00:00', 1, '2023-05-03 02:51:45', '2023-05-03 18:09:28'),
(121, 61, 'GUEST CUSTOMER', '123456', NULL, NULL, NULL, NULL, 0, NULL, 0, '2023-05-03 16:32:08', '2023-05-03 16:32:08'),
(122, 60, 'Rabiul Islan', '01723568952', 28, 'rabiul@gmail.com', 'Razabazar,Farmgate,Dhaka', NULL, 0, '2023-05-04 04:00:00', 1, '2023-05-03 16:37:06', '2023-05-04 21:42:55'),
(123, 62, 'GUEST CUSTOMER', '123456', NULL, NULL, NULL, NULL, 0, NULL, 0, '2023-05-04 17:41:48', '2023-05-04 17:41:48'),
(124, 62, 'ruhul', '01963853241', NULL, NULL, NULL, NULL, 520, '2023-05-02 04:00:00', 1, '2023-05-04 17:54:18', '2023-05-04 17:54:18'),
(125, 60, 'hasan patoary', '01963525412', 31, NULL, NULL, NULL, 500, '2023-05-04 04:00:00', 1, '2023-05-04 20:46:43', '2023-05-04 20:46:43'),
(126, 60, 'Anwar hissain', '01963562341', NULL, NULL, NULL, NULL, 3500, '2023-05-05 04:00:00', 1, '2023-05-06 01:12:48', '2023-05-06 03:17:24'),
(127, 60, 'md aninul islan', '01923568532', NULL, NULL, NULL, NULL, 520, '2023-05-01 04:00:00', 1, '2023-05-06 14:57:52', '2023-05-06 14:57:52'),
(128, 60, 'md mabrur hasan talukdar sonet', '01923562345', NULL, NULL, NULL, NULL, 5000, '2023-04-30 04:00:00', 1, '2023-05-06 17:40:32', '2023-05-06 17:41:04'),
(129, 60, 'Al Amin selim', '01852325241', NULL, NULL, NULL, NULL, 5000, '2023-04-29 18:00:00', 1, '2023-05-06 17:43:10', '2023-06-08 04:52:03'),
(130, 63, 'GUEST CUSTOMER', '123456', NULL, NULL, NULL, NULL, 0, NULL, 0, '2023-05-06 18:13:45', '2023-05-06 18:13:45'),
(131, 63, 'juhurul islan', '01863562341', 32, 'juhur@gmail.com', 'Dhaka 1205', NULL, 0, '2023-05-06 04:00:00', 1, '2023-05-07 01:36:37', '2023-05-07 01:36:37'),
(132, 63, 'mominul hasan saber', '01912639862', 33, 'saber@gmail.com', 'Dhaka', NULL, 600, '2023-05-01 04:00:00', 1, '2023-05-07 02:38:33', '2023-05-07 02:38:33'),
(133, 64, 'GUEST CUSTOMER', '123456', NULL, NULL, NULL, NULL, 0, NULL, 0, '2023-05-07 04:15:46', '2023-05-07 04:15:46'),
(134, 64, 'harun', '01953635241', NULL, NULL, NULL, NULL, 500, '2023-04-25 04:00:00', 1, '2023-05-07 04:19:34', '2023-05-07 18:29:41'),
(135, 64, 'abdus salam', '0193256324', NULL, NULL, NULL, NULL, 800, '2023-04-30 04:00:00', 1, '2023-05-07 15:00:45', '2023-05-07 17:52:44'),
(136, 64, 'gazi', '01963524527', NULL, NULL, NULL, NULL, 500, '2023-05-06 04:00:00', 1, '2023-05-07 17:47:43', '2023-05-07 17:51:56'),
(137, 64, 'mosiur', '01912365283', NULL, NULL, NULL, NULL, 800, '2023-05-01 04:00:00', 1, '2023-05-09 03:08:33', '2023-05-09 03:08:33'),
(138, 64, 'Ali Reza', '01912356385', NULL, NULL, NULL, NULL, 200, '2023-05-02 04:00:00', 1, '2023-05-09 19:15:41', '2023-05-09 19:15:41'),
(139, 63, 'masum Ali', '01963524175', NULL, NULL, NULL, NULL, 400, '2023-05-01 04:00:00', 1, '2023-05-09 21:04:29', '2023-05-09 21:04:29'),
(140, 63, 'atiur', '01923635241', NULL, NULL, NULL, NULL, 0, '2023-05-10 04:00:00', 1, '2023-05-11 03:37:03', '2023-05-11 03:37:03'),
(141, 64, 'Fahim', '01712365212', NULL, NULL, NULL, NULL, 0, '2023-05-11 04:00:00', 1, '2023-05-12 03:49:59', '2023-05-12 03:49:59'),
(142, 64, 'Aslam khan', '01852365241', NULL, NULL, NULL, NULL, 500, '2023-05-08 04:00:00', 1, '2023-05-12 20:00:40', '2023-05-12 20:00:40'),
(143, 64, 'James', '01912358321', NULL, NULL, NULL, NULL, 1000, '2023-05-10 04:00:00', 1, '2023-05-12 20:02:28', '2023-05-12 20:02:28'),
(144, 64, 'zamilur Reza', '017123696352', 35, 'pos@gmail.com', 'Dhaka', NULL, 500, '2023-05-01 04:00:00', 1, '2023-05-13 16:03:40', '2023-05-13 16:03:40'),
(145, 64, 'khabirul islan', '01823639652', 34, 'DJ gyyyyu', 'Dhaka', NULL, 1000, '2023-05-01 04:00:00', 1, '2023-05-13 16:06:30', '2023-05-13 16:06:30'),
(146, 65, 'GUEST CUSTOMER', '123456', NULL, NULL, NULL, NULL, 0, NULL, 0, '2023-05-13 16:10:43', '2023-05-13 16:10:43'),
(147, 65, 'Mr Jamil chowdhury', '01916085838', NULL, NULL, NULL, NULL, 1400, '2023-05-15 18:00:00', 1, '2023-05-13 19:14:23', '2023-06-14 06:01:41'),
(148, 65, 'Nodi', '01712323732', 36, NULL, NULL, NULL, 3860, '2023-05-16 04:00:00', 1, '2023-05-15 15:15:02', '2023-05-16 04:09:41'),
(149, 65, 'Jamil', '01913856321', NULL, NULL, NULL, NULL, 1020, '2023-05-01 04:00:00', 1, '2023-05-16 04:00:56', '2023-05-16 04:01:42'),
(150, 65, 'ab salam', '01923896352', NULL, NULL, NULL, NULL, 2500, '2023-05-16 04:00:00', 1, '2023-05-16 04:07:13', '2023-05-16 04:13:00'),
(151, 66, 'GUEST CUSTOMER', '123456', NULL, NULL, NULL, NULL, 5000, '2023-05-22 04:00:00', 0, '2023-05-17 23:18:19', '2023-05-22 18:27:01'),
(152, 66, 'Ruhul', '01912638952', NULL, NULL, NULL, NULL, 0, '2023-05-17 04:00:00', 1, '2023-05-18 03:17:30', '2023-05-18 03:17:30'),
(153, 66, 'saiful islan', '01853695321', 39, 'saiful@gmail.com', 'Dhaka', NULL, 2000, '2023-05-22 04:00:00', 1, '2023-05-20 00:00:51', '2023-05-22 15:04:29'),
(154, 66, 'moinul islan', '01923583865', 40, 'moi@gmail.com', 'Dhaka', NULL, 1500, '2023-05-01 04:00:00', 1, '2023-05-20 15:30:59', '2023-05-20 15:30:59'),
(155, 66, 'abul kalam', '01824369832', 41, 'abul@gmail.com', 'Dhaka', NULL, 5500, '2023-05-22 04:00:00', 1, '2023-05-20 16:13:16', '2023-05-22 14:23:46'),
(156, 67, 'GUEST CUSTOMER', '123456', NULL, NULL, NULL, NULL, 0, NULL, 0, '2023-05-22 03:01:37', '2023-05-22 03:01:37'),
(157, 67, 'majhar', '01912852369', NULL, NULL, NULL, NULL, 35000, '2023-05-21 04:00:00', 1, '2023-05-22 03:02:46', '2023-05-22 03:15:25'),
(158, 67, 'hasan patoary', '01712855542', NULL, NULL, NULL, NULL, 64000, '2023-05-22 04:00:00', 1, '2023-05-22 03:09:30', '2023-05-22 13:39:53'),
(159, 68, 'GUEST CUSTOMER', '123456', NULL, NULL, NULL, NULL, 0, NULL, 0, '2023-05-22 15:35:18', '2023-05-22 15:35:18'),
(160, 71, 'GUEST CUSTOMER', '123456', NULL, NULL, NULL, NULL, 0, NULL, 0, '2023-05-23 17:22:33', '2023-05-23 17:22:33'),
(161, 71, 'majhar', '01912835263', NULL, NULL, NULL, NULL, 0, '2023-05-23 04:00:00', 1, '2023-05-23 17:24:33', '2023-05-23 17:24:33'),
(162, 71, 'Raihan', '01712365241', 43, 'rai@gmail.com', 'Dhaka', NULL, 5000, '2023-05-01 04:00:00', 1, '2023-05-23 17:28:13', '2023-05-23 17:28:13'),
(163, 72, 'GUEST CUSTOMER', '123456', NULL, NULL, NULL, NULL, 0, NULL, 0, '2023-05-24 14:32:16', '2023-05-24 14:32:16'),
(164, 71, 'rasel', '01923635284', NULL, NULL, NULL, NULL, 0, '2023-05-24 04:00:00', 1, '2023-05-24 14:53:59', '2023-05-24 14:53:59'),
(165, 73, 'GUEST CUSTOMER', '123456', NULL, NULL, NULL, NULL, 0, NULL, 0, '2023-05-26 23:46:50', '2023-05-26 23:46:50'),
(166, 73, 'salam', '01723639685', 47, 'asdf@gmail.com', 'sft he fghjj', NULL, 600, '2023-05-02 04:00:00', 1, '2023-05-27 13:29:23', '2023-05-27 13:29:23'),
(167, 73, 'Alim', '01812639685', 48, NULL, NULL, NULL, 600, '2023-04-29 04:00:00', 1, '2023-05-27 13:31:18', '2023-05-28 23:12:30'),
(168, 73, 'Zamil', '01712369852', NULL, NULL, NULL, NULL, 700, '2023-05-02 04:00:00', 1, '2023-05-28 12:30:13', '2023-05-28 12:30:13'),
(169, 73, 'Zahid hasan', '01712365275', NULL, NULL, NULL, 'images/customer/1767211837120938.jpg', 0, '2023-05-29 04:00:00', 1, '2023-05-28 23:16:15', '2023-05-29 17:15:40'),
(170, 74, 'GUEST CUSTOMER', '123456', NULL, NULL, NULL, NULL, 0, NULL, 0, '2023-06-07 05:02:08', '2023-06-07 05:02:08'),
(171, 75, 'GUEST CUSTOMER', '123456', NULL, NULL, NULL, NULL, 0, NULL, 0, '2023-06-07 23:18:04', '2023-06-07 23:18:04'),
(172, 77, 'GUEST CUSTOMER', '123456', NULL, NULL, NULL, NULL, 0, NULL, 0, '2023-06-07 23:18:59', '2023-06-07 23:18:59'),
(173, 82, 'GUEST CUSTOMER', '123456', NULL, NULL, NULL, NULL, 0, NULL, 0, '2023-06-08 00:58:42', '2023-06-08 00:58:42'),
(174, 99, 'GUEST CUSTOMER', '123456', NULL, NULL, NULL, NULL, 0, NULL, 0, '2023-06-08 01:09:26', '2023-06-08 01:09:26'),
(175, 101, 'GUEST CUSTOMER', '123456', NULL, NULL, NULL, NULL, 0, NULL, 0, '2023-06-08 01:11:06', '2023-06-08 01:11:06'),
(176, 111, 'GUEST CUSTOMER', '123456', NULL, NULL, NULL, NULL, 0, NULL, 0, '2023-06-08 04:34:03', '2023-06-08 04:34:03'),
(177, 115, 'GUEST CUSTOMER', '123456', NULL, NULL, NULL, NULL, 0, NULL, 0, '2023-06-08 05:04:44', '2023-06-08 05:04:44'),
(178, 116, 'GUEST CUSTOMER', '123456', NULL, NULL, NULL, NULL, 0, NULL, 0, '2023-06-08 05:06:43', '2023-06-08 05:06:43'),
(179, 117, 'GUEST CUSTOMER', '123456', NULL, NULL, NULL, NULL, 0, NULL, 0, '2023-06-08 05:08:19', '2023-06-08 05:08:19'),
(180, 118, 'GUEST CUSTOMER', '123456', NULL, NULL, NULL, NULL, 0, NULL, 0, '2023-06-12 06:50:33', '2023-06-12 06:50:33'),
(181, 121, 'GUEST CUSTOMER', '123456', NULL, NULL, NULL, NULL, 0, NULL, 0, '2023-06-12 07:04:22', '2023-06-12 07:04:22'),
(182, 122, 'GUEST CUSTOMER', '123456', NULL, NULL, NULL, NULL, 0, NULL, 0, '2023-06-12 07:23:46', '2023-06-12 07:23:46'),
(183, 123, 'GUEST CUSTOMER', '123456', NULL, NULL, NULL, NULL, 0, NULL, 0, '2023-06-12 07:29:37', '2023-06-12 07:29:37'),
(184, 129, 'GUEST CUSTOMER', '123456', NULL, NULL, NULL, NULL, 0, NULL, 0, '2023-06-14 02:56:43', '2023-06-14 02:56:43'),
(185, 130, 'GUEST CUSTOMER', '123456', NULL, NULL, NULL, NULL, 0, NULL, 0, '2023-06-14 02:57:47', '2023-06-14 02:57:47'),
(186, 132, 'GUEST CUSTOMER', '123456', NULL, NULL, NULL, NULL, 0, NULL, 0, '2023-06-14 03:03:51', '2023-06-14 03:03:51'),
(187, 133, 'GUEST CUSTOMER', '123456', NULL, NULL, NULL, NULL, 0, NULL, 0, '2023-06-14 03:14:03', '2023-06-14 03:14:03'),
(188, 134, 'GUEST CUSTOMER', '123456', NULL, NULL, NULL, NULL, 0, NULL, 0, '2023-06-14 03:26:18', '2023-06-14 03:26:18'),
(189, 144, 'GUEST CUSTOMER', '123456', NULL, NULL, NULL, NULL, 0, NULL, 0, '2023-06-14 04:03:14', '2023-06-14 04:03:14'),
(190, 149, 'GUEST CUSTOMER', '123456', NULL, NULL, NULL, NULL, 0, NULL, 0, '2023-06-14 05:08:07', '2023-06-14 05:08:07'),
(191, 65, 'azad abul kalam', '01852639685', NULL, NULL, NULL, NULL, 6000, '2023-05-31 18:00:00', 1, '2023-06-14 05:15:04', '2023-06-14 05:46:47'),
(192, 150, 'GUEST CUSTOMER', '123456', NULL, NULL, NULL, NULL, 0, NULL, 0, '2023-06-14 05:46:27', '2023-06-14 05:46:27'),
(193, 152, 'GUEST CUSTOMER', '123456', NULL, NULL, NULL, NULL, 0, NULL, 0, '2023-06-14 06:17:47', '2023-06-14 06:17:47'),
(194, 153, 'GUEST CUSTOMER', '123456', NULL, NULL, NULL, NULL, 0, NULL, 0, '2023-06-14 06:20:52', '2023-06-14 06:20:52'),
(195, 154, 'GUEST CUSTOMER', '123456', NULL, NULL, NULL, NULL, 0, NULL, 0, '2023-06-14 06:29:56', '2023-06-14 06:29:56'),
(196, 65, 'Ahsan', '01923563280', NULL, NULL, NULL, NULL, 4000, '2023-05-31 18:00:00', 1, '2023-06-20 13:54:04', '2023-06-20 13:56:35'),
(197, 65, 'Faysal ahmed', '01712635238', NULL, NULL, NULL, NULL, 2000, '2023-06-01 18:00:00', 1, '2023-06-20 13:55:02', '2023-06-20 13:57:16'),
(198, 65, 'Rubel hossain', '01963536985', NULL, NULL, NULL, NULL, 2000, '2023-05-31 18:00:00', 1, '2023-06-22 05:19:30', '2023-06-22 05:19:30'),
(199, 65, 'kabir mama', '01712536838', NULL, NULL, NULL, NULL, 2000, '2023-05-31 18:00:00', 1, '2023-06-23 05:24:58', '2023-06-23 05:24:58'),
(200, 65, 'sagir mama', '01713568988', NULL, NULL, NULL, NULL, 1000, '2023-06-06 18:00:00', 1, '2023-06-23 05:42:32', '2023-06-23 05:43:21'),
(201, 65, 'saiful@gmail.com', '01822885566', NULL, NULL, NULL, NULL, 6000, '2023-04-01 18:00:00', 1, '2023-06-23 05:44:45', '2023-06-23 05:45:11'),
(202, 65, 'hassem', '01923635287', NULL, NULL, NULL, NULL, 0, '2023-05-31 18:00:00', 1, '2023-06-24 18:18:59', '2023-06-24 18:18:59'),
(203, 60, 'fgv', '8548885874', NULL, NULL, NULL, NULL, 50, '2023-06-19 18:00:00', 1, '2023-06-25 06:41:49', '2023-06-25 06:41:49'),
(204, 60, 'ccc', '8895885885', NULL, NULL, NULL, NULL, 0, NULL, 1, '2023-06-25 07:02:43', '2023-06-25 07:02:43'),
(205, 65, 'hasem Ali talukder', '01712369852', NULL, NULL, NULL, NULL, 2000, '2023-05-31 18:00:00', 1, '2023-06-28 15:15:28', '2023-06-28 15:15:28'),
(206, 65, 'rausul islam', '01821639852', NULL, NULL, NULL, NULL, 3000, '2023-06-27 18:00:00', 1, '2023-06-28 15:22:19', '2023-06-28 15:22:19'),
(207, 65, 'Sujata Ali vuiya', '01712369852', NULL, NULL, NULL, NULL, 5000, '2023-06-27 18:00:00', 1, '2023-06-28 15:22:52', '2023-06-28 15:22:52'),
(208, 65, 'robin', '017123698524', 36, 'robin@gmail.com', 'Dhanbari Tangail', NULL, 4000, '2023-06-30 18:00:00', 1, '2023-07-07 08:39:45', '2023-07-07 08:39:45'),
(209, 65, 'dear', '01812586352', NULL, NULL, NULL, NULL, 1000, '2022-05-31 18:00:00', 1, '2023-07-09 17:56:15', '2023-07-09 17:56:15'),
(210, 65, 'Zahid master', '017123698524', NULL, NULL, NULL, NULL, 2500, '2023-06-30 18:00:00', 1, '2023-07-15 09:30:33', '2023-07-15 09:30:33'),
(211, 65, 'Rasel ahmed', '01712369852', NULL, NULL, NULL, NULL, 5000, '2023-05-31 18:00:00', 1, '2023-07-17 13:50:55', '2023-07-17 13:50:55'),
(212, 65, 'majhar', '01742635281', NULL, NULL, NULL, NULL, 2000, '2023-07-06 18:00:00', 1, '2023-07-22 11:38:50', '2023-07-22 11:38:50'),
(213, 164, 'GUEST CUSTOMER', '123456', NULL, NULL, NULL, NULL, 0, NULL, 0, '2023-07-29 05:56:07', '2023-07-29 05:56:07'),
(214, 164, 'majhar', '01812635245', NULL, NULL, NULL, NULL, 3000, '2023-06-30 18:00:00', 1, '2023-07-29 05:58:01', '2023-07-29 05:58:42'),
(215, 164, 'hasan mollah', '01923563285', NULL, NULL, NULL, NULL, 0, NULL, 1, '2023-07-30 05:15:36', '2023-07-30 05:15:36'),
(216, 166, 'GUEST CUSTOMER', '123456', NULL, NULL, NULL, NULL, 0, NULL, 0, '2023-07-30 05:29:03', '2023-07-30 05:29:03'),
(217, 164, 'majhar', '01916085838', NULL, NULL, NULL, NULL, 0, NULL, 1, '2023-08-05 09:15:52', '2023-08-05 09:15:52'),
(218, 164, 'rausul islam', '01717719655', NULL, NULL, NULL, NULL, 5000, '2023-07-31 18:00:00', 1, '2023-08-05 09:23:11', '2023-08-05 09:23:11'),
(219, 164, 'zamilur reza', '01712365285', NULL, NULL, NULL, NULL, 5000, '2022-11-01 18:00:00', 1, '2023-08-08 08:25:13', '2023-08-08 08:27:17'),
(220, 170, 'GUEST CUSTOMER', '123456', NULL, NULL, NULL, NULL, 0, NULL, 0, '2023-08-09 09:03:52', '2023-08-09 09:03:52'),
(221, 173, 'GUEST CUSTOMER', '123456', NULL, NULL, NULL, NULL, 0, NULL, 0, '2023-08-09 09:05:16', '2023-08-09 09:05:16'),
(222, 174, 'GUEST CUSTOMER', '123456', NULL, NULL, NULL, NULL, 0, NULL, 0, '2023-08-10 12:49:45', '2023-08-10 12:49:45'),
(223, 177, 'GUEST CUSTOMER', '123456', NULL, NULL, NULL, NULL, 0, NULL, 0, '2023-08-13 12:17:05', '2023-08-13 12:17:05'),
(224, 180, 'GUEST CUSTOMER', '123456', NULL, NULL, NULL, NULL, 0, NULL, 0, '2023-08-16 06:02:28', '2023-08-16 06:02:28'),
(225, 181, 'GUEST CUSTOMER', '123456', NULL, NULL, NULL, NULL, 0, NULL, 0, '2023-08-16 06:15:13', '2023-08-16 06:15:13'),
(226, 182, 'GUEST CUSTOMER', '123456', NULL, NULL, NULL, NULL, 0, NULL, 0, '2023-08-16 06:17:24', '2023-08-16 06:17:24'),
(227, 164, 'kakoli', '01712856398', NULL, NULL, NULL, NULL, 6000, '2022-08-01 18:00:00', 1, '2023-08-18 06:51:58', '2023-08-18 06:51:58'),
(228, 185, 'GUEST CUSTOMER', '123456', NULL, NULL, NULL, NULL, 0, NULL, 0, '2023-08-18 06:56:55', '2023-08-18 06:56:55'),
(229, 187, 'GUEST CUSTOMER', '123456', NULL, NULL, NULL, NULL, 0, NULL, 0, '2023-08-18 07:09:19', '2023-08-18 07:09:19'),
(230, 189, 'GUEST CUSTOMER', '123456', NULL, NULL, NULL, NULL, 0, NULL, 0, '2023-08-20 07:36:43', '2023-08-20 07:36:43'),
(231, 191, 'GUEST CUSTOMER', '123456', NULL, NULL, NULL, NULL, 0, NULL, 0, '2023-08-20 11:30:58', '2023-08-20 11:30:58'),
(232, 192, 'GUEST CUSTOMER', '123456', NULL, NULL, NULL, NULL, 0, NULL, 0, '2023-08-20 11:32:19', '2023-08-20 11:32:19'),
(233, 193, 'GUEST CUSTOMER', '123456', NULL, NULL, NULL, NULL, 0, NULL, 0, '2023-08-20 11:35:32', '2023-08-20 11:35:32'),
(234, 197, 'GUEST CUSTOMER', '123456', NULL, NULL, NULL, NULL, 0, NULL, 0, '2023-08-21 09:17:12', '2023-08-21 09:17:12'),
(235, 164, 'rashid vai', '01742563985', NULL, NULL, NULL, NULL, 5000, '2023-08-20 18:00:00', 1, '2023-08-21 10:32:57', '2023-08-21 10:32:57'),
(236, 198, 'GUEST CUSTOMER', '123456', NULL, NULL, NULL, NULL, 0, NULL, 0, '2023-08-22 06:26:26', '2023-08-22 06:26:26'),
(237, 201, 'GUEST CUSTOMER', '123456', NULL, NULL, NULL, NULL, 0, NULL, 0, '2023-08-22 07:18:54', '2023-08-22 07:18:54'),
(238, 203, 'GUEST CUSTOMER', '123456', NULL, NULL, NULL, NULL, 0, NULL, 0, '2023-08-23 09:40:17', '2023-08-23 09:40:17'),
(239, 204, 'GUEST CUSTOMER', '123456', NULL, NULL, NULL, NULL, 0, NULL, 0, '2023-08-24 10:12:00', '2023-08-24 10:12:00'),
(240, 205, 'GUEST CUSTOMER', '123456', NULL, NULL, NULL, NULL, 0, NULL, 0, '2023-08-24 10:48:45', '2023-08-24 10:48:45'),
(241, 206, 'GUEST CUSTOMER', '123456', NULL, NULL, NULL, NULL, 0, NULL, 0, '2023-08-28 04:52:47', '2023-08-28 04:52:47'),
(242, 164, 'Robin', '01742563963', NULL, NULL, NULL, NULL, 500, '2023-07-31 18:00:00', 1, '2023-08-29 08:27:56', '2023-08-29 08:27:56'),
(243, 164, 'Robin', '017425638524', NULL, 'robin@gmail.com', NULL, NULL, 500, '2023-07-31 18:00:00', 1, '2023-08-29 08:28:35', '2023-08-29 08:31:03'),
(244, 207, 'GUEST CUSTOMER', '123456', NULL, NULL, NULL, NULL, 0, NULL, 0, '2023-08-29 08:49:07', '2023-08-29 08:49:07'),
(245, 207, 'sajib', '01745635258', NULL, NULL, NULL, NULL, 0, NULL, 1, '2023-08-29 08:54:35', '2023-08-29 08:54:35'),
(246, 164, 'harun', '01725874586', NULL, NULL, NULL, NULL, 0, NULL, 1, '2023-08-30 06:43:51', '2023-08-30 06:43:51'),
(247, 164, 'khaked', '01725639685', NULL, NULL, NULL, NULL, 500, '2023-08-09 18:00:00', 1, '2023-08-30 13:43:23', '2023-08-30 13:44:22'),
(248, 164, 'hsan', '017125369852', NULL, NULL, NULL, NULL, 0, NULL, 1, '2023-09-02 06:01:34', '2023-09-02 06:01:34'),
(249, 211, 'GUEST CUSTOMER', '123456', NULL, NULL, NULL, NULL, 0, NULL, 0, '2023-09-02 06:24:11', '2023-09-02 06:24:11'),
(250, 164, 'karim', '0174256369', NULL, NULL, NULL, NULL, 0, NULL, 1, '2023-09-02 06:26:44', '2023-09-02 06:26:44'),
(251, 218, 'GUEST CUSTOMER', '123456', NULL, NULL, NULL, NULL, 0, NULL, 0, '2023-09-06 11:18:23', '2023-09-06 11:18:23'),
(252, 219, 'GUEST CUSTOMER', '123456', NULL, NULL, NULL, NULL, 0, NULL, 0, '2023-09-06 11:34:17', '2023-09-06 11:34:17'),
(253, 164, 'Raisul Islam abir', '01963563247', NULL, NULL, NULL, NULL, 3000, '2023-09-06 18:00:00', 1, '2023-09-07 02:49:49', '2023-09-07 02:49:49'),
(254, 164, 'naim hossen', '01742563854', NULL, NULL, NULL, NULL, 5000, '2023-09-07 18:00:00', 1, '2023-09-08 08:48:53', '2023-09-08 08:48:53'),
(255, 164, 'মাছুম বিল্লাহ', '01712568574', NULL, NULL, NULL, NULL, 0, NULL, 1, '2023-09-13 11:07:01', '2023-09-13 11:07:01'),
(256, 164, 'Mr.saimun', '01912896352', NULL, NULL, NULL, NULL, 0, NULL, 1, '2023-09-20 06:48:24', '2023-09-20 06:48:24'),
(257, 164, 'Aci Motors', '01713-053029', NULL, NULL, NULL, NULL, 0, NULL, 1, '2023-09-22 02:48:37', '2023-09-22 02:48:37'),
(258, 164, 'saman ali', '01712635287', NULL, NULL, NULL, NULL, 0, NULL, 1, '2023-09-22 03:00:58', '2023-09-22 03:00:58'),
(259, 164, 'SABBIR Hossen', '01756968535', NULL, NULL, NULL, NULL, 50000, '2023-09-21 18:00:00', 1, '2023-09-22 03:54:02', '2023-09-22 03:54:02'),
(260, 164, 'kaysar chiwdhury', '01712369852', NULL, NULL, NULL, NULL, 5000, '2023-09-06 18:00:00', 1, '2023-09-22 03:54:45', '2023-09-22 03:54:45'),
(261, 164, 'mamun sarker', '01712433173', NULL, NULL, NULL, NULL, 0, NULL, 1, '2023-09-22 14:50:19', '2023-09-22 14:50:19');

-- --------------------------------------------------------

--
-- Table structure for table `due_alerts`
--

CREATE TABLE `due_alerts` (
  `id` bigint(20) UNSIGNED NOT NULL,
  `user_id` bigint(20) UNSIGNED NOT NULL,
  `customer_id` bigint(20) UNSIGNED NOT NULL,
  `alert_type` varchar(255) NOT NULL,
  `message` longtext NOT NULL,
  `created_at` timestamp NULL DEFAULT NULL,
  `updated_at` timestamp NULL DEFAULT NULL
) ENGINE=InnoDB DEFAULT CHARSET=utf8mb4 COLLATE=utf8mb4_unicode_ci;

--
-- Dumping data for table `due_alerts`
--

INSERT INTO `due_alerts` (`id`, `user_id`, `customer_id`, `alert_type`, `message`, `created_at`, `updated_at`) VALUES
(4, 60, 120, 'Mail', 'Hey, Nazrul Islam, \nYour recent due amount is 762.56 TK from 03 May 2023.\nPlease clear your dues as soon as possible!\n\nAdmin\nshakila enterprize', '2023-06-07 22:28:52', '2023-06-07 22:28:52'),
(5, 60, 128, 'Share', 'Hey, md mabrur hasan talukdar sonet, \nYour recent due amount is 5000 TK from 30 Apr 2023.\nPlease clear your dues as soon as possible!\n\nAdmin\nshakila enterprize', '2023-06-07 22:34:39', '2023-06-07 22:34:39'),
(6, 65, 147, 'SMS', 'Hey, Mr Jamil chowdhury, \nYour recent due amount is 700 TK from 16 May 2023.\nPlease clear your dues as soon as possible!\n\nAdmin\nSwapnil store', '2023-06-14 06:00:26', '2023-06-14 06:00:26'),
(7, 65, 147, 'Share', 'Hey, Mr Jamil chowdhury, \nYour recent due amount is 700 TK from 16 May 2023.\nPlease clear your dues as soon as possible!\n\nAdmin\nSwapnil store', '2023-06-14 06:00:35', '2023-06-14 06:00:35'),
(8, 65, 147, 'SMS', 'Hey, Mr Jamil chowdhury, \nYour recent due amount is 700 TK from 16 May 2023.\nPlease clear your dues as soon as possible!\n\nAdmin\nSwapnil store', '2023-06-14 06:01:54', '2023-06-14 06:01:54'),
(9, 65, 147, 'Mail', 'Hey, Mr Jamil chowdhury, \nYour recent due amount is 700 TK from 16 May 2023.\nPlease clear your dues as soon as possible!\n\nAdmin\nSwapnil store', '2023-06-14 06:02:37', '2023-06-14 06:02:37'),
(10, 65, 198, 'Share', 'Hey, Rubel hossain, \nYour recent due amount is 2000 TK from 01 Jun 2023.\nPlease clear your dues as soon as possible!\n\nAdmin\nSwapnil store', '2023-06-22 05:20:53', '2023-06-22 05:20:53'),
(11, 65, 198, 'SMS', 'Hey, Rubel hossain, \nYour recent due amount is 2000 TK from 01 Jun 2023.\nPlease clear your dues as soon as possible!\n\nAdmin\nSwapnil store', '2023-06-22 05:20:58', '2023-06-22 05:20:58'),
(12, 65, 211, 'Share', 'Hey, Rasel ahmed, \nYour recent due amount is 5830 TK from 01 Jun 2023.\nPlease clear your dues as soon as possible!\n\nAdmin\nSwapnil store', '2023-07-17 13:52:16', '2023-07-17 13:52:16'),
(13, 65, 211, 'Mail', 'Hey, Rasel ahmed, \nYour recent due amount is 5830 TK from 01 Jun 2023.\nPlease clear your dues as soon as possible!\n\nAdmin\nSwapnil store', '2023-07-17 13:52:30', '2023-07-17 13:52:30'),
(14, 65, 211, 'SMS', 'Hey, Rasel ahmed, \nYour recent due amount is 5830 TK from 01 Jun 2023.\nPlease clear your dues as soon as possible!\n\nAdmin\nSwapnil store', '2023-07-17 13:53:06', '2023-07-17 13:53:06'),
(15, 164, 235, 'Mail', 'Hey, rashid vai, \nYour recent due amount is 5417.5 TK from 21 Aug 2023.\nPlease clear your dues as soon as possible!\n\nmajhar\nferioala', '2023-08-21 10:34:36', '2023-08-21 10:34:36'),
(16, 164, 235, 'Share', 'Hey, rashid vai, \nYour recent due amount is 5417.5 TK from 21 Aug 2023.\nPlease clear your dues as soon as possible!\n\nmajhar\nferioala', '2023-08-21 10:35:20', '2023-08-21 10:35:20'),
(17, 164, 218, 'Share', 'Hey, rausul islam, \nYour recent due amount is 4000 TK from 01 Aug 2023.\nPlease clear your dues as soon as possible!\n\nmajhar\nferioala', '2023-08-23 14:08:48', '2023-08-23 14:08:48'),
(18, 164, 218, 'Mail', 'Hey, rausul islam, \nYour recent due amount is 4000 TK from 01 Aug 2023.\nPlease clear your dues as soon as possible!\n\nmajhar\nferioala', '2023-08-23 14:09:05', '2023-08-23 14:09:05'),
(19, 164, 243, 'Mail', 'Hey, Robin, \nYour recent due amount is 793.75 TK from 01 Aug 2023.\nPlease clear your dues as soon as possible!\n\nmajhar\nferioala', '2023-08-29 08:30:12', '2023-08-29 08:30:12'),
(20, 164, 243, 'Mail', 'Hey, Robin, \nYour recent due amount is 793.75 TK from 01 Aug 2023.\nPlease clear your dues as soon as possible!\n\nmajhar\nferioala', '2023-08-29 08:31:16', '2023-08-29 08:31:16'),
(21, 164, 214, 'Share', 'Hey, majhar, \nYour recent due amount is 1000 TK from 01 Jul 2023.\nPlease clear your dues as soon as possible!\n\nmajhar\nferioala', '2023-08-30 06:13:50', '2023-08-30 06:13:50'),
(22, 164, 214, 'Mail', 'Hey, majhar, \nYour recent due amount is 1000 TK from 01 Jul 2023.\nPlease clear your dues as soon as possible!\n\nmajhar\nferioala', '2023-08-30 06:14:33', '2023-08-30 06:14:33'),
(23, 164, 235, 'Share', 'Hey, rashid vai, \nYour recent due amount is 597.5 TK from 21 Aug 2023.\nPlease clear your dues as soon as possible!\n\nmajhar\nferioala', '2023-08-30 13:56:53', '2023-08-30 13:56:53'),
(24, 164, 235, 'Mail', 'Hey, rashid vai, \nYour recent due amount is 597.5 TK from 21 Aug 2023.\nPlease clear your dues as soon as possible!\n\nmajhar\nferioala', '2023-08-30 13:56:56', '2023-08-30 13:56:56'),
(25, 164, 235, 'SMS', 'Hey, rashid vai, \nYour recent due amount is 597.5 TK from 21 Aug 2023.\nPlease clear your dues as soon as possible!\n\nmajhar\nferioala', '2023-08-30 13:57:00', '2023-08-30 13:57:00'),
(26, 164, 235, 'SMS', 'Hey, rashid vai, \nYour recent due amount is 597.5 TK from 21 Aug 2023.\nPlease clear your dues as soon as possible!\n\nmajhar\nferioala', '2023-08-30 13:57:04', '2023-08-30 13:57:04'),
(27, 164, 214, 'SMS', 'Hey, majhar, \nYour recent due amount is 500 TK from ০১ জুলাই ২০২৩.\nPlease clear your dues as soon as possible!\n\nmajhar\nferioala', '2023-09-05 05:19:29', '2023-09-05 05:19:29'),
(28, 164, 214, 'Mail', 'Hey, majhar, \nYour recent due amount is 500 TK from ০১ জুলাই ২০২৩.\nPlease clear your dues as soon as possible!\n\nmajhar\nferioala', '2023-09-05 05:19:47', '2023-09-05 05:19:47'),
(29, 164, 214, 'Share', 'Hey, majhar, \nYour recent due amount is 500 TK from ০১ জুলাই ২০২৩.\nPlease clear your dues as soon as possible!\n\nmajhar\nferioala', '2023-09-05 05:19:57', '2023-09-05 05:19:57'),
(30, 164, 218, 'SMS', 'Hey, rausul islam, \nYour recent due amount is 4000 TK from ০১ আগস্ট ২০২৩.\nPlease clear your dues as soon as possible!\n\nmajhar\nferioala', '2023-09-05 05:20:06', '2023-09-05 05:20:06'),
(31, 164, 218, 'Mail', 'Hey, rausul islam, \nYour recent due amount is 4000 TK from ০১ আগস্ট ২০২৩.\nPlease clear your dues as soon as possible!\n\nmajhar\nferioala', '2023-09-05 05:20:09', '2023-09-05 05:20:09'),
(32, 164, 218, 'Share', 'Hey, rausul islam, \nYour recent due amount is 4000 TK from ০১ আগস্ট ২০২৩.\nPlease clear your dues as soon as possible!\n\nmajhar\nferioala', '2023-09-05 05:20:12', '2023-09-05 05:20:12'),
(33, 164, 214, 'SMS', 'Hey, majhar, \nYour recent due amount is 300 TK from 01 Jul 2023.\nPlease clear your dues as soon as possible!\n\nmajharul islam\nferioala bd', '2023-09-22 02:43:12', '2023-09-22 02:43:12'),
(34, 164, 214, 'Mail', 'Hey, majhar, \nYour recent due amount is 300 TK from 01 Jul 2023.\nPlease clear your dues as soon as possible!\n\nmajharul islam\nferioala bd', '2023-09-22 02:43:41', '2023-09-22 02:43:41'),
(35, 164, 214, 'Share', 'Hey, majhar, \nYour recent due amount is 300 TK from 01 Jul 2023.\nPlease clear your dues as soon as possible!\n\nmajharul islam\nferioala bd', '2023-09-22 02:43:54', '2023-09-22 02:43:54');

-- --------------------------------------------------------

--
-- Table structure for table `expenses`
--

CREATE TABLE `expenses` (
  `id` bigint(20) UNSIGNED NOT NULL,
  `user_id` bigint(20) UNSIGNED DEFAULT NULL,
  `name` varchar(255) NOT NULL,
  `created_at` timestamp NULL DEFAULT NULL,
  `updated_at` timestamp NULL DEFAULT NULL
) ENGINE=InnoDB DEFAULT CHARSET=utf8mb4 COLLATE=utf8mb4_unicode_ci;

--
-- Dumping data for table `expenses`
--

INSERT INTO `expenses` (`id`, `user_id`, `name`, `created_at`, `updated_at`) VALUES
(1, NULL, 'Purchase', '2023-01-02 22:18:59', '2023-01-02 22:18:59'),
(2, NULL, 'Transport', '2023-01-02 22:19:07', '2023-01-02 22:19:07'),
(3, NULL, 'Wages & Salary', '2023-01-02 22:19:16', '2023-01-02 22:19:16'),
(4, NULL, 'Sales & Marketing', '2023-01-02 22:19:23', '2023-01-02 22:19:23'),
(5, NULL, 'Bank fees Charge', '2023-01-02 22:19:30', '2023-01-02 22:19:30'),
(6, NULL, 'Office Rent', '2023-01-02 22:19:38', '2023-01-02 22:19:38'),
(7, NULL, 'Bad Debt', '2023-01-02 22:19:46', '2023-01-02 22:19:46'),
(8, NULL, 'Depreciation Cost', '2023-01-02 22:19:57', '2023-01-02 22:19:57'),
(9, NULL, 'Office stationary', '2023-01-02 22:20:06', '2023-01-02 22:20:06'),
(10, NULL, 'Automobile Expense', '2023-01-02 22:20:14', '2023-01-02 22:20:14'),
(11, NULL, 'Software Cost', '2023-01-02 22:20:21', '2023-01-02 22:20:21'),
(12, NULL, 'It Expense', '2023-01-02 22:20:29', '2023-01-02 22:20:29'),
(13, NULL, 'Internet Bill', '2023-01-02 22:20:36', '2023-01-02 22:20:36'),
(14, NULL, 'Fotocopy Bill', '2023-01-02 22:20:43', '2023-01-02 22:20:43'),
(15, NULL, 'Food', '2023-01-02 22:20:50', '2023-01-02 22:20:50'),
(16, NULL, 'Entertainment', '2023-01-02 22:20:56', '2023-01-02 22:20:56'),
(17, NULL, 'Printing & Packaging', '2023-01-02 22:21:02', '2023-01-02 22:21:02'),
(18, NULL, 'Repairs', '2023-01-02 22:21:09', '2023-01-02 22:21:09'),
(19, NULL, 'Maintain', '2023-01-02 22:21:15', '2023-01-02 22:21:15'),
(20, NULL, 'Gas Bill', '2023-01-02 22:34:10', '2023-01-02 22:34:10'),
(21, NULL, 'Water Bil', '2023-01-02 22:34:21', '2023-01-02 22:34:21'),
(22, NULL, 'Electricity Bill', '2023-01-02 22:34:30', '2023-01-02 22:34:30'),
(23, NULL, 'Rickshaw Rent', '2023-01-02 22:34:37', '2023-01-02 22:34:37'),
(24, NULL, 'Credit Card Charge', '2023-01-02 22:34:46', '2023-01-02 22:34:46'),
(25, NULL, 'Audit fee', '2023-01-02 22:34:53', '2023-01-02 22:34:53'),
(26, NULL, 'Due Payment', '2023-01-02 22:35:02', '2023-01-02 22:35:02'),
(27, NULL, 'Hotel Rent', '2023-01-02 22:35:10', '2023-01-02 22:35:10'),
(28, NULL, 'Product Transport', '2023-01-02 22:35:17', '2023-01-02 22:35:17'),
(29, NULL, 'Service Making Cost', '2023-01-02 22:35:24', '2023-01-02 22:35:24'),
(30, NULL, 'Cable TV Bill', '2023-01-02 22:35:31', '2023-01-02 22:35:31'),
(31, NULL, 'Security Bill', '2023-01-02 22:35:39', '2023-01-02 22:35:39'),
(32, NULL, 'CCTV Bill & Charge', '2023-01-02 22:35:46', '2023-01-02 22:35:46'),
(33, NULL, 'Hardware purchase', '2023-01-02 22:35:54', '2023-01-02 22:35:54'),
(34, NULL, 'Equipment Rental', '2023-01-02 22:36:04', '2023-01-02 22:36:04'),
(35, NULL, 'Subscription fees', '2023-01-02 22:36:13', '2023-01-02 22:36:13'),
(36, NULL, 'Income Tax Expense', '2023-01-02 22:36:21', '2023-01-02 22:36:21'),
(37, NULL, 'Vat', '2023-01-02 22:44:59', '2023-01-02 22:44:59'),
(38, NULL, 'Vat Expense', '2023-01-02 22:45:05', '2023-01-02 22:45:05'),
(39, NULL, 'Interest Expense', '2023-01-02 22:45:12', '2023-01-02 22:45:12'),
(40, NULL, 'Meals', '2023-01-02 22:45:20', '2023-01-02 22:45:20'),
(41, NULL, 'Advertising', '2023-01-02 22:45:26', '2023-01-02 22:45:26'),
(42, NULL, 'Repair & Maintenance', '2023-01-02 22:45:32', '2023-01-02 22:45:32'),
(43, NULL, 'Commission & Fees', '2023-01-02 22:45:39', '2023-01-02 22:45:39'),
(44, NULL, 'Income & Expense Cost', '2023-01-02 22:45:46', '2023-01-02 22:45:46'),
(45, NULL, 'Salary', '2023-01-02 22:45:52', '2023-01-02 22:45:52'),
(46, NULL, 'Advance Tax', '2023-01-02 22:45:58', '2023-01-02 22:45:58'),
(47, NULL, 'Office Supply', '2023-01-02 22:46:08', '2023-01-02 22:46:08'),
(48, NULL, 'Mobile Bill', '2023-01-02 22:46:19', '2023-01-02 22:46:19'),
(49, NULL, 'Mobile Bill', '2023-01-02 22:46:32', '2023-01-02 22:46:32'),
(50, NULL, 'Cash', '2023-01-18 16:38:16', '2023-01-18 16:38:16'),
(51, 5, 'aaa', '2023-02-25 22:08:52', '2023-02-25 22:08:52'),
(52, 164, 'Transport', '2023-08-23 14:16:07', '2023-08-23 14:16:07');

-- --------------------------------------------------------

--
-- Table structure for table `expense_purposes`
--

CREATE TABLE `expense_purposes` (
  `id` bigint(20) UNSIGNED NOT NULL,
  `user_id` bigint(20) UNSIGNED DEFAULT NULL,
  `name` varchar(255) NOT NULL,
  `created_at` timestamp NULL DEFAULT NULL,
  `updated_at` timestamp NULL DEFAULT NULL
) ENGINE=InnoDB DEFAULT CHARSET=utf8mb4 COLLATE=utf8mb4_unicode_ci;

--
-- Dumping data for table `expense_purposes`
--

INSERT INTO `expense_purposes` (`id`, `user_id`, `name`, `created_at`, `updated_at`) VALUES
(1, 1, 'Salary', NULL, '2022-12-27 22:51:12'),
(2, 4, 'Addition Good', NULL, NULL),
(3, 5, 'New', '2022-12-27 22:51:07', '2022-12-27 22:51:07');

-- --------------------------------------------------------

--
-- Table structure for table `failed_jobs`
--

CREATE TABLE `failed_jobs` (
  `id` bigint(20) UNSIGNED NOT NULL,
  `uuid` varchar(255) NOT NULL,
  `connection` text NOT NULL,
  `queue` text NOT NULL,
  `payload` longtext NOT NULL,
  `exception` longtext NOT NULL,
  `failed_at` timestamp NOT NULL DEFAULT current_timestamp()
) ENGINE=InnoDB DEFAULT CHARSET=utf8mb4 COLLATE=utf8mb4_unicode_ci;

-- --------------------------------------------------------

--
-- Table structure for table `favorite_orders`
--

CREATE TABLE `favorite_orders` (
  `id` bigint(20) UNSIGNED NOT NULL,
  `user_id` bigint(20) UNSIGNED NOT NULL,
  `customer_id` bigint(20) UNSIGNED NOT NULL,
  `sales_man` varchar(255) NOT NULL,
  `order_type` varchar(255) NOT NULL,
  `invoice_date` date NOT NULL,
  `discount` decimal(8,2) DEFAULT NULL,
  `discount_price` decimal(8,2) DEFAULT NULL,
  `vat_price` decimal(8,2) DEFAULT NULL,
  `total` decimal(8,2) NOT NULL,
  `payment_type_id` int(11) DEFAULT NULL,
  `received_amount` decimal(8,2) DEFAULT NULL,
  `balance` decimal(8,2) DEFAULT NULL,
  `note` varchar(255) DEFAULT NULL,
  `created_at` timestamp NULL DEFAULT NULL,
  `updated_at` timestamp NULL DEFAULT NULL
) ENGINE=InnoDB DEFAULT CHARSET=utf8mb4 COLLATE=utf8mb4_unicode_ci;

--
-- Dumping data for table `favorite_orders`
--

INSERT INTO `favorite_orders` (`id`, `user_id`, `customer_id`, `sales_man`, `order_type`, `invoice_date`, `discount`, `discount_price`, `vat_price`, `total`, `payment_type_id`, `received_amount`, `balance`, `note`, `created_at`, `updated_at`) VALUES
(2, 5, 35, 'Md Hafiz Al', 'Retail', '2023-02-25', 0.00, 0.00, 0.00, 40.00, 2, 2.00, 38.00, NULL, '2023-02-26 01:59:18', '2023-02-26 01:59:18'),
(3, 39, 41, 'mazhar', 'Retail', '2023-03-02', 0.90, 29.00, 339.00, 3700.00, 1, 3700.00, 0.00, NULL, '2023-03-03 03:39:12', '2023-03-03 03:39:12'),
(4, 39, 41, 'mazhar', 'Retail', '2023-03-02', 0.00, 0.00, 137.50, 4217.50, 1, 200.00, 4017.50, NULL, '2023-03-03 03:43:35', '2023-03-03 03:43:35'),
(5, 39, 41, 'mazhar', 'Retail', '2023-03-03', 0.00, 0.00, 300.00, 211390.00, 2, 20000.00, 211840.00, NULL, '2023-03-03 16:33:23', '2023-03-03 16:33:23'),
(6, 5, 35, 'Md Hafiz Al', 'Retail', '2023-03-21', 0.00, 0.00, 0.00, 54.00, NULL, 0.00, 54.00, NULL, '2023-03-21 08:55:02', '2023-03-21 08:55:02'),
(7, 5, 35, 'Md Hafiz Al', 'Retail', '2023-03-22', 0.00, 0.00, 0.00, 475.00, 1, 0.00, 475.00, NULL, '2023-03-22 14:28:46', '2023-03-22 14:28:46'),
(8, 45, 64, 'Admin', 'Retail', '2023-04-04', 0.00, 0.00, 272.00, 2992.00, NULL, 0.00, 2992.00, NULL, '2023-04-04 10:33:32', '2023-04-04 10:33:32'),
(9, 45, 65, 'Admin', 'Retail', '2023-04-07', 10.00, 1728.00, 1728.00, 17280.00, NULL, 0.00, 17280.00, NULL, '2023-04-07 12:30:16', '2023-04-07 12:30:16'),
(10, 45, 68, 'Admin', 'Retail', '2023-04-19', 0.00, 0.00, 272.00, 5992.00, 1, 0.00, 5992.00, NULL, '2023-04-19 03:42:26', '2023-04-19 03:42:26'),
(11, 47, 101, 'Admin', 'Retail', '2023-04-19', 0.00, 0.00, 1.45, 143.95, 2, 120.00, 23.95, NULL, '2023-04-19 20:33:37', '2023-04-19 20:33:37'),
(12, 49, 102, 'Admin', 'Retail', '2023-04-20', 0.00, 0.00, 11.40, 638.40, NULL, 0.00, 638.40, NULL, '2023-04-20 03:53:23', '2023-04-20 03:53:23'),
(14, 49, 99, 'Admin', 'Retail', '2023-04-20', 0.00, 0.00, 11.40, 638.40, NULL, 0.00, 638.40, NULL, '2023-04-20 04:02:50', '2023-04-20 04:02:50'),
(15, 48, 98, 'Admin', 'Retail', '2023-04-20', 1.00, 11.00, 0.00, 1089.00, 2, 1000.00, 89.00, NULL, '2023-04-20 11:00:49', '2023-04-20 11:00:49'),
(16, 60, 119, 'Admin', 'Retail', '2023-05-05', 0.00, 0.00, 27.02, 219.52, NULL, 0.00, 219.52, NULL, '2023-05-06 03:03:28', '2023-05-06 03:03:28'),
(17, 60, 119, 'Admin', 'Retail', '2023-05-05', 0.00, 0.00, 39.69, 295.55, NULL, 0.00, 295.55, NULL, '2023-05-06 03:04:06', '2023-05-06 03:04:06'),
(18, 64, 137, 'Admin', 'Retail', '2023-05-08', 4.70, 27.40, 41.40, 600.00, 1, 200.00, 400.00, NULL, '2023-05-09 03:15:28', '2023-05-09 03:15:28'),
(19, 63, 139, 'Admin', 'Retail', '2023-05-09', 0.00, 0.00, 94.50, 720.00, NULL, 0.00, 220.00, NULL, '2023-05-09 21:05:22', '2023-05-09 21:05:22'),
(21, 66, 151, 'Admin', 'Retail', '2023-05-17', 0.00, 0.00, 21.15, 118.65, NULL, 0.00, 118.65, NULL, '2023-05-18 03:16:10', '2023-05-18 03:16:10'),
(22, 66, 152, 'Admin', 'Retail', '2023-05-17', 0.00, 0.00, 21.15, 118.65, NULL, 0.00, 118.65, NULL, '2023-05-18 03:18:02', '2023-05-18 03:18:02'),
(24, 66, 155, 'Admin', 'Retail', '2023-05-20', 2.20, 19.20, 139.20, 1000.00, 1, 500.00, 500.00, NULL, '2023-05-21 01:27:46', '2023-05-21 01:27:46'),
(25, 66, 151, 'Admin', 'Retail', '2023-05-21', 0.00, 0.00, 13.92, 101.92, NULL, 0.00, 101.92, NULL, '2023-05-21 21:54:54', '2023-05-21 21:54:54'),
(26, 66, 151, 'Admin', 'Retail', '2023-05-21', 0.00, 0.00, 13.92, 101.92, NULL, 0.00, 101.92, NULL, '2023-05-21 21:55:19', '2023-05-21 21:55:19'),
(27, 73, 165, 'Admin', 'Retail', '2023-05-27', 2.20, 45.60, 345.60, 2400.00, 1, 400.00, 2000.00, NULL, '2023-05-27 13:28:33', '2023-05-27 13:28:33'),
(28, 65, 146, 'Admin', 'Retail', '2023-07-24', 0.00, 0.00, 10.95, 83.95, NULL, 0.00, 83.95, NULL, '2023-07-24 06:52:46', '2023-07-24 06:52:46'),
(29, 164, 213, 'majhar', 'Retail', '2023-08-20', 0.00, 0.00, 7.50, 147.50, NULL, 0.00, 147.50, NULL, '2023-08-20 09:09:00', '2023-08-20 09:09:00'),
(30, 164, 213, 'majhar', 'Retail', '2023-08-30', 0.00, 0.00, 7.50, 817.50, 1, 0.00, 817.50, NULL, '2023-08-30 06:53:25', '2023-08-30 06:53:25');

-- --------------------------------------------------------

--
-- Table structure for table `favorite_order_details`
--

CREATE TABLE `favorite_order_details` (
  `id` bigint(20) UNSIGNED NOT NULL,
  `favorite_order_id` bigint(20) UNSIGNED NOT NULL,
  `product_id` bigint(20) UNSIGNED NOT NULL,
  `name` varchar(255) NOT NULL,
  `type` varchar(98) DEFAULT NULL,
  `quantity` int(10) UNSIGNED NOT NULL,
  `unit_price` decimal(8,2) NOT NULL,
  `buying_price` decimal(8,2) NOT NULL,
  `vat` decimal(8,2) DEFAULT NULL,
  `vat_price` decimal(8,2) DEFAULT NULL,
  `warrenty` date DEFAULT NULL,
  `created_at` timestamp NULL DEFAULT NULL,
  `updated_at` timestamp NULL DEFAULT NULL
) ENGINE=InnoDB DEFAULT CHARSET=utf8mb4 COLLATE=utf8mb4_unicode_ci;

--
-- Dumping data for table `favorite_order_details`
--

INSERT INTO `favorite_order_details` (`id`, `favorite_order_id`, `product_id`, `name`, `type`, `quantity`, `unit_price`, `buying_price`, `vat`, `vat_price`, `warrenty`, `created_at`, `updated_at`) VALUES
(4, 2, 1, '1 Alu', 'product', 1, 25.00, 15.00, NULL, NULL, NULL, '2023-02-26 01:59:18', '2023-02-26 01:59:18'),
(5, 2, 6, '5 banana', 'product', 1, 15.00, 10.00, NULL, NULL, NULL, '2023-02-26 01:59:18', '2023-02-26 01:59:18'),
(6, 3, 26, 'Kurti long', 'product', 1, 3390.00, 2000.00, NULL, NULL, NULL, '2023-03-03 03:39:12', '2023-03-03 03:39:12'),
(7, 4, 24, 'bicycle handle', 'product', 1, 690.00, 450.00, NULL, NULL, NULL, '2023-03-03 03:43:35', '2023-03-03 03:43:35'),
(8, 4, 26, 'Kurti long', 'product', 1, 3390.00, 2000.00, NULL, NULL, NULL, '2023-03-03 03:43:35', '2023-03-03 03:43:35'),
(9, 5, 26, 'Kurti long', 'product', 1, 3390.00, 2000.00, NULL, NULL, NULL, '2023-03-03 16:33:23', '2023-03-03 16:33:23'),
(10, 5, 27, 'three peace', 'product', 1, 2700.00, 2000.00, NULL, NULL, NULL, '2023-03-03 16:33:23', '2023-03-03 16:33:23'),
(11, 5, 28, 'motor cycle', 'product', 1, 125000.00, 100000.00, NULL, NULL, NULL, '2023-03-03 16:33:23', '2023-03-03 16:33:23'),
(12, 5, 29, 'Samsung A73', 'product', 1, 80000.00, 70000.00, NULL, NULL, NULL, '2023-03-03 16:33:23', '2023-03-03 16:33:23'),
(13, 6, 5, '4 kamala', 'product', 1, 54.00, 40.00, NULL, NULL, NULL, '2023-03-21 08:55:03', '2023-03-21 08:55:03'),
(14, 7, 1, '1 Alu', 'product', 5, 55.00, 40.00, NULL, NULL, NULL, '2023-03-22 14:28:46', '2023-03-22 14:28:46'),
(15, 7, 2, '2 Potol', 'product', 5, 40.00, 30.00, NULL, NULL, NULL, '2023-03-22 14:28:46', '2023-03-22 14:28:46'),
(16, 8, 50, 'pakisthani Kurti vol 3', 'product', 1, 2720.00, 2600.00, NULL, NULL, NULL, '2023-04-04 10:33:32', '2023-04-04 10:33:32'),
(17, 9, 50, 'pakisthani Kurti vol 3', 'product', 6, 2880.00, 2600.00, NULL, NULL, NULL, '2023-04-07 12:30:16', '2023-04-07 12:30:16'),
(18, 10, 50, 'pakisthani Kurti vol 3', 'product', 1, 2720.00, 2255.17, NULL, NULL, NULL, '2023-04-19 03:42:26', '2023-04-19 03:42:26'),
(19, 10, 52, 'kanji vorom long', 'product', 1, 3000.00, 2000.00, NULL, NULL, NULL, '2023-04-19 03:42:26', '2023-04-19 03:42:26'),
(20, 11, 58, 'Alu', 'product', 5, 28.50, 20.00, NULL, NULL, NULL, '2023-04-19 20:33:37', '2023-04-19 20:33:37'),
(21, 12, 60, 'Salt', 'product', 1, 60.00, 50.00, NULL, NULL, NULL, '2023-04-20 03:53:23', '2023-04-20 03:53:23'),
(22, 12, 63, 'Cofffee', 'product', 1, 600.00, 400.00, NULL, NULL, NULL, '2023-04-20 03:53:23', '2023-04-20 03:53:23'),
(25, 14, 60, 'Salt', 'product', 1, 60.00, 50.00, NULL, NULL, NULL, '2023-04-20 04:02:50', '2023-04-20 04:02:50'),
(26, 14, 63, 'Cofffee', 'product', 1, 600.00, 400.00, NULL, NULL, NULL, '2023-04-20 04:02:50', '2023-04-20 04:02:50'),
(27, 15, 69, 'Egg', 'product', 100, 11.00, 9.00, NULL, NULL, NULL, '2023-04-20 11:00:49', '2023-04-20 11:00:49'),
(28, 16, 83, 'Test product 1', 'product', 1, 100.00, 48.85, NULL, NULL, NULL, '2023-05-06 03:03:28', '2023-05-06 03:03:28'),
(29, 16, 84, 'Test product 2', 'product', 1, 50.00, 35.00, NULL, NULL, NULL, '2023-05-06 03:03:28', '2023-05-06 03:03:28'),
(30, 16, 85, 'Test product 3', 'product', 1, 70.00, 45.00, NULL, NULL, NULL, '2023-05-06 03:03:28', '2023-05-06 03:03:28'),
(31, 17, 83, 'Test product 1', 'product', 1, 100.00, 48.85, NULL, NULL, NULL, '2023-05-06 03:04:06', '2023-05-06 03:04:06'),
(32, 17, 84, 'Test product 2', 'product', 1, 50.00, 35.00, NULL, NULL, NULL, '2023-05-06 03:04:06', '2023-05-06 03:04:06'),
(33, 17, 85, 'Test product 3', 'product', 1, 70.00, 45.00, NULL, NULL, NULL, '2023-05-06 03:04:06', '2023-05-06 03:04:06'),
(34, 17, 86, 'Test product 4', 'product', 1, 72.00, 50.00, NULL, NULL, NULL, '2023-05-06 03:04:06', '2023-05-06 03:04:06'),
(35, 18, 96, 'Test product 1', 'product', 4, 30.00, 50.00, NULL, NULL, NULL, '2023-05-09 03:15:28', '2023-05-09 03:15:28'),
(36, 18, 97, 'Test product 2', 'product', 4, 40.00, 30.00, NULL, NULL, NULL, '2023-05-09 03:15:28', '2023-05-09 03:15:28'),
(37, 18, 98, 'Test product 3', 'product', 4, 60.00, 50.00, NULL, NULL, NULL, '2023-05-09 03:15:28', '2023-05-09 03:15:28'),
(38, 18, 99, 'Test product 4', 'product', 4, 15.00, 64.72, NULL, NULL, NULL, '2023-05-09 03:15:28', '2023-05-09 03:15:28'),
(39, 18, 100, 'Test product 5', 'product', 4, 10.00, 5.00, NULL, NULL, NULL, '2023-05-09 03:15:28', '2023-05-09 03:15:28'),
(40, 19, 101, 'Test product 4', 'product', 10, 40.00, 25.00, NULL, NULL, NULL, '2023-05-09 21:05:22', '2023-05-09 21:05:22'),
(41, 19, 102, 'Test product 5', 'product', 10, 30.00, 15.00, NULL, NULL, NULL, '2023-05-09 21:05:22', '2023-05-09 21:05:22'),
(43, 21, 113, 'Test product 2', 'product', 1, 60.00, 40.00, NULL, NULL, NULL, '2023-05-18 03:16:10', '2023-05-18 03:16:10'),
(44, 21, 114, 'Test product 3', 'product', 1, 50.00, 33.75, NULL, NULL, NULL, '2023-05-18 03:16:10', '2023-05-18 03:16:10'),
(45, 22, 113, 'Test product 2', 'product', 1, 60.00, 40.00, NULL, NULL, NULL, '2023-05-18 03:18:02', '2023-05-18 03:18:02'),
(46, 22, 114, 'Test product 3', 'product', 1, 50.00, 33.75, NULL, NULL, NULL, '2023-05-18 03:18:02', '2023-05-18 03:18:02'),
(50, 24, 112, 'Test product 1', 'product', 10, 40.00, 26.50, NULL, NULL, NULL, '2023-05-21 01:27:46', '2023-05-21 01:27:46'),
(51, 24, 113, 'Test product 2', 'product', 10, 70.00, 40.00, NULL, NULL, NULL, '2023-05-21 01:27:46', '2023-05-21 01:27:46'),
(52, 25, 112, 'Test product 1', 'product', 1, 40.00, 26.50, NULL, NULL, NULL, '2023-05-21 21:54:54', '2023-05-21 21:54:54'),
(53, 25, 113, 'Test product 2', 'product', 1, 70.00, 40.00, NULL, NULL, NULL, '2023-05-21 21:54:54', '2023-05-21 21:54:54'),
(54, 26, 112, 'Test product 1', 'product', 1, 40.00, 26.50, NULL, NULL, NULL, '2023-05-21 21:55:19', '2023-05-21 21:55:19'),
(55, 26, 113, 'Test product 2', 'product', 1, 70.00, 40.00, NULL, NULL, NULL, '2023-05-21 21:55:19', '2023-05-21 21:55:19'),
(56, 27, 130, 'Test product 1', 'product', 20, 60.00, 20.00, NULL, NULL, NULL, '2023-05-27 13:28:33', '2023-05-27 13:28:33'),
(57, 27, 131, 'Test product 2', 'product', 20, 60.00, 35.00, NULL, NULL, NULL, '2023-05-27 13:28:33', '2023-05-27 13:28:33'),
(58, 28, 111, 'Test product 2', 'product', 1, 35.00, 25.00, NULL, NULL, NULL, '2023-07-24 06:52:46', '2023-07-24 06:52:46'),
(59, 28, 110, 'Test product 1', 'product', 1, 50.00, 45.00, NULL, NULL, NULL, '2023-07-24 06:52:46', '2023-07-24 06:52:46'),
(60, 29, 137, 'Test product 2', 'product', 1, 50.00, 30.00, NULL, NULL, NULL, '2023-08-20 09:09:00', '2023-08-20 09:09:00'),
(61, 29, 138, 'Test product 3', 'product', 1, 60.00, 40.00, NULL, NULL, NULL, '2023-08-20 09:09:00', '2023-08-20 09:09:00'),
(62, 29, 136, 'Test product 1', 'product', 1, 30.00, 20.00, NULL, NULL, NULL, '2023-08-20 09:09:00', '2023-08-20 09:09:00'),
(63, 30, 136, 'Test product 1', 'product', 1, 700.00, 118.06, NULL, NULL, NULL, '2023-08-30 06:53:25', '2023-08-30 06:53:25'),
(64, 30, 137, 'Test product 2', 'product', 1, 50.00, 30.00, NULL, NULL, NULL, '2023-08-30 06:53:25', '2023-08-30 06:53:25'),
(65, 30, 138, 'Test product 3', 'product', 1, 60.00, 40.00, NULL, NULL, NULL, '2023-08-30 06:53:25', '2023-08-30 06:53:25');

-- --------------------------------------------------------

--
-- Table structure for table `group_infos`
--

CREATE TABLE `group_infos` (
  `id` bigint(20) UNSIGNED NOT NULL,
  `user_id` bigint(20) UNSIGNED NOT NULL,
  `name` varchar(255) NOT NULL,
  `created_at` timestamp NULL DEFAULT NULL,
  `updated_at` timestamp NULL DEFAULT NULL
) ENGINE=InnoDB DEFAULT CHARSET=utf8mb4 COLLATE=utf8mb4_unicode_ci;

--
-- Dumping data for table `group_infos`
--

INSERT INTO `group_infos` (`id`, `user_id`, `name`, `created_at`, `updated_at`) VALUES
(1, 5, 'Mirpur Gang', '2023-02-14 11:14:01', '2023-02-14 11:14:01'),
(2, 5, 'Mirpur Gang 2', '2023-02-14 11:14:20', '2023-02-14 11:14:20'),
(3, 5, 'Mirpur Gang 3', '2023-02-14 11:14:39', '2023-02-14 11:14:39'),
(4, 5, 'Dhanmondi', '2023-02-20 15:58:14', '2023-02-20 15:58:14'),
(5, 5, 'Science Lab', '2023-02-20 16:00:32', '2023-02-20 16:00:32'),
(6, 5, 'sss', '2023-02-25 22:28:01', '2023-02-25 22:28:01'),
(7, 5, 'Bikroy', '2023-02-26 20:08:24', '2023-02-26 20:08:24'),
(8, 39, 'dhaka', '2023-03-01 21:02:04', '2023-03-01 21:02:04'),
(9, 39, 'dhanmondi', '2023-03-01 21:02:54', '2023-03-01 21:02:54'),
(10, 39, 'farmgate', '2023-03-03 19:29:46', '2023-03-03 19:29:46'),
(11, 45, 'dhaka', '2023-04-04 20:28:31', '2023-04-04 20:28:31'),
(12, 45, 'farmgate', '2023-04-04 20:34:41', '2023-04-04 20:34:41'),
(13, 45, 'uttara', '2023-04-05 21:37:32', '2023-04-05 21:37:32'),
(14, 45, 'dhanmondi', '2023-04-06 08:49:30', '2023-04-06 08:49:30'),
(15, 45, 'new market', '2023-04-06 08:51:01', '2023-04-06 08:51:01'),
(16, 45, 'xyz', '2023-04-06 12:17:38', '2023-04-06 12:17:38'),
(17, 45, 'taltila', '2023-04-09 16:57:45', '2023-04-09 16:57:45'),
(18, 49, 'Jatrabari', '2023-04-19 23:02:37', '2023-04-19 23:02:37'),
(19, 49, 'Aziompur', '2023-04-20 00:07:38', '2023-04-20 00:07:38'),
(20, 58, 'Govt', '2023-04-29 20:45:26', '2023-04-29 20:45:26'),
(21, 58, 'Mirpur', '2023-04-29 21:30:56', '2023-04-29 21:30:56'),
(22, 47, 'Farmgate', '2023-04-30 18:40:25', '2023-04-30 18:40:25'),
(23, 59, 'Dhaka', '2023-05-01 03:21:21', '2023-05-01 03:21:21'),
(24, 59, 'Rajshahi', '2023-05-01 16:15:50', '2023-05-01 16:15:50'),
(25, 59, 'Comilla', '2023-05-02 02:14:45', '2023-05-02 02:14:45'),
(26, 60, 'Jamalpur', '2023-05-02 20:29:21', '2023-05-02 20:29:21'),
(27, 60, 'Dhaka', '2023-05-02 22:05:58', '2023-05-02 22:05:58'),
(28, 60, 'Farmgate', '2023-05-03 16:35:44', '2023-05-03 16:35:44'),
(29, 62, 'dhaka', '2023-05-04 17:45:27', '2023-05-04 17:45:27'),
(30, 60, 'dhaka', '2023-05-04 20:46:08', '2023-05-04 20:46:08'),
(31, 60, 'rangpur', '2023-05-04 20:46:30', '2023-05-04 20:46:30'),
(32, 63, 'dhaka', '2023-05-06 18:15:26', '2023-05-06 18:15:26'),
(33, 63, 'mirpur', '2023-05-07 02:37:40', '2023-05-07 02:37:40'),
(34, 64, 'kalapara', '2023-05-07 15:05:33', '2023-05-07 15:05:33'),
(35, 64, 'nowapara', '2023-05-13 16:02:41', '2023-05-13 16:02:41'),
(36, 65, 'Nadia', '2023-05-13 19:14:01', '2023-05-13 19:14:01'),
(37, 66, 'hasan', '2023-05-18 00:35:03', '2023-05-18 00:35:03'),
(38, 66, 'Boalkhali', '2023-05-18 02:14:05', '2023-05-18 02:14:05'),
(39, 66, 'Baluata', '2023-05-20 00:00:20', '2023-05-20 00:00:20'),
(40, 66, 'meherpur', '2023-05-20 15:30:17', '2023-05-20 15:30:17'),
(41, 66, 'mohona', '2023-05-20 16:12:32', '2023-05-20 16:12:32'),
(42, 68, 'Dhanmondi', '2023-05-22 15:37:32', '2023-05-22 15:37:32'),
(43, 71, 'Discount', '2023-05-23 17:27:49', '2023-05-23 17:27:49'),
(44, 71, 'Dhopaghat', '2023-05-23 17:30:24', '2023-05-23 17:30:24'),
(45, 71, 'narayanganj', '2023-05-26 02:23:54', '2023-05-26 02:23:54'),
(46, 71, 'narayanganj', '2023-05-26 02:23:54', '2023-05-26 02:23:54'),
(47, 73, 'Kazi Bari', '2023-05-26 23:59:19', '2023-05-26 23:59:19'),
(48, 73, 'Mirzabari', '2023-05-27 13:31:04', '2023-05-27 13:31:04'),
(49, 60, 'shakila@gmail.com', '2023-08-04 11:56:16', '2023-08-04 11:56:16'),
(50, 164, 'Miapara', '2023-09-08 08:53:55', '2023-09-08 08:53:55');

-- --------------------------------------------------------

--
-- Table structure for table `incomes`
--

CREATE TABLE `incomes` (
  `id` bigint(20) UNSIGNED NOT NULL,
  `user_id` bigint(20) UNSIGNED DEFAULT NULL,
  `name` varchar(255) NOT NULL,
  `created_at` timestamp NULL DEFAULT NULL,
  `updated_at` timestamp NULL DEFAULT NULL
) ENGINE=InnoDB DEFAULT CHARSET=utf8mb4 COLLATE=utf8mb4_unicode_ci;

--
-- Dumping data for table `incomes`
--

INSERT INTO `incomes` (`id`, `user_id`, `name`, `created_at`, `updated_at`) VALUES
(1, NULL, 'Service Sale', '2023-01-02 21:58:39', '2023-01-02 21:58:39'),
(2, NULL, 'Commission Received', '2023-01-02 22:00:53', '2023-01-02 22:00:53'),
(3, NULL, 'Service Charge', '2023-01-02 22:01:50', '2023-01-02 22:01:50'),
(4, NULL, 'Late fee Received', '2023-01-02 22:02:05', '2023-01-02 22:02:05'),
(5, NULL, 'Discount Received', '2023-01-02 22:02:27', '2023-01-02 22:02:27'),
(6, NULL, 'Furniture Sale', '2023-01-02 22:02:42', '2023-01-02 22:02:42'),
(7, NULL, 'Consultency fee', '2023-01-02 22:02:55', '2023-01-02 22:02:55'),
(8, NULL, 'Asset Sale', '2023-01-02 22:03:09', '2023-01-02 22:03:09'),
(9, NULL, 'Interest Received', '2023-01-02 22:03:20', '2023-01-02 22:03:20'),
(10, NULL, 'Bonus Received', '2023-01-02 22:03:34', '2023-01-02 22:03:34'),
(11, NULL, 'Shipping Charge', '2023-01-02 22:03:46', '2023-01-02 22:03:46'),
(12, NULL, 'Due Received', '2023-01-02 22:03:57', '2023-01-02 22:03:57'),
(13, NULL, 'Invest', '2023-01-02 22:04:06', '2023-01-02 22:04:06'),
(14, NULL, 'Loan', '2023-01-02 22:04:12', '2023-01-02 22:04:12'),
(15, NULL, 'Consultency', '2023-01-02 22:04:21', '2023-01-02 22:04:21'),
(16, NULL, 'Hardware Sale', '2023-01-02 22:04:29', '2023-01-02 22:04:29'),
(17, NULL, 'Wasted Sale', '2023-01-02 22:04:43', '2023-01-02 22:04:43'),
(18, NULL, 'Vat Received', '2023-01-02 22:04:56', '2023-01-02 22:04:56'),
(19, NULL, 'Vat Received', '2023-01-02 22:05:14', '2023-01-02 22:05:14'),
(20, 5, 'aaa', '2023-02-25 22:09:04', '2023-02-25 22:09:04'),
(21, 45, 'consultancy', '2023-04-05 21:40:59', '2023-04-05 21:40:59'),
(22, 63, 'Hotel Rent', '2023-05-07 16:34:33', '2023-05-07 16:34:33');

-- --------------------------------------------------------

--
-- Table structure for table `income_expenses`
--

CREATE TABLE `income_expenses` (
  `id` bigint(20) UNSIGNED NOT NULL,
  `user_id` bigint(20) UNSIGNED NOT NULL,
  `customer_id` bigint(20) UNSIGNED DEFAULT NULL,
  `supplier_id` bigint(20) UNSIGNED DEFAULT NULL,
  `accepted_as` int(10) UNSIGNED NOT NULL COMMENT '1=income,2=expense',
  `invoice_no` bigint(20) UNSIGNED NOT NULL,
  `invoice_date` date DEFAULT NULL,
  `income_id` bigint(20) UNSIGNED DEFAULT NULL,
  `expense_id` bigint(20) UNSIGNED DEFAULT NULL,
  `amount` decimal(8,2) NOT NULL,
  `purpose_id` bigint(20) UNSIGNED DEFAULT NULL,
  `voucher_image` varchar(255) DEFAULT NULL,
  `voucher_no` varchar(255) DEFAULT NULL,
  `payment_type_id` int(11) DEFAULT NULL,
  `note` varchar(255) DEFAULT NULL,
  `created_at` timestamp NULL DEFAULT NULL,
  `updated_at` timestamp NULL DEFAULT NULL
) ENGINE=InnoDB DEFAULT CHARSET=utf8mb4 COLLATE=utf8mb4_unicode_ci;

--
-- Dumping data for table `income_expenses`
--

INSERT INTO `income_expenses` (`id`, `user_id`, `customer_id`, `supplier_id`, `accepted_as`, `invoice_no`, `invoice_date`, `income_id`, `expense_id`, `amount`, `purpose_id`, `voucher_image`, `voucher_no`, `payment_type_id`, `note`, `created_at`, `updated_at`) VALUES
(1, 5, 1, NULL, 1, 1, '2023-02-19', 1, NULL, 5.00, 2, NULL, NULL, 1, 'supplier ke baki porishod korsi', '2023-02-19 15:52:42', '2023-02-19 15:52:42'),
(2, 5, 1, NULL, 1, 2, '2023-02-19', 1, NULL, 5.00, NULL, NULL, NULL, 1, 'supplier ke baki porishod korsi', '2023-02-19 15:53:03', '2023-02-19 15:53:03'),
(3, 5, 5, NULL, 1, 3, '2023-02-19', 10, NULL, 20.00, NULL, 'images/income_expense/1758234033727746.jpg', '22122', 2, 'kjhugi', '2023-02-19 15:57:20', '2023-02-19 15:57:20'),
(4, 5, NULL, 11, 2, 4, '2023-02-19', NULL, 24, 100.00, NULL, 'images/income_expense/1758234138011792.jpg', NULL, 2, NULL, '2023-02-19 15:58:59', '2023-02-19 15:58:59'),
(5, 5, 13, NULL, 1, 5, '2023-02-19', 12, NULL, 20.00, NULL, NULL, NULL, 2, NULL, '2023-02-19 16:38:36', '2023-02-19 16:38:36'),
(6, 5, 15, NULL, 1, 6, '2023-02-19', 12, NULL, 50.00, NULL, NULL, NULL, 1, NULL, '2023-02-19 21:25:54', '2023-02-19 21:25:54'),
(7, 5, 14, NULL, 1, 7, '2023-02-22', 6, NULL, 200.00, NULL, NULL, NULL, 2, NULL, '2023-02-22 14:35:45', '2023-02-22 14:35:45'),
(8, 5, NULL, 11, 2, 8, '2023-02-22', NULL, 24, 200.00, NULL, NULL, NULL, 2, NULL, '2023-02-22 16:03:32', '2023-02-22 16:03:32'),
(9, 5, NULL, 11, 2, 9, '2023-02-22', NULL, 24, 200.00, NULL, NULL, NULL, 2, NULL, '2023-02-22 16:04:07', '2023-02-22 16:04:07'),
(10, 5, NULL, 11, 2, 10, '2023-02-22', NULL, 24, 200.00, NULL, NULL, NULL, 2, NULL, '2023-02-22 16:05:20', '2023-02-22 16:05:20'),
(11, 5, 14, NULL, 1, 11, '2023-02-22', 6, NULL, 150.00, NULL, NULL, NULL, 2, NULL, '2023-02-22 16:13:46', '2023-02-22 16:13:46'),
(12, 5, 14, NULL, 1, 12, '2023-02-22', 6, NULL, 150.00, NULL, NULL, NULL, 2, NULL, '2023-02-22 16:14:21', '2023-02-22 16:14:21'),
(13, 5, 14, NULL, 1, 13, '2023-02-22', 6, NULL, 120.00, NULL, NULL, NULL, 2, NULL, '2023-02-22 16:14:48', '2023-02-22 16:14:48'),
(14, 5, 14, NULL, 1, 14, '2023-02-22', 6, NULL, 111.00, NULL, NULL, NULL, 2, NULL, '2023-02-22 16:15:18', '2023-02-22 16:15:18'),
(15, 5, 14, NULL, 1, 15, '2023-02-22', 6, NULL, 120.00, NULL, NULL, NULL, 2, NULL, '2023-02-22 16:17:25', '2023-02-22 16:17:25'),
(16, 5, NULL, 6, 2, 16, '2023-02-22', NULL, 26, 200.00, NULL, NULL, NULL, 1, NULL, '2023-02-22 16:20:46', '2023-02-22 16:20:46'),
(17, 5, NULL, 4, 2, 17, '2023-02-22', NULL, 8, 200.00, NULL, NULL, NULL, 2, NULL, '2023-02-22 16:23:56', '2023-02-22 16:23:56'),
(18, 5, 11, NULL, 1, 18, '2023-02-22', 10, NULL, 2000.00, NULL, NULL, NULL, 3, NULL, '2023-02-22 16:24:31', '2023-02-22 16:24:31'),
(19, 5, 13, NULL, 1, 519, '2023-02-22', 12, NULL, 1.00, NULL, NULL, NULL, 2, NULL, '2023-02-22 22:42:18', '2023-02-22 22:42:18'),
(20, 5, 13, NULL, 1, 5520, '2023-02-22', 12, NULL, 2.00, NULL, NULL, NULL, 1, NULL, '2023-02-22 22:42:41', '2023-02-22 22:42:41'),
(21, 5, 15, NULL, 1, 55521, '2023-02-22', 12, NULL, 30.00, NULL, NULL, NULL, 1, NULL, '2023-02-22 22:42:56', '2023-02-22 22:42:56'),
(22, 5, 15, NULL, 1, 555522, '2023-02-22', 12, NULL, 30.00, NULL, NULL, NULL, 1, NULL, '2023-02-22 22:43:49', '2023-02-22 22:43:49'),
(23, 5, 15, NULL, 1, 5555523, '2023-02-22', 12, NULL, 36.00, NULL, NULL, NULL, 2, NULL, '2023-02-22 22:44:07', '2023-02-22 22:44:07'),
(24, 5, NULL, 1, 2, 55555524, '2023-02-22', NULL, 24, 12.00, NULL, NULL, NULL, 1, NULL, '2023-02-22 22:59:32', '2023-02-22 22:59:32'),
(25, 5, NULL, 1, 2, 555555525, '2023-02-22', NULL, 24, 30.00, NULL, NULL, NULL, 1, NULL, '2023-02-22 22:59:58', '2023-02-22 22:59:58'),
(26, 5, NULL, 4, 2, 5555555526, '2023-02-22', NULL, 8, 20.00, NULL, NULL, NULL, 2, NULL, '2023-02-22 23:00:16', '2023-02-22 23:00:16'),
(27, 5, NULL, 5, 2, 55555555527, '2023-02-22', NULL, 8, 20.00, NULL, NULL, NULL, 1, NULL, '2023-02-22 23:00:32', '2023-02-22 23:00:32'),
(28, 5, NULL, 5, 2, 555555555528, '2023-02-22', NULL, 24, 65.00, NULL, NULL, NULL, 3, NULL, '2023-02-22 23:00:49', '2023-02-22 23:00:49'),
(29, 5, NULL, 5, 2, 5555555555529, '2023-02-22', NULL, 26, 365.00, NULL, NULL, NULL, 2, NULL, '2023-02-22 23:01:05', '2023-02-22 23:01:05'),
(30, 5, NULL, 1, 2, 55555555555530, '2023-02-22', NULL, 24, 23.00, NULL, NULL, NULL, 3, NULL, '2023-02-22 23:19:29', '2023-02-22 23:19:29'),
(31, 5, 10, NULL, 1, 153581771, '2023-02-23', 13, NULL, 500.00, NULL, NULL, NULL, 1, NULL, '2023-02-23 07:47:23', '2023-02-23 07:47:23'),
(32, 5, 25, NULL, 1, 153581772, '2023-02-23', 8, NULL, 6000.00, NULL, NULL, NULL, 2, NULL, '2023-02-23 07:48:22', '2023-02-23 07:48:22'),
(33, 5, NULL, 7, 2, 153581773, '2023-02-23', NULL, 30, 3000.00, NULL, NULL, NULL, 1, NULL, '2023-02-23 07:48:51', '2023-02-23 07:48:51'),
(34, 5, NULL, 6, 2, 153581774, '2023-02-23', NULL, 26, 20.00, NULL, NULL, NULL, 1, NULL, '2023-02-23 07:51:25', '2023-02-23 07:51:25'),
(35, 5, NULL, 7, 2, 153581775, '2023-02-23', NULL, 15, 300.00, NULL, NULL, NULL, 2, NULL, '2023-02-23 07:53:11', '2023-02-23 07:53:11'),
(36, 5, NULL, 5, 2, 153581776, '2023-02-23', NULL, 36, 30.00, NULL, NULL, NULL, 3, NULL, '2023-02-23 07:54:07', '2023-02-23 07:54:07'),
(37, 5, NULL, 1, 2, 153581777, '2023-02-23', NULL, 1, 5.00, NULL, NULL, NULL, 1, 'supplier ke baki porishod korsi', '2023-02-23 07:57:02', '2023-02-23 07:57:02'),
(38, 5, 1, NULL, 1, 153581778, '2023-02-23', 1, NULL, 5.00, NULL, NULL, NULL, 1, 'supplier ke baki porishod korsi', '2023-02-23 07:59:33', '2023-02-23 07:59:33'),
(39, 5, 1, NULL, 1, 153581779, '2023-02-23', 1, NULL, 5.00, NULL, NULL, NULL, 1, 'supplier ke baki porishod korsi', '2023-02-23 08:02:14', '2023-02-23 08:02:14'),
(40, 5, 17, NULL, 1, 153581780, '2023-02-23', 12, NULL, 2.00, NULL, NULL, NULL, 1, NULL, '2023-02-23 08:58:23', '2023-02-23 08:58:23'),
(41, 5, 14, NULL, 1, 153581781, '2023-02-25', 6, NULL, 150.00, NULL, NULL, NULL, 2, NULL, '2023-02-25 22:04:06', '2023-02-25 22:04:06'),
(42, 5, 3, NULL, 1, 153581782, '2023-02-25', 8, NULL, 58.00, NULL, NULL, NULL, 1, NULL, '2023-02-25 22:04:37', '2023-02-25 22:04:37'),
(43, 5, NULL, 11, 2, 153581783, '2023-02-25', NULL, 24, 120.00, NULL, NULL, NULL, 2, NULL, '2023-02-25 22:05:39', '2023-02-25 22:05:39'),
(44, 5, 38, NULL, 1, 153581784, '2023-02-27', 12, NULL, 5000.00, NULL, 'images/income_expense/1758954536966415.jpg', '120', 1, NULL, '2023-02-27 14:49:25', '2023-02-27 14:49:25'),
(45, 39, 43, NULL, 1, 1, '2023-02-27', 10, NULL, 3000.00, NULL, 'images/income_expense/1758970042450212.jpg', '3000', 1, NULL, '2023-02-27 18:55:52', '2023-02-27 18:55:52'),
(46, 39, NULL, 22, 2, 2, '2023-02-27', NULL, 26, 50000.00, NULL, NULL, NULL, 1, NULL, '2023-02-27 18:57:49', '2023-02-27 18:57:49'),
(47, 39, 43, NULL, 1, 3, '2023-02-27', 8, NULL, 2000.00, NULL, NULL, NULL, 1, NULL, '2023-02-27 19:01:35', '2023-02-27 19:01:35'),
(48, 39, 43, NULL, 1, 4, '2023-02-27', 12, NULL, 10000.00, NULL, NULL, NULL, 1, NULL, '2023-02-27 20:19:20', '2023-02-27 20:19:20'),
(49, 39, 46, NULL, 1, 5, '2023-02-28', 13, NULL, 600000.00, NULL, NULL, NULL, 1, NULL, '2023-02-28 05:08:59', '2023-02-28 05:08:59'),
(50, 39, 46, NULL, 1, 6, '2023-02-28', 13, NULL, 5000.00, NULL, NULL, NULL, 1, NULL, '2023-02-28 05:10:04', '2023-02-28 05:10:04'),
(51, 39, 46, NULL, 1, 7, '2023-02-28', 13, NULL, 503380.00, NULL, NULL, NULL, 1, NULL, '2023-02-28 05:14:43', '2023-02-28 05:14:43'),
(52, 39, 46, NULL, 1, 8, '2023-02-28', 15, NULL, 50000.00, NULL, NULL, NULL, 2, NULL, '2023-02-28 05:19:47', '2023-02-28 05:19:47'),
(53, 39, 47, NULL, 1, 9, '2023-03-01', 12, NULL, 37000.00, NULL, NULL, NULL, 1, NULL, '2023-03-01 21:36:03', '2023-03-01 21:36:03'),
(54, 39, NULL, 26, 2, 10, '2023-03-01', NULL, 30, 5000.00, NULL, NULL, NULL, 1, NULL, '2023-03-01 22:13:40', '2023-03-01 22:13:40'),
(55, 5, NULL, 1, 2, 153581785, '2023-03-27', NULL, 26, 100.00, NULL, NULL, NULL, 2, NULL, '2023-03-27 04:24:28', '2023-03-27 04:24:28'),
(56, 5, NULL, 1, 2, 153581786, '2023-03-27', NULL, 26, 100.00, NULL, NULL, NULL, 2, NULL, '2023-03-27 05:13:24', '2023-03-27 05:13:24'),
(57, 5, NULL, 1, 2, 153581787, '2023-03-27', NULL, 7, 10.00, NULL, NULL, NULL, 2, NULL, '2023-03-27 09:59:02', '2023-03-27 09:59:02'),
(58, 5, 10, NULL, 1, 153581788, '2023-03-28', 12, NULL, 10.00, NULL, NULL, NULL, 1, NULL, '2023-03-28 05:22:39', '2023-03-28 05:22:39'),
(59, 5, 10, NULL, 1, 153581789, '2023-03-28', 12, NULL, 30.00, NULL, NULL, NULL, 1, NULL, '2023-03-28 05:23:00', '2023-03-28 05:23:00'),
(60, 5, 10, NULL, 1, 153581790, '2023-03-28', 5, NULL, 1000.00, NULL, NULL, NULL, 1, NULL, '2023-03-28 08:25:38', '2023-03-28 08:25:38'),
(61, 5, 10, NULL, 1, 153581791, '2023-03-28', 12, NULL, 10.00, NULL, NULL, NULL, 1, NULL, '2023-03-28 08:43:49', '2023-03-28 08:43:49'),
(62, 5, 10, NULL, 1, 153581792, '2023-03-28', 12, NULL, 20.00, NULL, NULL, NULL, 1, NULL, '2023-03-28 08:58:24', '2023-03-28 08:58:24'),
(63, 5, 5, NULL, 1, 153581793, '2023-03-29', 12, NULL, 20.00, NULL, NULL, NULL, 1, NULL, '2023-03-29 05:30:02', '2023-03-29 05:30:02'),
(64, 5, 3, NULL, 1, 153581794, '2023-03-29', 11, NULL, 50.00, NULL, NULL, NULL, 1, NULL, '2023-03-29 05:30:29', '2023-03-29 05:30:29'),
(65, 41, NULL, 34, 2, 1, '2023-04-01', NULL, 26, 1000.00, NULL, NULL, NULL, 1, NULL, '2023-04-01 03:59:45', '2023-04-01 03:59:45'),
(66, 41, 56, NULL, 1, 2, '2023-04-01', 13, NULL, 50000.00, NULL, NULL, NULL, 1, NULL, '2023-04-01 06:03:57', '2023-04-01 06:03:57'),
(67, 41, 59, NULL, 1, 3, '2023-04-01', 12, NULL, 50.00, NULL, NULL, NULL, 1, NULL, '2023-04-01 06:41:02', '2023-04-01 06:41:02'),
(68, 41, NULL, 34, 2, 4, '2023-04-01', NULL, 26, 1020.00, NULL, NULL, NULL, 1, NULL, '2023-04-01 11:58:02', '2023-04-01 11:58:02'),
(69, 41, NULL, 34, 2, 5, '2023-04-01', NULL, 26, 900.00, NULL, NULL, NULL, 1, NULL, '2023-04-01 11:59:19', '2023-04-01 11:59:19'),
(70, 45, 66, NULL, 1, 1, '2023-04-03', 12, NULL, 2500.00, NULL, NULL, NULL, 1, 'balance e balance due ER mot poriman dekhanor kotha kinto dekhacche prothon due', '2023-04-03 12:55:35', '2023-04-03 12:55:35'),
(71, 45, 65, NULL, 1, 2, '2023-04-03', 12, NULL, 6000.00, NULL, NULL, NULL, 1, NULL, '2023-04-03 13:00:20', '2023-04-03 13:00:20'),
(72, 45, 68, NULL, 1, 3, '2023-04-03', 10, NULL, 5000.00, NULL, NULL, NULL, 2, NULL, '2023-04-03 13:27:10', '2023-04-03 13:27:10'),
(73, 45, 69, NULL, 1, 4, '2023-04-03', 12, NULL, 2000.00, NULL, NULL, NULL, 4, NULL, '2023-04-03 17:23:14', '2023-04-03 17:23:14'),
(74, 45, NULL, 40, 2, 5, '2023-04-03', NULL, 2, 5200.00, NULL, NULL, NULL, 1, NULL, '2023-04-03 20:39:30', '2023-04-03 20:39:30'),
(75, 45, 64, NULL, 1, 6, '2023-04-04', 6, NULL, 5000.00, NULL, NULL, NULL, 4, NULL, '2023-04-04 09:48:19', '2023-04-04 09:48:19'),
(76, 45, 64, NULL, 1, 7, '2023-04-04', 15, NULL, 6200.00, NULL, NULL, NULL, 3, NULL, '2023-04-04 09:50:24', '2023-04-04 09:50:24'),
(77, 45, NULL, 39, 2, 8, '2023-04-04', NULL, 33, 8060.00, NULL, NULL, NULL, 1, NULL, '2023-04-04 10:11:02', '2023-04-04 10:11:02'),
(78, 45, 64, NULL, 1, 9, '2023-04-04', 4, NULL, 5000.00, NULL, NULL, NULL, 1, NULL, '2023-04-04 10:21:31', '2023-04-04 10:21:31'),
(79, 45, NULL, 39, 2, 10, '2023-04-04', NULL, 24, 17000.00, NULL, NULL, NULL, 2, NULL, '2023-04-04 10:40:18', '2023-04-04 10:40:18'),
(80, 45, 79, NULL, 1, 11, '2023-04-04', 12, NULL, 2000.00, NULL, NULL, NULL, 4, NULL, '2023-04-04 17:04:40', '2023-04-04 17:04:40'),
(81, 45, 69, NULL, 1, 12, '2023-04-04', 12, NULL, 2500.00, NULL, NULL, NULL, 1, NULL, '2023-04-04 17:15:09', '2023-04-04 17:15:09'),
(82, 45, 67, NULL, 1, 13, '2023-04-04', 12, NULL, 5000.00, NULL, NULL, NULL, 1, NULL, '2023-04-04 17:18:23', '2023-04-04 17:18:23'),
(83, 45, NULL, 45, 2, 14, '2023-04-04', NULL, 26, 3000.00, NULL, NULL, NULL, 1, NULL, '2023-04-04 20:55:21', '2023-04-04 20:55:21'),
(84, 45, 84, NULL, 1, 15, '2023-04-05', 12, NULL, 2000.00, NULL, NULL, NULL, 3, NULL, '2023-04-05 07:22:26', '2023-04-05 07:22:26'),
(85, 45, NULL, 48, 2, 16, '2023-04-05', NULL, 26, 1000.00, NULL, NULL, NULL, 1, NULL, '2023-04-05 07:23:16', '2023-04-05 07:23:16'),
(86, 45, 65, NULL, 1, 17, '2023-04-05', 12, NULL, 5000.00, NULL, NULL, NULL, 1, NULL, '2023-04-05 16:58:26', '2023-04-05 16:58:26'),
(87, 45, 65, NULL, 1, 18, '2023-04-05', 12, NULL, 5000.00, NULL, NULL, NULL, 1, NULL, '2023-04-05 16:59:20', '2023-04-05 16:59:20'),
(88, 45, 67, NULL, 1, 19, '2023-04-05', 12, NULL, 2000.00, NULL, NULL, NULL, 1, NULL, '2023-04-05 17:00:42', '2023-04-05 17:00:42'),
(89, 45, NULL, 40, 2, 20, '2023-04-05', NULL, 26, 1000.00, NULL, NULL, NULL, 1, NULL, '2023-04-05 17:03:02', '2023-04-05 17:03:02'),
(90, 45, 67, NULL, 1, 21, '2023-04-05', 12, NULL, 2000.00, NULL, NULL, NULL, 1, NULL, '2023-04-05 17:04:34', '2023-04-05 17:04:34'),
(91, 45, 84, NULL, 1, 22, '2023-04-05', 12, NULL, 2000.00, NULL, NULL, NULL, 1, NULL, '2023-04-05 17:13:33', '2023-04-05 17:13:33'),
(92, 45, NULL, 48, 2, 23, '2023-04-05', NULL, 26, 1000.00, NULL, NULL, NULL, 1, NULL, '2023-04-05 17:16:02', '2023-04-05 17:16:02'),
(93, 45, 65, NULL, 1, 24, '2023-04-07', 11, NULL, 500.00, NULL, NULL, NULL, 1, NULL, '2023-04-07 13:23:01', '2023-04-07 13:23:01'),
(94, 45, 65, NULL, 1, 25, '2023-04-10', 3, NULL, 500.00, NULL, NULL, NULL, 15, NULL, '2023-04-10 17:14:42', '2023-04-10 17:14:42'),
(95, 45, 64, NULL, 1, 26, '2023-04-11', 10, NULL, 2000.00, NULL, NULL, NULL, 15, NULL, '2023-04-11 17:05:43', '2023-04-11 17:05:43'),
(96, 45, NULL, 40, 2, 27, '2023-04-12', NULL, 19, 50000.00, NULL, NULL, NULL, 1, NULL, '2023-04-12 21:24:23', '2023-04-12 21:24:23'),
(97, 45, NULL, 48, 2, 28, '2023-04-12', NULL, 7, 80000.00, NULL, NULL, NULL, 1, NULL, '2023-04-12 21:25:22', '2023-04-12 21:25:22'),
(98, 45, NULL, 39, 2, 29, '2023-04-12', NULL, 30, 5000.00, NULL, NULL, NULL, 1, NULL, '2023-04-12 21:25:58', '2023-04-12 21:25:58'),
(99, 45, 83, NULL, 1, 30, '2023-04-12', 12, NULL, 5000.00, NULL, NULL, NULL, 1, NULL, '2023-04-12 21:30:06', '2023-04-12 21:30:06'),
(100, 45, 88, NULL, 1, 31, '2023-04-12', 12, NULL, 8000.00, NULL, NULL, NULL, 1, NULL, '2023-04-12 21:31:07', '2023-04-12 21:31:07'),
(101, 45, 96, NULL, 1, 32, '2023-04-13', 12, NULL, 2025.00, NULL, NULL, NULL, 15, NULL, '2023-04-13 09:03:16', '2023-04-13 09:03:16'),
(102, 45, 81, NULL, 1, 33, '2023-04-13', 12, NULL, 5000.00, NULL, NULL, NULL, 2, NULL, '2023-04-13 17:44:30', '2023-04-13 17:44:30'),
(103, 45, 65, NULL, 1, 34, '2023-04-14', 12, NULL, 15000.00, NULL, NULL, NULL, 1, NULL, '2023-04-14 09:53:41', '2023-04-14 09:53:41'),
(104, 45, NULL, 51, 2, 35, '2023-04-14', NULL, 26, 2500.00, NULL, NULL, NULL, 1, NULL, '2023-04-14 17:42:00', '2023-04-14 17:42:00'),
(105, 45, NULL, 45, 2, 36, '2023-04-19', NULL, 26, 4000.00, NULL, NULL, NULL, 1, NULL, '2023-04-19 03:38:55', '2023-04-19 03:38:55'),
(106, 45, 66, NULL, 1, 37, '2023-04-19', 12, NULL, 2000.00, NULL, NULL, NULL, 1, NULL, '2023-04-19 03:39:47', '2023-04-19 03:39:47'),
(107, 45, 68, NULL, 1, 38, '2023-04-19', 12, NULL, 1000.00, NULL, NULL, NULL, 1, NULL, '2023-04-19 04:12:57', '2023-04-19 04:12:57'),
(108, 49, NULL, 57, 2, 1, '2023-04-19', NULL, 26, 3000.00, NULL, NULL, NULL, 2, NULL, '2023-04-20 03:27:54', '2023-04-20 03:27:54'),
(109, 49, 102, NULL, 1, 2, '2023-04-20', 10, NULL, 5000.00, NULL, NULL, NULL, 1, NULL, '2023-04-20 06:09:40', '2023-04-20 06:09:40'),
(110, 49, 102, NULL, 1, 3, '2023-04-20', 12, NULL, 500.00, NULL, NULL, NULL, 1, NULL, '2023-04-20 06:11:21', '2023-04-20 06:11:21'),
(111, 48, 107, NULL, 1, 1, '2023-04-20', 12, NULL, 400.00, NULL, NULL, NULL, 1, NULL, '2023-04-20 11:18:20', '2023-04-20 11:18:20'),
(112, 48, 105, NULL, 1, 2, '2023-04-20', 12, NULL, 100.00, NULL, NULL, NULL, 2, NULL, '2023-04-20 11:20:29', '2023-04-20 11:20:29'),
(113, 47, NULL, 56, 2, 1, '2023-04-24', NULL, 26, 500.00, NULL, NULL, NULL, 1, NULL, '2023-04-24 16:41:23', '2023-04-24 16:41:23'),
(114, 48, 106, NULL, 1, 3, '2023-04-29', 8, NULL, 50.00, NULL, NULL, NULL, 1, NULL, '2023-04-29 07:16:25', '2023-04-29 07:16:25'),
(115, 48, NULL, 63, 2, 4, '2023-04-29', NULL, 22, 100.00, NULL, NULL, NULL, 1, NULL, '2023-04-29 15:53:22', '2023-04-29 15:53:22'),
(116, 60, 120, NULL, 1, 1, '2023-05-03', 12, NULL, 560.00, NULL, NULL, NULL, 1, NULL, '2023-05-03 18:09:28', '2023-05-03 18:09:28'),
(117, 60, 120, NULL, 1, 2, '2023-05-03', 3, NULL, 1000.00, NULL, NULL, NULL, 1, NULL, '2023-05-03 18:38:33', '2023-05-03 18:38:33'),
(118, 60, NULL, 73, 2, 3, '2023-05-03', NULL, 26, 5000.00, NULL, NULL, NULL, 1, NULL, '2023-05-04 02:12:22', '2023-05-04 02:12:22'),
(119, 59, NULL, 71, 2, 1, '2023-05-04', NULL, 27, 1000.00, NULL, NULL, NULL, 1, NULL, '2023-05-04 17:08:36', '2023-05-04 17:08:36'),
(120, 59, NULL, 71, 2, 2, '2023-05-04', NULL, 27, 2000.00, NULL, NULL, NULL, 1, NULL, '2023-05-04 17:23:24', '2023-05-04 17:23:24'),
(121, 62, NULL, 78, 2, 1, '2023-05-04', NULL, 22, 500.00, NULL, NULL, NULL, 1, NULL, '2023-05-04 17:51:02', '2023-05-04 17:51:02'),
(122, 62, NULL, 78, 2, 2, '2023-05-04', NULL, 22, 600.00, NULL, NULL, NULL, 1, NULL, '2023-05-04 17:53:32', '2023-05-04 17:53:32'),
(123, 62, 124, NULL, 1, 3, '2023-05-04', 7, NULL, 600.00, NULL, NULL, NULL, 1, NULL, '2023-05-04 17:55:23', '2023-05-04 17:55:23'),
(124, 62, 124, NULL, 1, 4, '2023-05-04', 5, NULL, 200.00, NULL, NULL, NULL, 2, NULL, '2023-05-04 17:56:51', '2023-05-04 17:56:51'),
(125, 62, 124, NULL, 1, 5, '2023-05-04', 5, NULL, 250.00, NULL, NULL, NULL, 2, NULL, '2023-05-04 17:57:54', '2023-05-04 17:57:54'),
(126, 60, 122, NULL, 1, 4, '2023-05-04', 12, NULL, 1000.00, NULL, NULL, NULL, 1, NULL, '2023-05-04 21:42:55', '2023-05-04 21:42:55'),
(127, 60, 126, NULL, 1, 5, '2023-05-05', 12, NULL, 1000.00, NULL, NULL, NULL, 1, NULL, '2023-05-06 03:16:58', '2023-05-06 03:16:58'),
(128, 60, 126, NULL, 1, 6, '2023-05-05', 12, NULL, 500.00, NULL, NULL, NULL, 1, NULL, '2023-05-06 03:17:24', '2023-05-06 03:17:24'),
(129, 64, NULL, 87, 2, 1, '2023-05-07', NULL, 7, 200.00, NULL, NULL, NULL, 1, NULL, '2023-05-07 17:50:12', '2023-05-07 17:50:12'),
(130, 64, NULL, 87, 2, 2, '2023-05-07', NULL, 7, 300.00, NULL, NULL, NULL, 1, NULL, '2023-05-07 17:50:55', '2023-05-07 17:50:55'),
(131, 60, NULL, 73, 2, 7, '2023-05-08', NULL, 26, 2000.00, NULL, NULL, NULL, 1, NULL, '2023-05-08 17:27:17', '2023-05-08 17:27:17'),
(132, 64, 134, NULL, 1, 3, '2023-05-08', 12, NULL, 200.00, NULL, NULL, NULL, 1, NULL, '2023-05-09 03:04:26', '2023-05-09 03:04:26'),
(133, 64, NULL, 87, 2, 4, '2023-05-08', NULL, 26, 5000.00, NULL, NULL, NULL, 1, NULL, '2023-05-09 03:11:15', '2023-05-09 03:11:15'),
(134, 64, NULL, 87, 2, 5, '2023-05-08', NULL, 10, 500.00, NULL, NULL, NULL, 2, NULL, '2023-05-09 03:12:51', '2023-05-09 03:12:51'),
(135, 64, 136, NULL, 1, 6, '2023-05-08', 17, NULL, 1000.00, NULL, NULL, NULL, 2, NULL, '2023-05-09 03:13:44', '2023-05-09 03:13:44'),
(136, 64, 136, NULL, 1, 7, '2023-05-08', 17, NULL, 1500.00, NULL, NULL, NULL, 2, NULL, '2023-05-09 03:17:34', '2023-05-09 03:17:34'),
(137, 64, 138, NULL, 1, 8, '2023-05-10', 12, NULL, 100.00, NULL, NULL, NULL, 1, NULL, '2023-05-10 15:23:59', '2023-05-10 15:23:59'),
(138, 64, 138, NULL, 1, 9, '2023-05-10', 12, NULL, 150.00, NULL, NULL, NULL, 1, NULL, '2023-05-10 15:25:04', '2023-05-10 15:25:04'),
(139, 63, 139, NULL, 1, 1, '2023-05-10', 17, NULL, 200.00, NULL, NULL, NULL, 1, NULL, '2023-05-10 19:12:44', '2023-05-10 19:12:44'),
(140, 63, 139, NULL, 1, 2, '2023-05-10', 17, NULL, 250.00, NULL, NULL, NULL, 1, NULL, '2023-05-10 19:26:56', '2023-05-10 19:26:56'),
(141, 63, NULL, 82, 2, 3, '2023-05-10', NULL, 7, 300.00, NULL, NULL, NULL, 1, NULL, '2023-05-10 19:33:21', '2023-05-10 19:33:21'),
(142, 63, NULL, 88, 2, 4, '2023-05-10', NULL, 25, 300.00, NULL, NULL, NULL, 1, NULL, '2023-05-10 19:34:11', '2023-05-10 19:34:11'),
(143, 64, 141, NULL, 1, 10, '2023-05-11', 12, NULL, 15.00, NULL, NULL, NULL, 1, NULL, '2023-05-12 03:53:35', '2023-05-12 03:53:35'),
(144, 64, 135, NULL, 1, 11, '2023-05-11', 12, NULL, 1000.00, NULL, NULL, NULL, 1, NULL, '2023-05-12 03:54:46', '2023-05-12 03:54:46'),
(145, 64, 141, NULL, 1, 12, '2023-05-12', 10, NULL, 200.00, NULL, NULL, NULL, 1, NULL, '2023-05-12 04:03:55', '2023-05-12 04:03:55'),
(146, 64, 134, NULL, 1, 13, '2023-05-12', 12, NULL, 35.00, NULL, NULL, NULL, 1, NULL, '2023-05-12 04:36:15', '2023-05-12 04:36:15'),
(147, 64, 134, NULL, 1, 14, '2023-05-12', 12, NULL, 100.00, NULL, NULL, NULL, 1, NULL, '2023-05-12 19:52:46', '2023-05-12 19:52:46'),
(148, 65, 147, NULL, 1, 1, '2023-05-13', 12, NULL, 200.00, NULL, NULL, NULL, 1, NULL, '2023-05-13 19:16:31', '2023-05-13 19:16:31'),
(149, 65, 147, NULL, 1, 2, '2023-05-13', 12, NULL, 300.00, NULL, NULL, NULL, 1, NULL, '2023-05-13 19:17:59', '2023-05-13 19:17:59'),
(150, 65, NULL, 93, 2, 3, '2023-05-13', NULL, 26, 500.00, NULL, NULL, NULL, 1, NULL, '2023-05-13 19:21:00', '2023-05-13 19:21:00'),
(151, 65, NULL, 93, 2, 4, '2023-05-13', NULL, 26, 300.00, NULL, NULL, NULL, 1, NULL, '2023-05-13 19:24:07', '2023-05-13 19:24:07'),
(152, 65, NULL, 93, 2, 5, '2023-05-15', NULL, 26, 200.00, NULL, NULL, NULL, 1, NULL, '2023-05-15 15:04:20', '2023-05-15 15:04:20'),
(153, 65, NULL, 93, 2, 6, '2023-05-15', NULL, 26, 1200.00, NULL, NULL, NULL, 1, NULL, '2023-05-15 15:04:48', '2023-05-15 15:04:48'),
(154, 65, 146, NULL, 1, 7, '2023-05-15', 3, NULL, 500.00, NULL, NULL, NULL, 1, NULL, '2023-05-15 15:32:21', '2023-05-15 15:32:21'),
(155, 65, 147, NULL, 1, 8, '2023-05-15', 12, NULL, 200.00, NULL, NULL, NULL, 1, NULL, '2023-05-16 03:45:00', '2023-05-16 21:34:42'),
(156, 65, 148, NULL, 1, 9, '2023-05-15', 12, NULL, 500.00, NULL, NULL, NULL, 1, NULL, '2023-05-16 03:48:58', '2023-05-16 04:04:18'),
(157, 65, NULL, 93, 2, 10, '2023-05-15', NULL, 26, 1000.00, NULL, NULL, NULL, 1, NULL, '2023-05-16 03:50:29', '2023-05-16 03:50:50'),
(158, 65, NULL, 95, 2, 11, '2023-05-15', NULL, 25, 1000.00, NULL, NULL, NULL, 17, NULL, '2023-05-16 03:58:24', '2023-05-16 03:58:24'),
(159, 65, 148, NULL, 1, 12, '2023-05-16', 12, NULL, 560.00, NULL, NULL, NULL, 1, NULL, '2023-05-16 04:05:07', '2023-05-16 04:09:41'),
(160, 65, 150, NULL, 1, 13, '2023-05-16', 12, NULL, 500.00, NULL, NULL, NULL, 1, NULL, '2023-05-16 04:07:58', '2023-05-16 04:13:00'),
(161, 66, 155, NULL, 1, 1, '2023-05-20', 12, NULL, 500.00, NULL, NULL, NULL, 1, NULL, '2023-05-21 03:18:33', '2023-05-21 03:18:33'),
(162, 66, NULL, 99, 2, 2, '2023-05-20', NULL, 26, 5000.00, NULL, NULL, NULL, 1, NULL, '2023-05-21 03:31:35', '2023-05-21 03:31:35'),
(163, 66, 154, NULL, 1, 3, '2023-05-21', 12, NULL, 1500.00, NULL, NULL, NULL, 1, NULL, '2023-05-21 04:08:57', '2023-05-21 04:08:57'),
(164, 66, NULL, 99, 2, 4, '2023-05-21', NULL, 26, 6000.00, NULL, NULL, NULL, 2, NULL, '2023-05-21 04:19:41', '2023-05-21 04:19:41'),
(165, 66, 153, NULL, 1, 5, '2023-05-21', 12, NULL, 1000.00, NULL, NULL, NULL, 1, NULL, '2023-05-21 16:27:59', '2023-05-21 16:27:59'),
(166, 66, NULL, 98, 2, 6, '2023-05-21', NULL, 26, 6000.00, NULL, NULL, NULL, 1, NULL, '2023-05-21 16:51:12', '2023-05-21 17:18:21'),
(167, 66, 153, NULL, 1, 7, '2023-05-21', 17, NULL, 1000.00, NULL, NULL, NULL, 1, NULL, '2023-05-21 17:07:30', '2023-05-21 17:07:30'),
(168, 66, 155, NULL, 1, 8, '2023-05-21', 8, NULL, 2000.00, NULL, NULL, NULL, 1, NULL, '2023-05-21 22:48:55', '2023-05-21 22:49:52'),
(169, 66, NULL, 98, 2, 9, '2023-05-21', NULL, 26, 2000.00, NULL, NULL, NULL, 1, NULL, '2023-05-21 22:53:51', '2023-05-21 22:53:51'),
(170, 67, 157, NULL, 1, 1, '2023-05-21', 8, NULL, 15000.00, NULL, NULL, NULL, 1, NULL, '2023-05-22 03:03:14', '2023-05-22 03:15:25'),
(171, 67, 158, NULL, 1, 2, '2023-05-21', 12, NULL, 5000.00, NULL, NULL, NULL, 1, NULL, '2023-05-22 03:09:39', '2023-05-22 13:39:53'),
(172, 67, NULL, 101, 2, 3, '2023-05-21', NULL, 15, 8000.00, NULL, NULL, NULL, 1, NULL, '2023-05-22 03:13:01', '2023-05-22 03:16:54'),
(173, 67, NULL, 101, 2, 4, '2023-05-22', NULL, 26, 2000.00, NULL, NULL, NULL, 1, NULL, '2023-05-22 13:40:58', '2023-05-22 13:40:58'),
(174, 66, 155, NULL, 1, 10, '2023-05-22', 12, NULL, 1500.00, NULL, NULL, NULL, 1, NULL, '2023-05-22 14:22:38', '2023-05-22 14:23:46'),
(175, 66, 155, NULL, 1, 11, '2023-05-22', 12, NULL, 1000.00, NULL, NULL, NULL, 1, NULL, '2023-05-22 14:25:04', '2023-05-22 14:25:04'),
(176, 66, 155, NULL, 1, 12, '2023-05-22', 12, NULL, 1500.00, NULL, NULL, NULL, 1, NULL, '2023-05-22 14:25:39', '2023-05-22 14:25:39'),
(177, 66, 153, NULL, 1, 13, '2023-05-22', 12, NULL, 1200.00, NULL, NULL, NULL, 1, NULL, '2023-05-22 15:03:05', '2023-05-22 15:04:29'),
(178, 66, 151, NULL, 1, 14, '2023-05-22', 1, NULL, 2000.00, NULL, NULL, NULL, 1, NULL, '2023-05-22 18:13:29', '2023-05-22 18:27:01'),
(179, 66, NULL, 96, 2, 15, '2023-05-22', NULL, 22, 0.00, NULL, NULL, NULL, 1, NULL, '2023-05-22 18:39:51', '2023-05-22 18:47:11'),
(180, 48, 106, NULL, 1, 5, '2023-05-22', 10, NULL, 50000.00, NULL, NULL, NULL, 1, NULL, '2023-05-22 22:15:42', '2023-05-22 22:15:42'),
(181, 71, 161, NULL, 1, 1, '2023-05-23', 7, NULL, 3000.00, NULL, NULL, NULL, 2, NULL, '2023-05-23 17:24:51', '2023-05-26 04:07:43'),
(182, 71, 162, NULL, 1, 2, '2023-05-24', 12, NULL, 3000.00, NULL, NULL, NULL, 1, NULL, '2023-05-24 13:26:21', '2023-05-24 13:27:18'),
(183, 71, 162, NULL, 1, 3, '2023-05-24', 1, NULL, 2000.00, NULL, NULL, NULL, 1, NULL, '2023-05-24 14:51:43', '2023-05-24 14:51:43'),
(184, 71, 164, NULL, 1, 4, '2023-05-24', 7, NULL, 5000.00, NULL, NULL, NULL, 1, NULL, '2023-05-24 14:54:13', '2023-05-24 14:54:13'),
(185, 71, 162, NULL, 1, 5, '2023-05-25', 12, NULL, 1000.00, NULL, NULL, NULL, 1, NULL, '2023-05-26 02:36:21', '2023-05-26 04:06:32'),
(186, 71, NULL, 109, 2, 6, '2023-05-26', NULL, 46, 3000.00, NULL, NULL, NULL, 1, NULL, '2023-05-26 13:18:54', '2023-05-26 14:25:54'),
(187, 73, 167, NULL, 1, 1, '2023-05-28', 12, NULL, 1000.00, NULL, NULL, NULL, 1, NULL, '2023-05-28 23:26:31', '2023-05-28 23:30:11'),
(188, 73, NULL, 112, 2, 2, '2023-05-28', NULL, 26, 10000.00, NULL, NULL, NULL, 1, NULL, '2023-05-28 23:44:47', '2023-05-28 23:45:28'),
(189, 73, 169, NULL, 1, 3, '2023-05-28', 16, NULL, 6000.00, NULL, NULL, NULL, 1, 'computer hardware sale kora hoyeche', '2023-05-29 03:48:01', '2023-05-29 17:30:28'),
(190, 73, NULL, 111, 2, 4, '2023-05-29', NULL, 22, 0.00, NULL, NULL, NULL, 1, NULL, '2023-05-29 18:00:39', '2023-05-29 18:03:24'),
(191, 65, 149, NULL, 1, 14, '2023-06-15', 17, NULL, 2000.00, NULL, NULL, NULL, 1, NULL, '2023-06-15 05:54:46', '2023-06-15 05:54:46'),
(192, 65, NULL, 93, 2, 15, '2023-06-15', NULL, 45, 2000.00, NULL, NULL, NULL, 1, NULL, '2023-06-15 15:08:05', '2023-06-15 15:08:05'),
(193, 65, 148, NULL, 1, 16, '2023-06-15', 12, NULL, 1000.00, NULL, NULL, NULL, 1, NULL, '2023-06-15 15:10:30', '2023-06-15 15:10:30'),
(194, 65, 191, NULL, 1, 17, '2023-06-18', 11, NULL, 5000.00, NULL, NULL, NULL, 1, NULL, '2023-06-18 17:02:14', '2023-06-18 17:02:14'),
(195, 65, 148, NULL, 1, 18, '2023-06-21', 12, NULL, 1060.00, NULL, NULL, NULL, 1, NULL, '2023-06-21 12:29:55', '2023-06-21 12:36:48'),
(196, 65, 191, NULL, 1, 19, '2023-06-22', 12, NULL, 3000.00, NULL, NULL, NULL, 1, NULL, '2023-06-22 14:22:17', '2023-06-22 14:22:38'),
(197, 65, 196, NULL, 1, 20, '2023-06-22', 12, NULL, 950.00, NULL, NULL, NULL, 1, NULL, '2023-06-22 14:23:46', '2023-06-22 14:23:46'),
(198, 65, 191, NULL, 1, 21, '2023-07-07', 12, NULL, 2000.00, NULL, NULL, NULL, 1, NULL, '2023-07-07 08:40:24', '2023-07-07 08:40:24'),
(199, 65, 206, NULL, 1, 22, '2023-07-09', 12, NULL, 270.00, NULL, NULL, NULL, 2, NULL, '2023-07-09 17:54:44', '2023-07-09 17:54:44'),
(200, 65, 199, NULL, 1, 23, '2023-07-09', 6, NULL, 730.00, NULL, NULL, NULL, 2, NULL, '2023-07-09 17:57:06', '2023-07-09 17:57:06'),
(201, 65, 148, NULL, 1, 24, '2023-07-09', 3, NULL, 450.00, NULL, NULL, NULL, 2, NULL, '2023-07-09 17:58:17', '2023-07-09 17:58:17'),
(202, 65, NULL, 142, 2, 25, '2023-07-10', NULL, 30, 2000.00, NULL, NULL, NULL, 1, NULL, '2023-07-09 18:04:06', '2023-07-09 18:04:06'),
(203, 65, 207, NULL, 1, 26, '2023-07-10', 12, NULL, 2000.00, NULL, NULL, NULL, 1, NULL, '2023-07-09 18:07:28', '2023-07-09 18:07:28'),
(204, 65, 147, NULL, 1, 27, '2023-07-15', 1, NULL, 2000.00, NULL, NULL, NULL, 1, NULL, '2023-07-15 09:31:22', '2023-07-15 09:31:57'),
(205, 164, 214, NULL, 1, 1, '2023-07-29', 12, NULL, 2000.00, NULL, NULL, NULL, 1, NULL, '2023-07-29 06:24:06', '2023-07-29 06:24:06'),
(206, 164, 215, NULL, 1, 2, '2023-07-30', 6, NULL, 3000.00, NULL, NULL, NULL, 1, NULL, '2023-07-30 05:16:07', '2023-07-30 05:16:07'),
(207, 164, 214, NULL, 1, 3, '2023-08-01', 1, NULL, 5000.00, NULL, NULL, NULL, 1, NULL, '2023-08-01 12:41:51', '2023-08-01 12:41:51'),
(208, 164, NULL, 147, 2, 4, '2023-08-01', NULL, 30, 2000.00, NULL, NULL, NULL, 1, NULL, '2023-08-01 12:45:09', '2023-08-01 12:45:09'),
(209, 164, 219, NULL, 1, 5, '2023-08-09', 12, NULL, 3000.00, NULL, NULL, NULL, 1, NULL, '2023-08-09 13:52:05', '2023-08-09 13:52:05'),
(210, 164, 218, NULL, 1, 6, '2023-08-09', 12, NULL, 2300.00, NULL, NULL, NULL, 1, NULL, '2023-08-09 13:52:41', '2023-08-09 13:52:41'),
(211, 164, 227, NULL, 1, 7, '2023-08-19', 12, NULL, 5000.00, NULL, NULL, NULL, 1, NULL, '2023-08-19 11:28:24', '2023-08-19 11:28:24'),
(212, 164, 235, NULL, 1, 8, '2023-08-24', 12, NULL, 5000.00, NULL, NULL, NULL, 1, NULL, '2023-08-24 07:41:36', '2023-08-24 07:41:36'),
(213, 164, NULL, 179, 2, 9, '2023-08-30', NULL, 26, 50000.00, NULL, NULL, NULL, 1, NULL, '2023-08-30 13:19:49', '2023-08-30 13:19:49'),
(214, 164, 246, NULL, 1, 10, '2023-09-02', 8, NULL, 20000.00, NULL, NULL, NULL, 1, NULL, '2023-09-02 05:26:29', '2023-09-02 05:26:29'),
(215, 164, 214, NULL, 1, 11, '2023-09-02', 12, NULL, 500.00, NULL, NULL, NULL, 1, NULL, '2023-09-02 15:33:36', '2023-09-02 15:33:36'),
(216, 164, 254, NULL, 1, 12, '2023-09-08', 8, NULL, 6000.00, NULL, NULL, NULL, 1, 'আমি দেখতে পাচ্ছি', '2023-09-08 08:59:51', '2023-09-08 08:59:51'),
(217, 164, 214, NULL, 1, 13, '2023-09-09', 12, NULL, 200.00, NULL, NULL, NULL, 1, NULL, '2023-09-09 09:39:00', '2023-09-09 09:39:00'),
(218, 164, NULL, 170, 2, 14, '2023-09-09', NULL, 26, 20000.00, NULL, NULL, NULL, 1, NULL, '2023-09-09 09:39:51', '2023-09-09 09:39:51'),
(219, 164, NULL, 175, 2, 15, '2023-09-09', NULL, 26, 200000.00, NULL, NULL, NULL, 1, NULL, '2023-09-09 09:41:22', '2023-09-09 09:41:22'),
(220, 164, 255, NULL, 1, 16, '2023-09-13', 10, NULL, 50000.00, NULL, NULL, NULL, 1, NULL, '2023-09-13 11:08:29', '2023-09-13 11:08:29'),
(221, 164, 254, NULL, 1, 17, '2023-09-13', 14, NULL, 5000.00, NULL, NULL, NULL, 2, NULL, '2023-09-13 11:10:21', '2023-09-13 11:10:21'),
(222, 164, 255, NULL, 1, 18, '2023-09-20', 13, NULL, 50000.00, NULL, NULL, NULL, 1, NULL, '2023-09-20 06:59:20', '2023-09-20 06:59:20'),
(223, 164, 258, NULL, 1, 19, '2023-09-22', 6, NULL, 60000.00, NULL, NULL, NULL, 1, NULL, '2023-09-22 03:02:57', '2023-09-22 03:02:57'),
(224, 164, NULL, 186, 2, 20, '2023-09-22', NULL, 21, 5000.00, NULL, NULL, '8769', 1, 'paynent the water bill by majhar', '2023-09-22 03:06:33', '2023-09-22 03:06:33'),
(225, 164, 258, NULL, 1, 21, '2023-09-22', 6, NULL, 50000.00, NULL, NULL, NULL, 2, NULL, '2023-09-22 14:46:36', '2023-09-22 14:46:36'),
(226, 164, 261, NULL, 1, 22, '2023-09-22', 16, NULL, 6000.00, NULL, NULL, NULL, 1, NULL, '2023-09-22 14:50:51', '2023-09-22 14:50:51');

-- --------------------------------------------------------

--
-- Table structure for table `migrations`
--

CREATE TABLE `migrations` (
  `id` int(10) UNSIGNED NOT NULL,
  `migration` varchar(255) NOT NULL,
  `batch` int(11) NOT NULL
) ENGINE=InnoDB DEFAULT CHARSET=utf8mb4 COLLATE=utf8mb4_unicode_ci;

--
-- Dumping data for table `migrations`
--

INSERT INTO `migrations` (`id`, `migration`, `batch`) VALUES
(1, '2013_11_15_102506_create_roles_table', 1),
(2, '2014_10_12_000000_create_users_table', 1),
(3, '2014_10_12_100000_create_password_resets_table', 1),
(4, '2019_08_19_000000_create_failed_jobs_table', 1),
(5, '2019_12_14_000001_create_personal_access_tokens_table', 1),
(6, '2022_11_15_095736_create_admins_table', 1),
(7, '2022_11_15_101140_create_company_infos_table', 1),
(8, '2022_11_15_103817_create_business_types_table', 1),
(9, '2022_11_15_104546_create_countries_table', 1),
(10, '2022_11_15_104758_create_states_table', 1),
(11, '2022_11_15_105033_create_police_stations_table', 1),
(12, '2022_11_15_105301_create_pages_table', 1),
(13, '2022_11_15_120325_create_packages_table', 1),
(14, '2022_11_15_121131_create_package_features_table', 1),
(15, '2022_11_15_125227_create_subscription_histories_table', 1),
(16, '2022_11_20_163651_create_subscription_reminders_table', 2),
(17, '2022_11_20_180615_create_user_roles_table', 3),
(18, '2022_11_20_180716_create_user_role_accesses_table', 3),
(19, '2022_11_21_105157_create_customers_table', 4),
(20, '2022_11_21_111005_create_suppliers_table', 4),
(23, '2022_11_21_142543_create_products_table', 5),
(42, '2022_11_21_180332_create_orders_table', 6),
(43, '2022_11_21_180405_create_order_details_table', 6),
(44, '2022_11_22_111236_create_favorite_orders_table', 6),
(45, '2022_11_22_111834_create_favorite_order_details_table', 6),
(46, '2022_11_22_184718_create_return_orders_table', 6),
(47, '2022_11_22_184727_create_return_order_details_table', 6),
(48, '2022_11_23_110250_create_purchases_table', 6),
(49, '2022_11_23_110323_create_purchase_details_table', 6),
(50, '2022_11_23_112850_create_return_purchases_table', 6),
(51, '2022_11_23_112903_create_return_purchase_details_table', 6),
(52, '2022_11_24_143150_create_product_units_table', 7),
(57, '2022_11_27_105256_create_income_expenses_table', 8),
(58, '2022_11_27_132004_create_incomes_table', 8),
(59, '2022_11_27_132117_create_expenses_table', 8),
(60, '2022_11_27_132340_create_purposes_table', 8),
(61, '2022_11_28_104907_create_transaction_histories_table', 9),
(62, '2022_11_28_121224_create_balance_transfers_table', 10),
(63, '2022_11_28_131403_create_expense_purposes_table', 11),
(65, '2022_12_05_103609_create_notifications_table', 12),
(66, '2023_01_24_115917_create_send_to_order_lists_table', 13),
(67, '2023_02_14_165529_create_group_infos_table', 13),
(69, '2023_03_22_154857_create_profit_losses_table', 14),
(70, '2023_04_19_102257_create_previous_cashin_hands_table', 15),
(71, '2023_05_22_112925_create_admin_notifications_table', 16),
(72, '2023_06_07_110851_create_due_alerts_table', 16),
(73, '2023_06_07_113843_create_sliders_table', 17),
(74, '2023_06_07_114403_create_app_features_table', 17);

-- --------------------------------------------------------

--
-- Table structure for table `notifications`
--

CREATE TABLE `notifications` (
  `id` bigint(20) UNSIGNED NOT NULL,
  `user_id` bigint(20) UNSIGNED DEFAULT NULL,
  `name` text NOT NULL,
  `created_at` timestamp NULL DEFAULT NULL,
  `updated_at` timestamp NULL DEFAULT NULL
) ENGINE=InnoDB DEFAULT CHARSET=utf8mb4 COLLATE=utf8mb4_unicode_ci;

--
-- Dumping data for table `notifications`
--

INSERT INTO `notifications` (`id`, `user_id`, `name`, `created_at`, `updated_at`) VALUES
(1, 4, 'Order placed to <b>wewe 2</b>', '2022-12-05 12:12:39', '2022-12-05 12:12:39'),
(2, 5, 'Store subscription migrated to <b></b>', '2022-12-27 22:19:28', '2022-12-27 22:19:28'),
(3, 5, 'Reminder <b>1</b> times brfore <b>10</b> days of expiration', '2022-12-27 22:20:50', '2022-12-27 22:20:50'),
(4, 5, 'New customer <b>customer 3 added by <b></b>', '2022-12-27 22:21:10', '2022-12-27 22:21:10'),
(5, 5, 'Customer name change from <b>wewe 2</br> to <b>wewe 2</b> by <b></b>', '2022-12-27 22:21:37', '2022-12-27 22:21:37'),
(6, 5, 'New supplier <b>supplier 2 added by <b></b>', '2022-12-27 22:22:11', '2022-12-27 22:22:11'),
(7, 5, 'Supplier <b>updated supplier</b> changed to <b>updated supplier</b> by <b></b>', '2022-12-27 22:22:29', '2022-12-27 22:22:29'),
(8, 5, 'New <b>product</b> name <b>Product - 1 - 3</b> added by <b></b>', '2022-12-27 22:23:17', '2022-12-27 22:23:17'),
(9, 5, 'New product/service unit <b>KG</b> added by <b></b>', '2022-12-27 22:28:12', '2022-12-27 22:28:12'),
(10, 5, 'New product/service unit <b>Kg</b> updated by <b></b>', '2022-12-27 22:28:19', '2022-12-27 22:28:19'),
(11, 5, 'Income title <b>Service Sale</b> added by <b></b>', '2022-12-27 22:48:47', '2022-12-27 22:48:47'),
(12, 5, 'Expense title <b>Rikshaw Rent</b> added by <b></b>', '2022-12-27 22:49:25', '2022-12-27 22:49:25'),
(13, 5, 'New income purpose <b>Bonus</b> added', '2022-12-27 22:49:50', '2022-12-27 22:49:50'),
(14, 5, 'Income purpose <b>Bonus</b> changed to <b>Bonus</b>', '2022-12-27 22:49:56', '2022-12-27 22:49:56'),
(15, 5, 'Expense purpose title <b>New</b> added by <b></b>', '2022-12-27 22:51:07', '2022-12-27 22:51:07'),
(16, 5, 'Expense purpose title change from <b>Salary</b> to <b>Salary</b> by <b></b>', '2022-12-27 22:51:12', '2022-12-27 22:51:12'),
(17, 5, 'Income title <b>Service Sale</b> added by <b></b>', '2023-01-02 21:58:39', '2023-01-02 21:58:39'),
(18, 5, 'Income title <b>Commission Received</b> added by <b></b>', '2023-01-02 22:00:53', '2023-01-02 22:00:53'),
(19, 5, 'Income title <b>Service Charge</b> added by <b></b>', '2023-01-02 22:01:50', '2023-01-02 22:01:50'),
(20, 5, 'Income title <b>Late fee Received</b> added by <b></b>', '2023-01-02 22:02:05', '2023-01-02 22:02:05'),
(21, 5, 'Income title <b>Discount Received</b> added by <b></b>', '2023-01-02 22:02:27', '2023-01-02 22:02:27'),
(22, 5, 'Income title <b>Furniture Sale</b> added by <b></b>', '2023-01-02 22:02:42', '2023-01-02 22:02:42'),
(23, 5, 'Income title <b>Consultency fee</b> added by <b></b>', '2023-01-02 22:02:55', '2023-01-02 22:02:55'),
(24, 5, 'Income title <b>Asset Sale</b> added by <b></b>', '2023-01-02 22:03:09', '2023-01-02 22:03:09'),
(25, 5, 'Income title <b>Interest Received</b> added by <b></b>', '2023-01-02 22:03:20', '2023-01-02 22:03:20'),
(26, 5, 'Income title <b>Bonus Received</b> added by <b></b>', '2023-01-02 22:03:34', '2023-01-02 22:03:34'),
(27, 5, 'Income title <b>Shipping Charge</b> added by <b></b>', '2023-01-02 22:03:46', '2023-01-02 22:03:46'),
(28, 5, 'Income title <b>Customer Due</b> added by <b></b>', '2023-01-02 22:03:57', '2023-01-02 22:03:57'),
(29, 5, 'Income title <b>Invest</b> added by <b></b>', '2023-01-02 22:04:06', '2023-01-02 22:04:06'),
(30, 5, 'Income title <b>Loan</b> added by <b></b>', '2023-01-02 22:04:12', '2023-01-02 22:04:12'),
(31, 5, 'Income title <b>Consultency</b> added by <b></b>', '2023-01-02 22:04:21', '2023-01-02 22:04:21'),
(32, 5, 'Income title <b>Hardware Sale</b> added by <b></b>', '2023-01-02 22:04:29', '2023-01-02 22:04:29'),
(33, 5, 'Income title <b>Wasted Sale</b> added by <b></b>', '2023-01-02 22:04:43', '2023-01-02 22:04:43'),
(34, 5, 'Income title <b>Vat Received</b> added by <b></b>', '2023-01-02 22:04:56', '2023-01-02 22:04:56'),
(35, 5, 'Income title <b>Vat Received</b> added by <b></b>', '2023-01-02 22:05:14', '2023-01-02 22:05:14'),
(36, 5, 'Expense title <b>Purchase</b> added by <b></b>', '2023-01-02 22:18:59', '2023-01-02 22:18:59'),
(37, 5, 'Expense title <b>Transport</b> added by <b></b>', '2023-01-02 22:19:07', '2023-01-02 22:19:07'),
(38, 5, 'Expense title <b>Wages & Salary</b> added by <b></b>', '2023-01-02 22:19:16', '2023-01-02 22:19:16'),
(39, 5, 'Expense title <b>Sales & Marketing</b> added by <b></b>', '2023-01-02 22:19:23', '2023-01-02 22:19:23'),
(40, 5, 'Expense title <b>Bank fees Charge</b> added by <b></b>', '2023-01-02 22:19:30', '2023-01-02 22:19:30'),
(41, 5, 'Expense title <b>Office Rent</b> added by <b></b>', '2023-01-02 22:19:38', '2023-01-02 22:19:38'),
(42, 5, 'Expense title <b>Bad Debt</b> added by <b></b>', '2023-01-02 22:19:46', '2023-01-02 22:19:46'),
(43, 5, 'Expense title <b>Depreciation Cost</b> added by <b></b>', '2023-01-02 22:19:57', '2023-01-02 22:19:57'),
(44, 5, 'Expense title <b>Office stationary</b> added by <b></b>', '2023-01-02 22:20:06', '2023-01-02 22:20:06'),
(45, 5, 'Expense title <b>Automobile Expense</b> added by <b></b>', '2023-01-02 22:20:14', '2023-01-02 22:20:14'),
(46, 5, 'Expense title <b>Software Cost</b> added by <b></b>', '2023-01-02 22:20:21', '2023-01-02 22:20:21'),
(47, 5, 'Expense title <b>It Expense</b> added by <b></b>', '2023-01-02 22:20:29', '2023-01-02 22:20:29'),
(48, 5, 'Expense title <b>Internet Bill</b> added by <b></b>', '2023-01-02 22:20:36', '2023-01-02 22:20:36'),
(49, 5, 'Expense title <b>Fotocopy Bill</b> added by <b></b>', '2023-01-02 22:20:43', '2023-01-02 22:20:43'),
(50, 5, 'Expense title <b>Food</b> added by <b></b>', '2023-01-02 22:20:50', '2023-01-02 22:20:50'),
(51, 5, 'Expense title <b>Entertainment</b> added by <b></b>', '2023-01-02 22:20:56', '2023-01-02 22:20:56'),
(52, 5, 'Expense title <b>Printing & Packaging</b> added by <b></b>', '2023-01-02 22:21:02', '2023-01-02 22:21:02'),
(53, 5, 'Expense title <b>Repairs</b> added by <b></b>', '2023-01-02 22:21:09', '2023-01-02 22:21:09'),
(54, 5, 'Expense title <b>Maintain</b> added by <b></b>', '2023-01-02 22:21:15', '2023-01-02 22:21:15'),
(55, 5, 'Expense title <b>Gas Bill</b> added by <b></b>', '2023-01-02 22:34:10', '2023-01-02 22:34:10'),
(56, 5, 'Expense title <b>Water Bil</b> added by <b></b>', '2023-01-02 22:34:21', '2023-01-02 22:34:21'),
(57, 5, 'Expense title <b>Electricity Bill</b> added by <b></b>', '2023-01-02 22:34:30', '2023-01-02 22:34:30'),
(58, 5, 'Expense title <b>Rickshaw Rent</b> added by <b></b>', '2023-01-02 22:34:37', '2023-01-02 22:34:37'),
(59, 5, 'Expense title <b>Credit Card Charge</b> added by <b></b>', '2023-01-02 22:34:46', '2023-01-02 22:34:46'),
(60, 5, 'Expense title <b>Audit fee</b> added by <b></b>', '2023-01-02 22:34:53', '2023-01-02 22:34:53'),
(61, 5, 'Expense title <b>Due Received Cost</b> added by <b></b>', '2023-01-02 22:35:02', '2023-01-02 22:35:02'),
(62, 5, 'Expense title <b>Hotel Rent</b> added by <b></b>', '2023-01-02 22:35:10', '2023-01-02 22:35:10'),
(63, 5, 'Expense title <b>Product Transport</b> added by <b></b>', '2023-01-02 22:35:17', '2023-01-02 22:35:17'),
(64, 5, 'Expense title <b>Service Making Cost</b> added by <b></b>', '2023-01-02 22:35:24', '2023-01-02 22:35:24'),
(65, 5, 'Expense title <b>Cable TV Bill</b> added by <b></b>', '2023-01-02 22:35:31', '2023-01-02 22:35:31'),
(66, 5, 'Expense title <b>Security Bill</b> added by <b></b>', '2023-01-02 22:35:39', '2023-01-02 22:35:39'),
(67, 5, 'Expense title <b>CCTV Bill & Charge</b> added by <b></b>', '2023-01-02 22:35:46', '2023-01-02 22:35:46'),
(68, 5, 'Expense title <b>Hardware purchase</b> added by <b></b>', '2023-01-02 22:35:54', '2023-01-02 22:35:54'),
(69, 5, 'Expense title <b>Equipment Rental</b> added by <b></b>', '2023-01-02 22:36:04', '2023-01-02 22:36:04'),
(70, 5, 'Expense title <b>Subscription fees</b> added by <b></b>', '2023-01-02 22:36:13', '2023-01-02 22:36:13'),
(71, 5, 'Expense title <b>Income Tax Expense</b> added by <b></b>', '2023-01-02 22:36:21', '2023-01-02 22:36:21'),
(72, 5, 'Expense title <b>Vat</b> added by <b></b>', '2023-01-02 22:44:59', '2023-01-02 22:44:59'),
(73, 5, 'Expense title <b>Vat Expense</b> added by <b></b>', '2023-01-02 22:45:05', '2023-01-02 22:45:05'),
(74, 5, 'Expense title <b>Interest Expense</b> added by <b></b>', '2023-01-02 22:45:12', '2023-01-02 22:45:12'),
(75, 5, 'Expense title <b>Meals</b> added by <b></b>', '2023-01-02 22:45:20', '2023-01-02 22:45:20'),
(76, 5, 'Expense title <b>Advertising</b> added by <b></b>', '2023-01-02 22:45:26', '2023-01-02 22:45:26'),
(77, 5, 'Expense title <b>Repair & Maintenance</b> added by <b></b>', '2023-01-02 22:45:32', '2023-01-02 22:45:32'),
(78, 5, 'Expense title <b>Commission & Fees</b> added by <b></b>', '2023-01-02 22:45:39', '2023-01-02 22:45:39'),
(79, 5, 'Expense title <b>Income & Expense Cost</b> added by <b></b>', '2023-01-02 22:45:46', '2023-01-02 22:45:46'),
(80, 5, 'Expense title <b>Salary</b> added by <b></b>', '2023-01-02 22:45:52', '2023-01-02 22:45:52'),
(81, 5, 'Expense title <b>Advance Tax</b> added by <b></b>', '2023-01-02 22:45:58', '2023-01-02 22:45:58'),
(82, 5, 'Expense title <b>Office Supply</b> added by <b></b>', '2023-01-02 22:46:08', '2023-01-02 22:46:08'),
(83, 5, 'Expense title <b>Mobile Bill</b> added by <b></b>', '2023-01-02 22:46:19', '2023-01-02 22:46:19'),
(84, 5, 'Expense title <b>Mobile Bill</b> added by <b></b>', '2023-01-02 22:46:32', '2023-01-02 22:46:32'),
(85, 5, 'New product/service unit <b>Feet</b> added by <b></b>', '2023-01-02 23:03:30', '2023-01-02 23:03:30'),
(86, 5, 'New product/service unit <b>Square Fee</b> added by <b></b>', '2023-01-02 23:04:11', '2023-01-02 23:04:11'),
(87, 5, 'New product/service unit <b>Square Meter</b> added by <b></b>', '2023-01-02 23:04:19', '2023-01-02 23:04:19'),
(88, 5, 'New product/service unit <b>Kg</b> added by <b></b>', '2023-01-02 23:04:52', '2023-01-02 23:04:52'),
(89, 5, 'New product/service unit <b>Pcs</b> added by <b></b>', '2023-01-02 23:04:58', '2023-01-02 23:04:58'),
(90, 5, 'New product/service unit <b>Km</b> added by <b></b>', '2023-01-02 23:05:05', '2023-01-02 23:05:05'),
(91, 5, 'New product/service unit <b>Litter</b> added by <b></b>', '2023-01-02 23:05:10', '2023-01-02 23:05:10'),
(92, 5, 'New product/service unit <b>Metre</b> added by <b></b>', '2023-01-02 23:05:16', '2023-01-02 23:05:16'),
(93, 5, 'New product/service unit <b>Dozen</b> added by <b></b>', '2023-01-02 23:05:22', '2023-01-02 23:05:22'),
(94, 5, 'New product/service unit <b>Inch</b> added by <b></b>', '2023-01-02 23:05:27', '2023-01-02 23:05:27'),
(95, 5, 'New product/service unit <b>Bag</b> added by <b></b>', '2023-01-02 23:05:38', '2023-01-02 23:05:38'),
(96, 5, 'New product/service unit <b>Bosta</b> added by <b></b>', '2023-01-02 23:05:44', '2023-01-02 23:05:44'),
(97, 5, 'New product/service unit <b>Packet</b> added by <b></b>', '2023-01-02 23:05:48', '2023-01-02 23:05:48'),
(98, 5, 'New product/service unit <b>Carton</b> added by <b></b>', '2023-01-02 23:05:53', '2023-01-02 23:05:53'),
(99, 5, 'New product/service unit <b>Gauze</b> added by <b></b>', '2023-01-02 23:06:04', '2023-01-02 23:06:04'),
(100, 5, 'New product/service unit <b>Unit</b> added by <b></b>', '2023-01-02 23:06:09', '2023-01-02 23:06:09'),
(101, 5, 'New product/service unit <b>Boltes</b> added by <b></b>', '2023-01-02 23:06:14', '2023-01-02 23:06:14'),
(102, 5, 'New product/service unit <b>Box</b> added by <b></b>', '2023-01-02 23:06:21', '2023-01-02 23:06:21'),
(103, 5, 'New product/service unit <b>Bundles</b> added by <b></b>', '2023-01-02 23:06:29', '2023-01-02 23:06:29'),
(104, 5, 'New product/service unit <b>Cans</b> added by <b></b>', '2023-01-02 23:06:34', '2023-01-02 23:06:34'),
(105, 5, 'New product/service unit <b>Mililetter</b> added by <b></b>', '2023-01-02 23:06:39', '2023-01-02 23:06:39'),
(106, 5, 'New product/service unit <b>Number</b> added by <b></b>', '2023-01-02 23:06:45', '2023-01-02 23:06:45'),
(107, 5, 'New product/service unit <b>Pairs</b> added by <b></b>', '2023-01-02 23:06:52', '2023-01-02 23:06:52'),
(108, 5, 'New product/service unit <b>Quintal</b> added by <b></b>', '2023-01-02 23:06:57', '2023-01-02 23:06:57'),
(109, 5, 'New product/service unit <b>Rolls</b> added by <b></b>', '2023-01-02 23:07:03', '2023-01-02 23:07:03'),
(110, 5, 'New product/service unit <b>Tablets</b> added by <b></b>', '2023-01-02 23:07:09', '2023-01-02 23:07:09'),
(111, 5, 'New product/service unit <b>Pata</b> added by <b></b>', '2023-01-02 23:07:13', '2023-01-02 23:07:13'),
(112, 5, 'New product/service unit <b>Sets</b> added by <b></b>', '2023-01-02 23:07:22', '2023-01-02 23:07:22'),
(113, 5, 'New customer <b>customer 3 added by <b>Md Hafiz Al Foisal - 2</b>', '2023-01-15 16:19:04', '2023-01-15 16:19:04'),
(114, 5, 'New customer <b>customer 3 added by <b>Md Hafiz Al Foisal - 2</b>', '2023-01-15 22:35:03', '2023-01-15 22:35:03'),
(115, 5, 'New customer <b>Abir Temp added by <b>Md Hafiz Al Foisal - 2</b>', '2023-01-16 01:17:22', '2023-01-16 01:17:22'),
(116, 5, 'New customer <b>Abir Temp added by <b>Md Hafiz Al Foisal - 2</b>', '2023-01-16 01:30:15', '2023-01-16 01:30:15'),
(117, 5, 'New customer <b>Abir Temp added by <b>Md Hafiz Al Foisal - 2</b>', '2023-01-16 01:31:22', '2023-01-16 01:31:22'),
(118, 5, 'New customer <b>Abir added by <b>Md Hafiz Al Foisal - 2</b>', '2023-01-16 02:18:38', '2023-01-16 02:18:38'),
(119, 5, 'New customer <b>Abir added by <b>Md Hafiz Al Foisal - 2</b>', '2023-01-16 02:22:33', '2023-01-16 02:22:33'),
(120, 5, 'Customer name change from <b>Fahim</br> to <b>Fahim</b> by <b>Md Hafiz Al Foisal - 2</b>', '2023-01-16 03:33:51', '2023-01-16 03:33:51'),
(121, 5, 'Customer name change from <b>cus</br> to <b>cus</b> by <b>Md Hafiz Al Foisal - 2</b>', '2023-01-16 03:34:39', '2023-01-16 03:34:39'),
(122, 5, 'Customer name change from <b>wewe 2</br> to <b>wewe 2</b> by <b>Md Hafiz Al Foisal - 2</b>', '2023-01-16 04:16:52', '2023-01-16 04:16:52'),
(123, 5, 'Customer name change from <b>wew</br> to <b>wew</b> by <b>Md Hafiz Al Foisal - 2</b>', '2023-01-16 14:08:41', '2023-01-16 14:08:41'),
(124, 5, 'New supplier <b>supplier 2 added by <b>Md Hafiz Al Foisal - 2</b>', '2023-01-16 16:02:56', '2023-01-16 16:02:56'),
(125, 5, 'Supplier <b>supplier 2</b> changed to <b>updated supplier</b> by <b>Md Hafiz Al Foisal - 2</b>', '2023-01-16 16:03:27', '2023-01-16 16:03:27'),
(126, 5, 'New supplier <b>hello added by <b>Md Hafiz Al Foisal - 2</b>', '2023-01-16 16:04:26', '2023-01-16 16:04:26'),
(127, 5, 'New supplier <b>Rasel added by <b>Md Hafiz Al Foisal - 2</b>', '2023-01-16 16:08:13', '2023-01-16 16:08:13'),
(128, 5, 'New supplier <b>Sohan added by <b>Md Hafiz Al Foisal - 2</b>', '2023-01-16 16:10:15', '2023-01-16 16:10:15'),
(129, 5, 'Supplier <b>supplier 2</b> changed to <b>supp</b> by <b>Md Hafiz Al Foisal - 2</b>', '2023-01-16 16:12:23', '2023-01-16 16:12:23'),
(130, 5, 'Customer name change from <b>Abir</br> to <b>Abir</b> by <b>Md Hafiz Al Foisal - 2</b>', '2023-01-16 16:29:52', '2023-01-16 16:29:52'),
(131, 5, 'Customer name change from <b>Abir</br> to <b>Abir</b> by <b>Md Hafiz Al Foisal - 2</b>', '2023-01-16 20:53:11', '2023-01-16 20:53:11'),
(132, 5, 'Customer name change from <b>Abir Temp</br> to <b>Abir Temp</b> by <b>Md Hafiz Al Foisal - 2</b>', '2023-01-16 21:16:53', '2023-01-16 21:16:53'),
(133, 5, 'Customer name change from <b>wewe 2</br> to <b>wewe 2</b> by <b>Md Hafiz Al Foisal - 2</b>', '2023-01-16 21:22:01', '2023-01-16 21:22:01'),
(134, 5, 'New <b>service</b> name <b>we are your product name</b> updated by <b>Md Hafiz Al Foisal - 2</b>', '2023-01-16 22:22:11', '2023-01-16 22:22:11'),
(135, 5, 'New <b>service</b> name <b>we are your product name</b> updated by <b>Md Hafiz Al Foisal - 2</b>', '2023-01-16 22:22:38', '2023-01-16 22:22:38'),
(136, 5, 'Order placed to <b>wew</b>', '2023-01-17 15:23:27', '2023-01-17 15:23:27'),
(137, 5, 'Order placed to <b>Three customer</b>', '2023-01-17 15:23:51', '2023-01-17 15:23:51'),
(139, 5, 'New <b>product</b> name <b>Product - 1 - 3</b> added by <b>Md Hafiz Al Foisal - 2</b>', '2023-01-17 17:12:08', '2023-01-17 17:12:08'),
(140, 5, 'New <b>product</b> name <b>Product - 1 - 4</b> added by <b>Md Hafiz Al Foisal - 2</b>', '2023-01-17 17:12:34', '2023-01-17 17:12:34'),
(141, 5, 'New <b>product</b> name <b>Product - 1 - 4</b> added by <b>Md Hafiz Al Foisal - 2</b>', '2023-01-17 21:20:52', '2023-01-17 21:20:52'),
(142, 5, 'New <b>product</b> name <b>Product - 1 6</b> added by <b>Md Hafiz Al Foisal - 2</b>', '2023-01-17 21:22:10', '2023-01-17 21:22:10'),
(143, 5, 'New <b>product</b> name <b>Product - 1 - 3</b> added by <b>Md Hafiz Al Foisal - 2</b>', '2023-01-17 21:22:32', '2023-01-17 21:22:32'),
(144, 5, 'New <b>product</b> name <b>Product 9</b> added by <b>Md Hafiz Al Foisal - 2</b>', '2023-01-17 21:23:13', '2023-01-17 21:23:13'),
(145, 5, 'New <b>product</b> name <b>Pro3</b> added by <b>Md Hafiz Al Foisal - 2</b>', '2023-01-17 21:25:32', '2023-01-17 21:25:32'),
(146, 5, 'New <b>product</b> name <b>Product - 1 - 9</b> added by <b>Md Hafiz Al Foisal - 2</b>', '2023-01-17 22:07:18', '2023-01-17 22:07:18'),
(147, 5, 'New <b>product</b> name <b>Product - 1 - 4</b> updated by <b>Md Hafiz Al Foisal - 2</b>', '2023-01-18 16:10:44', '2023-01-18 16:10:44'),
(148, 5, 'New <b>product</b> name <b>Product - 1 - 3</b> updated by <b>Md Hafiz Al Foisal - 2</b>', '2023-01-18 16:14:06', '2023-01-18 16:14:06'),
(149, 5, 'New <b>product</b> name <b>Product - 1 - 3</b> updated by <b>Md Hafiz Al Foisal - 2</b>', '2023-01-18 16:16:31', '2023-01-18 16:16:31'),
(150, 5, 'New <b>product</b> name <b>Product - 1 - 3</b> updated by <b>Md Hafiz Al Foisal - 2</b>', '2023-01-18 16:17:53', '2023-01-18 16:17:53'),
(151, 5, 'New <b>product</b> name <b>Alu</b> added by <b>Md Hafiz Al Foisal - 2</b>', '2023-01-18 16:23:49', '2023-01-18 16:23:49'),
(152, 5, 'New <b>product</b> name <b>Alu</b> updated by <b>Md Hafiz Al Foisal - 2</b>', '2023-01-18 16:24:50', '2023-01-18 16:24:50'),
(153, 5, 'New <b>product</b> name <b>potol</b> added by <b>Md Hafiz Al Foisal - 2</b>', '2023-01-18 16:28:17', '2023-01-18 16:28:17'),
(154, 5, 'Expense title <b>Cash</b> added by <b>Md Hafiz Al Foisal - 2</b>', '2023-01-18 16:38:16', '2023-01-18 16:38:16'),
(155, 5, 'New <b>product</b> name <b>Product - 1 - 4</b> updated by <b>Md Hafiz Al Foisal - 2</b>', '2023-01-18 16:52:41', '2023-01-18 16:52:41'),
(156, 5, 'New <b>product</b> name <b>Product - 1 - 4</b> updated by <b>Md Hafiz Al Foisal - 2</b>', '2023-01-18 18:41:28', '2023-01-18 18:41:28'),
(157, 5, 'New <b>product</b> name <b>Korolla</b> added by <b>Md Hafiz Al Foisal - 2</b>', '2023-01-18 18:42:54', '2023-01-18 18:42:54'),
(158, 5, 'New <b>product</b> name <b>Product - 1 - 4</b> updated by <b>Md Hafiz Al Foisal - 2</b>', '2023-01-18 19:00:40', '2023-01-18 19:00:40'),
(159, 5, 'New <b>product</b> name <b>Product - 1 - 4</b> updated by <b>Md Hafiz Al Foisal - 2</b>', '2023-01-18 19:11:49', '2023-01-18 19:11:49'),
(160, 5, 'New <b>product</b> name <b>Product - 1 - 4</b> updated by <b>Md Hafiz Al Foisal - 2</b>', '2023-01-18 19:15:27', '2023-01-18 19:15:27'),
(161, 5, 'Supplier <b>supp</b> changed to <b>supp</b> by <b>Md Hafiz Al Foisal - 2</b>', '2023-01-18 19:19:53', '2023-01-18 19:19:53'),
(162, 5, 'New <b>product</b> name <b>Product - 1 - 4</b> updated by <b>Md Hafiz Al Foisal - 2</b>', '2023-01-18 20:50:15', '2023-01-18 20:50:15'),
(163, 5, 'New <b>product</b> name <b>Product - 1 6</b> updated by <b>Md Hafiz Al Foisal - 2</b>', '2023-01-18 21:04:48', '2023-01-18 21:04:48'),
(164, 5, 'New <b>product</b> name <b>Product - 1 6</b> updated by <b>Md Hafiz Al Foisal - 2</b>', '2023-01-18 21:05:39', '2023-01-18 21:05:39'),
(165, 5, 'New <b>product</b> name <b>Product - 1 - 4</b> updated by <b>Md Hafiz Al Foisal - 2</b>', '2023-01-18 21:46:29', '2023-01-18 21:46:29'),
(166, 5, 'New <b>product</b> name <b>Product - 1 6</b> updated by <b>Md Hafiz Al Foisal - 2</b>', '2023-01-18 22:12:02', '2023-01-18 22:12:02'),
(167, 5, 'New <b>product</b> name <b>Product - 1 6</b> updated by <b>Md Hafiz Al Foisal - 2</b>', '2023-01-18 22:28:39', '2023-01-18 22:28:39'),
(168, 5, 'New <b>product</b> name <b>Alu</b> updated by <b>Md Hafiz Al Foisal - 2</b>', '2023-01-18 23:28:21', '2023-01-18 23:28:21'),
(169, 5, 'New <b>product</b> name <b>Alu</b> updated by <b>Md Hafiz Al Foisal - 2</b>', '2023-01-18 23:31:14', '2023-01-18 23:31:14'),
(170, 5, 'New <b>product</b> name <b>Product - 1 6</b> updated by <b>Md Hafiz Al Foisal - 2</b>', '2023-01-18 23:52:05', '2023-01-18 23:52:05'),
(171, 5, 'New <b>product</b> name <b>Product - 1 6</b> updated by <b>Md Hafiz Al Foisal - 2</b>', '2023-01-18 23:53:39', '2023-01-18 23:53:39'),
(172, 5, 'Purchase invoice <b>#1</b> placed', '2023-01-19 00:12:40', '2023-01-19 00:12:40'),
(173, 5, 'New <b>product</b> name <b>Product - 1 - 3</b> buy from supplier', '2023-01-19 00:12:40', '2023-01-19 00:12:40'),
(174, 5, 'New <b>product</b> name <b>Product - 1 - 4</b> buy from supplier', '2023-01-19 00:12:40', '2023-01-19 00:12:40'),
(175, 5, 'Purchase invoice <b>#2</b> placed', '2023-01-19 00:13:02', '2023-01-19 00:13:02'),
(176, 5, 'New <b>product</b> name <b>Product - 1 - 3</b> buy from supplier', '2023-01-19 00:13:02', '2023-01-19 00:13:02'),
(177, 5, 'New <b>product</b> name <b>Product - 1 - 4</b> buy from supplier', '2023-01-19 00:13:02', '2023-01-19 00:13:02'),
(178, 5, 'New <b>product</b> name <b>Product - 1 - 4</b> updated by <b>Md Hafiz Al Foisal - 2</b>', '2023-01-19 00:19:35', '2023-01-19 00:19:35'),
(179, 5, 'New <b>product</b> name <b>Product - 1 6</b> updated by <b>Md Hafiz Al Foisal - 2</b>', '2023-01-19 15:12:44', '2023-01-19 15:12:44'),
(180, 5, 'New <b>product</b> name <b>Product - 1 6</b> updated by <b>Md Hafiz Al Foisal - 2</b>', '2023-01-19 15:13:09', '2023-01-19 15:13:09'),
(181, 5, 'New <b>product</b> name <b>Product - 1 6</b> updated by <b>Md Hafiz Al Foisal - 2</b>', '2023-01-19 15:13:33', '2023-01-19 15:13:33'),
(182, 5, 'New <b>product</b> name <b>Product - 1 6</b> updated by <b>Md Hafiz Al Foisal - 2</b>', '2023-01-19 15:17:30', '2023-01-19 15:17:30'),
(183, 5, 'New <b>product</b> name <b>Product - 1 6</b> updated by <b>Md Hafiz Al Foisal - 2</b>', '2023-01-19 15:20:07', '2023-01-19 15:20:07'),
(184, 5, 'New <b>product</b> name <b>Product - 1 - 3</b> updated by <b>Md Hafiz Al Foisal - 2</b>', '2023-01-19 15:23:13', '2023-01-19 15:23:13'),
(185, 5, 'New <b>product</b> name <b>Product - 1 - 3</b> updated by <b>Md Hafiz Al Foisal - 2</b>', '2023-01-19 15:23:25', '2023-01-19 15:23:25'),
(186, 5, 'New <b>product</b> name <b>Product - 1 - 3</b> updated by <b>Md Hafiz Al Foisal - 2</b>', '2023-01-19 15:23:41', '2023-01-19 15:23:41'),
(187, 5, 'New <b>product</b> name <b>Product - 1 - 3</b> updated by <b>Md Hafiz Al Foisal - 2</b>', '2023-01-19 15:46:22', '2023-01-19 15:46:22'),
(188, 5, 'New <b>product</b> name <b>Product - 1 - 3</b> updated by <b>Md Hafiz Al Foisal - 2</b>', '2023-01-19 15:48:56', '2023-01-19 15:48:56'),
(189, 5, 'New <b>product</b> name <b>Product - 1 - 3</b> updated by <b>Md Hafiz Al Foisal - 2</b>', '2023-01-19 15:51:02', '2023-01-19 15:51:02'),
(190, 5, 'New <b>product</b> name <b>Product - 1 - 3</b> updated by <b>Md Hafiz Al Foisal - 2</b>', '2023-01-19 15:52:42', '2023-01-19 15:52:42'),
(191, 5, 'New <b>product</b> name <b>Product - 1 - 3</b> updated by <b>Md Hafiz Al Foisal - 2</b>', '2023-01-19 16:00:09', '2023-01-19 16:00:09'),
(192, 5, 'New <b>product</b> name <b>Product - 1 - 3</b> updated by <b>Md Hafiz Al Foisal - 2</b>', '2023-01-19 16:03:45', '2023-01-19 16:03:45'),
(193, 5, 'New <b>product</b> name <b>Product - 1 - 3</b> updated by <b>Md Hafiz Al Foisal - 2</b>', '2023-01-19 16:12:22', '2023-01-19 16:12:22'),
(194, 5, 'New <b>product</b> name <b>Product - 1 - 3</b> updated by <b>Md Hafiz Al Foisal - 2</b>', '2023-01-19 16:16:01', '2023-01-19 16:16:01'),
(195, 5, 'New <b>product</b> name <b>Product - 1 - 3</b> updated by <b>Md Hafiz Al Foisal - 2</b>', '2023-01-19 16:19:54', '2023-01-19 16:19:54'),
(196, 5, 'Supplier <b>updated supplier</b> changed to <b>Rokib</b> by <b>Md Hafiz Al Foisal - 2</b>', '2023-01-19 16:35:02', '2023-01-19 16:35:02'),
(197, 5, 'Supplier <b>hello</b> changed to <b>Mahi</b> by <b>Md Hafiz Al Foisal - 2</b>', '2023-01-19 16:36:19', '2023-01-19 16:36:19'),
(198, 5, 'Supplier <b>Rasel</b> changed to <b>Rasel</b> by <b>Md Hafiz Al Foisal - 2</b>', '2023-01-19 16:37:29', '2023-01-19 16:37:29'),
(199, 5, 'Supplier <b>Sohan</b> changed to <b>Sohan</b> by <b>Md Hafiz Al Foisal - 2</b>', '2023-01-19 16:38:02', '2023-01-19 16:38:02'),
(200, 5, 'New <b>product</b> name <b>Product - 1 6</b> updated by <b>Md Hafiz Al Foisal - 2</b>', '2023-01-19 16:43:15', '2023-01-19 16:43:15'),
(201, 5, 'New <b>product</b> name <b>Product - 1 - 3</b> updated by <b>Md Hafiz Al Foisal - 2</b>', '2023-01-19 16:43:39', '2023-01-19 16:43:39'),
(202, 5, 'New <b>product</b> name <b>Product - 1 - 3</b> updated by <b>Md Hafiz Al Foisal - 2</b>', '2023-01-19 17:02:19', '2023-01-19 17:02:19'),
(203, 5, 'New <b>product</b> name <b>Product - 1 - 3</b> updated by <b>Md Hafiz Al Foisal - 2</b>', '2023-01-19 18:40:46', '2023-01-19 18:40:46'),
(204, 5, 'New <b>product</b> name <b>Product - 1 - 3</b> updated by <b>Md Hafiz Al Foisal - 2</b>', '2023-01-19 18:41:00', '2023-01-19 18:41:00'),
(205, 5, 'Purchase invoice <b>#3</b> placed', '2023-01-19 18:49:41', '2023-01-19 18:49:41'),
(206, 5, 'New <b>product</b> name <b>Product - 1 - 3</b> buy from supplier', '2023-01-19 18:49:41', '2023-01-19 18:49:41'),
(207, 5, 'New <b>product</b> name <b>Product - 1 - 4</b> buy from supplier', '2023-01-19 18:49:41', '2023-01-19 18:49:41'),
(208, 5, 'Purchase invoice <b>#4</b> placed', '2023-01-19 18:51:24', '2023-01-19 18:51:24'),
(209, 5, 'New <b>product</b> name <b>Product - 1 - 3</b> buy from supplier', '2023-01-19 18:51:24', '2023-01-19 18:51:24'),
(210, 5, 'New customer <b>customer 3 added by <b>Md Hafiz Al Foisal - 2</b>', '2023-01-21 15:31:12', '2023-01-21 15:31:12'),
(211, 5, 'New customer <b>customer 3 added by <b>Md Hafiz Al Foisal - 2</b>', '2023-01-21 15:31:13', '2023-01-21 15:31:13'),
(212, 5, 'New customer <b>customer 3 added by <b>Md Hafiz Al Foisal - 2</b>', '2023-01-21 15:31:15', '2023-01-21 15:31:15'),
(213, 5, 'New customer <b>customer 3 added by <b>Md Hafiz Al Foisal - 2</b>', '2023-01-21 15:31:16', '2023-01-21 15:31:16'),
(214, 5, 'New customer <b>customer 3 added by <b>Md Hafiz Al Foisal - 2</b>', '2023-01-21 15:31:17', '2023-01-21 15:31:17'),
(215, 5, 'New customer <b>customer 3 added by <b>Md Hafiz Al Foisal - 2</b>', '2023-01-21 15:31:18', '2023-01-21 15:31:18'),
(216, 5, 'New customer <b>customer 3 added by <b>Md Hafiz Al Foisal - 2</b>', '2023-01-21 15:31:19', '2023-01-21 15:31:19'),
(217, 5, 'New <b>service</b> name <b>Service 2</b> added by <b>Md Hafiz Al Foisal - 2</b>', '2023-01-21 20:36:55', '2023-01-21 20:36:55'),
(218, 5, 'New <b>service</b> name <b>Head Massage</b> added by <b>Md Hafiz Al Foisal - 2</b>', '2023-01-21 22:40:41', '2023-01-21 22:40:41'),
(219, 5, 'Purchase invoice <b>#5</b> placed', '2023-01-22 15:26:17', '2023-01-22 15:26:17'),
(220, 5, 'New <b>product</b> name <b>Product - 1 - 4</b> buy from supplier', '2023-01-22 15:26:17', '2023-01-22 15:26:17'),
(221, 5, 'Purchase invoice <b>#6</b> placed', '2023-01-22 15:26:37', '2023-01-22 15:26:37'),
(222, 5, 'New <b>product</b> name <b>Product - 1 - 4</b> buy from supplier', '2023-01-22 15:26:37', '2023-01-22 15:26:37'),
(223, 5, 'Purchase invoice <b>#7</b> placed', '2023-01-22 15:27:12', '2023-01-22 15:27:12'),
(224, 5, 'New <b>product</b> name <b>Product - 1 - 4</b> buy from supplier', '2023-01-22 15:27:12', '2023-01-22 15:27:12'),
(225, 5, 'New product/service unit <b>Demo</b> added by <b>Md Hafiz Al Foisal - 2</b>', '2023-01-22 17:02:48', '2023-01-22 17:02:48'),
(226, 5, 'New product/service unit <b>Demo</b> deleted by <b>Md Hafiz Al Foisal - 2</b>', '2023-01-22 17:03:07', '2023-01-22 17:03:07'),
(227, 5, 'New product/service unit <b>App Unit</b> added by <b>Md Hafiz Al Foisal - 2</b>', '2023-01-22 17:09:30', '2023-01-22 17:09:30'),
(228, 5, 'New product/service unit <b>App Unit 2</b> added by <b>Md Hafiz Al Foisal - 2</b>', '2023-01-22 17:10:06', '2023-01-22 17:10:06'),
(229, 5, 'New product/service unit <b>Ar Kicu</b> updated by <b>Md Hafiz Al Foisal - 2</b>', '2023-01-22 17:10:51', '2023-01-22 17:10:51'),
(230, 5, 'New product/service unit <b>App U</b> updated by <b>Md Hafiz Al Foisal - 2</b>', '2023-01-22 17:18:18', '2023-01-22 17:18:18'),
(231, 5, 'New product/service unit <b>App Unit 2</b> deleted by <b>Md Hafiz Al Foisal - 2</b>', '2023-01-22 17:28:37', '2023-01-22 17:28:37'),
(232, 5, 'New product/service unit <b>App U</b> deleted by <b>Md Hafiz Al Foisal - 2</b>', '2023-01-22 17:28:42', '2023-01-22 17:28:42'),
(233, 5, 'New <b>product</b> name <b>Product - 1 - 4</b> updated by <b>Md Hafiz Al Foisal - 2</b>', '2023-01-22 19:12:22', '2023-01-22 19:12:22'),
(234, 5, 'New <b>product</b> name <b>Product - 1 6</b> updated by <b>Md Hafiz Al Foisal - 2</b>', '2023-01-22 20:44:02', '2023-01-22 20:44:02'),
(245, 5, 'Purchase invoice <b>#8</b> placed', '2023-01-22 21:26:17', '2023-01-22 21:26:17'),
(246, 5, 'New <b>product</b> name <b>Product - 1 6</b> buy from supplier', '2023-01-22 21:26:17', '2023-01-22 21:26:17'),
(247, 5, 'New <b>product</b> name <b>Product - 1 6</b> updated by <b>Md Hafiz Al Foisal - 2</b>', '2023-01-22 21:54:39', '2023-01-22 21:54:39'),
(248, 5, 'New <b>product</b> name <b>Product - 1 6</b> updated by <b>Md Hafiz Al Foisal - 2</b>', '2023-01-22 21:58:40', '2023-01-22 21:58:40'),
(249, 5, 'New <b>product</b> name <b>Product - 1 6</b> updated by <b>Md Hafiz Al Foisal - 2</b>', '2023-01-22 21:58:50', '2023-01-22 21:58:50'),
(251, 5, 'Purchase invoice <b>#9</b> placed', '2023-01-22 22:06:33', '2023-01-22 22:06:33'),
(252, 5, 'New <b>product</b> name <b>Product - 1 - 4</b> buy from supplier', '2023-01-22 22:06:33', '2023-01-22 22:06:33'),
(253, 5, 'Purchase invoice <b>#1</b> updated', '2023-01-22 22:06:41', '2023-01-22 22:06:41'),
(254, 5, 'New <b>product</b> name <b>Product - 1 6</b> updated by <b>Md Hafiz Al Foisal - 2</b>', '2023-01-22 22:09:11', '2023-01-22 22:09:11'),
(255, 5, 'New <b>product</b> name <b>Product - 1 6</b> updated by <b>Md Hafiz Al Foisal - 2</b>', '2023-01-22 22:12:06', '2023-01-22 22:12:06'),
(256, 5, 'Purchase invoice <b>#8</b> updated', '2023-01-22 22:12:22', '2023-01-22 22:12:22'),
(257, 5, 'New <b>product</b> name <b>Product - 1 6</b> updated by <b>Md Hafiz Al Foisal - 2</b>', '2023-01-22 22:12:39', '2023-01-22 22:12:39'),
(258, 5, 'New <b>product</b> name <b>Product - 1 6</b> updated by <b>Md Hafiz Al Foisal - 2</b>', '2023-01-22 22:22:12', '2023-01-22 22:22:12'),
(259, 5, 'New <b>product</b> name <b>Product - 1 6</b> updated by <b>Md Hafiz Al Foisal - 2</b>', '2023-01-22 22:22:45', '2023-01-22 22:22:45'),
(260, 5, 'New <b>product</b> name <b>Product - 1 6</b> updated by <b>Md Hafiz Al Foisal - 2</b>', '2023-01-22 22:33:13', '2023-01-22 22:33:13'),
(261, 5, 'New <b>product</b> name <b>Product - 1 6</b> updated by <b>Md Hafiz Al Foisal - 2</b>', '2023-01-22 22:44:47', '2023-01-22 22:44:47'),
(262, 5, 'New <b>product</b> name <b>Product - 1 - 4</b> updated by <b>Md Hafiz Al Foisal - 2</b>', '2023-01-22 22:47:38', '2023-01-22 22:47:38'),
(263, 5, 'New <b>service</b> name <b>Decoration</b> updated by <b>Md Hafiz Al Foisal - 2</b>', '2023-01-22 23:32:39', '2023-01-22 23:32:39'),
(264, 5, 'New <b>service</b> name <b>we are your product name</b> updated by <b>Md Hafiz Al Foisal - 2</b>', '2023-01-23 23:13:53', '2023-01-23 23:13:53'),
(265, 5, 'New <b>product</b> name <b>we are your product name</b> updated by <b>Md Hafiz Al Foisal - 2</b>', '2023-01-23 23:33:16', '2023-01-23 23:33:16'),
(266, 5, 'New <b>service</b> name <b>we are your product name</b> updated by <b>Md Hafiz Al Foisal - 2</b>', '2023-01-23 23:34:48', '2023-01-23 23:34:48'),
(267, 5, 'New <b>service</b> name <b>we are your product name</b> updated by <b>Md Hafiz Al Foisal - 2</b>', '2023-01-23 23:35:18', '2023-01-23 23:35:18'),
(268, 5, 'New <b>product</b> name <b>Alu</b> updated by <b>Md Hafiz Al Foisal - 2</b>', '2023-01-23 23:37:53', '2023-01-23 23:37:53'),
(269, 5, 'New <b>product</b> name <b>Product - 1 - 9</b> updated by <b>Md Hafiz Al Foisal - 2</b>', '2023-01-23 23:38:28', '2023-01-23 23:38:28'),
(270, 5, 'Order placed to <b>Three customer</b>', '2023-01-24 00:06:04', '2023-01-24 00:06:04'),
(271, 5, 'Order placed to <b>wewe 2</b>', '2023-01-24 00:06:26', '2023-01-24 00:06:26'),
(272, 5, 'Order placed to <b>wewe 2</b>', '2023-01-24 00:06:46', '2023-01-24 00:06:46'),
(273, 5, 'Order placed to <b>wew</b>', '2023-01-24 00:07:16', '2023-01-24 00:07:16'),
(274, 5, 'Order placed to <b>Three customer</b>', '2023-01-24 00:07:34', '2023-01-24 00:07:34'),
(275, 5, 'Purchase invoice <b>#10</b> placed', '2023-01-24 16:42:49', '2023-01-24 16:42:49'),
(276, 5, 'New <b>product</b> name <b>Product - 1 - 4</b> buy from supplier', '2023-01-24 16:42:49', '2023-01-24 16:42:49'),
(277, 5, 'Purchase invoice <b>#11</b> placed', '2023-01-24 16:43:53', '2023-01-24 16:43:53'),
(278, 5, 'New <b>product</b> name <b>Product - 1 - 4</b> buy from supplier', '2023-01-24 16:43:53', '2023-01-24 16:43:53'),
(279, 5, 'Purchase invoice <b>#12</b> placed', '2023-01-24 16:44:13', '2023-01-24 16:44:13'),
(280, 5, 'New <b>product</b> name <b>Product - 1 - 4</b> buy from supplier', '2023-01-24 16:44:13', '2023-01-24 16:44:13'),
(281, 5, 'Purchase invoice <b>#13</b> placed', '2023-01-24 16:44:32', '2023-01-24 16:44:32'),
(282, 5, 'New <b>product</b> name <b>Product - 1 - 4</b> buy from supplier', '2023-01-24 16:44:32', '2023-01-24 16:44:32'),
(283, 5, 'New <b>product</b> name <b>Product - 1 6</b> updated by <b>Md Hafiz Al Foisal - 2</b>', '2023-01-25 15:51:37', '2023-01-25 15:51:37'),
(284, 5, 'New <b>product</b> name <b>Product - 1 6</b> updated by <b>Md Hafiz Al Foisal - 2</b>', '2023-01-26 01:20:47', '2023-01-26 01:20:47'),
(285, 5, 'New <b>product</b> name <b>Product - 1 - 4</b> updated by <b>Md Hafiz Al Foisal - 2</b>', '2023-01-26 18:33:27', '2023-01-26 18:33:27'),
(286, 5, 'Customer name change from <b>wewe 2</br> to <b>wewe 2</b> by <b>Md Hafiz Al Foisal - 2</b>', '2023-01-26 21:23:38', '2023-01-26 21:23:38'),
(287, 5, 'Customer name change from <b>cus</br> to <b>cus</b> by <b>Md Hafiz Al Foisal - 2</b>', '2023-01-30 18:57:19', '2023-01-30 18:57:19'),
(288, 5, 'New customer <b>majhar added by <b>Md Hafiz Al Foisal - 2</b>', '2023-01-30 18:59:09', '2023-01-30 18:59:09'),
(289, 5, 'New customer <b>harun added by <b>Md Hafiz Al Foisal - 2</b>', '2023-01-30 19:04:06', '2023-01-30 19:04:06'),
(290, 5, 'Order placed to <b>wewe 2</b>', '2023-02-02 15:31:48', '2023-02-02 15:31:48'),
(291, 5, 'Order placed to <b>wewe 2</b>', '2023-02-02 16:02:24', '2023-02-02 16:02:24'),
(292, 5, 'Order placed to <b>wewe 2</b>', '2023-02-02 16:38:09', '2023-02-02 16:38:09'),
(293, 5, 'Order placed to <b>wewe 2</b>', '2023-02-02 17:46:24', '2023-02-02 17:46:24'),
(294, 5, 'Order placed to <b>wewe 2</b>', '2023-02-02 17:59:16', '2023-02-02 17:59:16'),
(295, 5, 'Order placed to <b>wewe 2</b>', '2023-02-02 18:05:12', '2023-02-02 18:05:12'),
(296, 5, 'Order placed to <b>cus</b>', '2023-02-02 18:08:29', '2023-02-02 18:08:29'),
(297, 5, 'Order placed to <b>customer 3</b>', '2023-02-02 18:09:35', '2023-02-02 18:09:35'),
(298, 5, 'New <b>product</b> name <b>Product - 1 - 4</b> updated by <b>Md Hafiz Al Foisal - 2</b>', '2023-02-02 20:53:47', '2023-02-02 20:53:47'),
(299, 5, 'New <b>product</b> name <b>Product - 1 - 4</b> updated by <b>Md Hafiz Al Foisal - 2</b>', '2023-02-02 20:56:04', '2023-02-02 20:56:04'),
(301, 5, 'New customer <b>Abdus Lawyer Wiztec added by <b>Md Hafiz Al Foisal - 2</b>', '2023-02-02 23:59:56', '2023-02-02 23:59:56'),
(302, 5, 'New <b>product</b> name <b>Product - 1 - 3</b> updated by <b>Md Hafiz Al Foisal - 2</b>', '2023-02-03 16:09:50', '2023-02-03 16:09:50'),
(303, 5, 'New <b>product</b> name <b>Product - 1 - 3</b> updated by <b>Md Hafiz Al Foisal - 2</b>', '2023-02-03 16:14:22', '2023-02-03 16:14:22'),
(306, 5, 'New customer <b>majhar added by <b>Md Hafiz Al Foisal - 2</b>', '2023-02-03 16:19:28', '2023-02-03 16:19:28'),
(307, 5, 'New customer <b>majhar added by <b>Md Hafiz Al Foisal - 2</b>', '2023-02-03 16:20:30', '2023-02-03 16:20:30'),
(308, 5, 'New supplier <b>Shamim hasan added by <b>Md Hafiz Al Foisal - 2</b>', '2023-02-03 16:21:55', '2023-02-03 16:21:55'),
(309, 5, 'New supplier <b>rasel Ahmed added by <b>Md Hafiz Al Foisal - 2</b>', '2023-02-03 16:22:47', '2023-02-03 16:22:47'),
(310, 5, 'New <b>product</b> name <b>Kurti long</b> added by <b>Md Hafiz Al Foisal - 2</b>', '2023-02-03 16:31:46', '2023-02-03 16:31:46'),
(313, 5, 'New <b>service</b> name <b>we are your product name</b> updated by <b>Md Hafiz Al Foisal - 2</b>', '2023-02-03 16:34:53', '2023-02-03 16:34:53'),
(314, 5, 'New <b>product</b> name <b>Product - 1 6</b> updated by <b>Md Hafiz Al Foisal - 2</b>', '2023-02-03 16:36:09', '2023-02-03 16:36:09'),
(316, 5, 'New customer <b>Shaheen Mollah added by <b>Md Hafiz Al Foisal - 2</b>', '2023-02-03 16:37:47', '2023-02-03 16:37:47'),
(317, 5, 'Customer name change from <b>wewe 2</br> to <b>wewe 2</b> by <b>Md Hafiz Al Foisal - 2</b>', '2023-02-03 16:38:55', '2023-02-03 16:38:55'),
(318, 5, 'New <b>service</b> name <b>Head Massage</b> added by <b>Md Hafiz Al Foisal - 2</b>', '2023-02-03 16:44:15', '2023-02-03 16:44:15'),
(319, 5, 'New <b>product</b> name <b>Product - 1 6</b> updated by <b>Md Hafiz Al Foisal - 2</b>', '2023-02-03 16:45:52', '2023-02-03 16:45:52'),
(322, 5, 'New customer <b>Ahmed hossain added by <b>Md Hafiz Al Foisal - 2</b>', '2023-02-03 16:49:53', '2023-02-03 16:49:53'),
(323, 5, 'New product/service unit <b>kilometers</b> added by <b>Md Hafiz Al Foisal - 2</b>', '2023-02-03 17:53:32', '2023-02-03 17:53:32'),
(324, 5, 'New product/service unit <b>kilometers kms</b> updated by <b>Md Hafiz Al Foisal - 2</b>', '2023-02-03 17:54:01', '2023-02-03 17:54:01'),
(325, 5, 'New product/service unit <b>kilometers kms</b> deleted by <b>Md Hafiz Al Foisal - 2</b>', '2023-02-03 17:54:07', '2023-02-03 17:54:07'),
(326, 5, 'New product/service unit <b>kilometers kms</b> added by <b>Md Hafiz Al Foisal - 2</b>', '2023-02-03 17:54:36', '2023-02-03 17:54:36'),
(327, 5, 'New <b>product</b> name <b>Product - 1 - 4</b> updated by <b>Md Hafiz Al Foisal - 2</b>', '2023-02-03 19:16:43', '2023-02-03 19:16:43'),
(329, 5, 'New <b>product</b> name <b>Kurti long 42 inch</b> added by <b>Md Hafiz Al Foisal - 2</b>', '2023-02-03 23:04:31', '2023-02-03 23:04:31'),
(331, 5, 'New <b>service</b> name <b>hair strait</b> added by <b>Md Hafiz Al Foisal - 2</b>', '2023-02-03 23:07:11', '2023-02-03 23:07:11'),
(332, 5, 'New <b>service</b> name <b>hair strait</b> updated by <b>Md Hafiz Al Foisal - 2</b>', '2023-02-03 23:07:24', '2023-02-03 23:07:24'),
(333, 5, 'New customer <b>hasan added by <b>Md Hafiz Al Foisal - 2</b>', '2023-02-04 01:43:20', '2023-02-04 01:43:20'),
(334, 5, 'New supplier <b>hasan added by <b>Md Hafiz Al Foisal - 2</b>', '2023-02-04 01:44:05', '2023-02-04 01:44:05'),
(335, 5, 'New customer <b>jajir added by <b>Md Hafiz Al Foisal - 2</b>', '2023-02-04 01:48:50', '2023-02-04 01:48:50'),
(336, 5, 'New <b>product</b> name <b>Product - 1 - 3</b> updated by <b>Md Hafiz Al Foisal - 2</b>', '2023-02-04 19:55:23', '2023-02-04 19:55:23'),
(337, 5, 'New <b>product</b> name <b>Alu</b> updated by <b>Md Hafiz Al Foisal - 2</b>', '2023-02-04 19:59:19', '2023-02-04 19:59:19'),
(338, 5, 'New <b>product</b> name <b>Product - 1 - 4</b> updated by <b>Md Hafiz Al Foisal - 2</b>', '2023-02-04 20:30:57', '2023-02-04 20:30:57'),
(340, 5, 'New customer <b>shahidul added by <b>Md Hafiz Al Foisal - 2</b>', '2023-02-04 20:37:30', '2023-02-04 20:37:30'),
(341, 5, 'New supplier <b>hasanuzzaman added by <b>Md Hafiz Al Foisal - 2</b>', '2023-02-04 20:38:38', '2023-02-04 20:38:38'),
(343, 5, 'Purchase invoice <b>#14</b> placed', '2023-02-05 04:41:08', '2023-02-05 04:41:08'),
(344, 5, 'New <b>product</b> name <b>Product - 1 - 3</b> buy from supplier', '2023-02-05 04:41:08', '2023-02-05 04:41:08'),
(345, 5, 'New <b>product</b> name <b>Product - 1 - 4</b> buy from supplier', '2023-02-05 04:41:08', '2023-02-05 04:41:08'),
(346, 5, 'New <b>product</b> name <b>Alu</b> updated by <b>Md Hafiz Al Foisal - 2</b>', '2023-02-15 14:47:21', '2023-02-15 14:47:21'),
(347, 5, 'Reminder <b>1</b> times brfore <b>10</b> days of expiration', '2023-02-15 14:56:18', '2023-02-15 14:56:18'),
(348, 5, 'Reminder <b>2</b> times brfore <b>12</b> days of expiration', '2023-02-15 20:14:58', '2023-02-15 20:14:58'),
(349, 5, 'Supplier <b>Sohan</b> changed to <b>Sohan</b> by <b>Md Hafiz Al Foisal - 2</b>', '2023-02-15 21:15:34', '2023-02-15 21:15:34'),
(350, 5, 'Supplier <b>Sohan</b> changed to <b>Sohan</b> by <b>Md Hafiz Al Foisal - 2</b>', '2023-02-15 21:17:14', '2023-02-15 21:17:14'),
(351, 5, 'New <b>product</b> name <b>Product - 1 6</b> updated by <b>Md Hafiz Al Foisal - 2</b>', '2023-02-15 21:19:32', '2023-02-15 21:19:32'),
(352, 5, 'New <b>product</b> name <b>Product - 1 6</b> updated by <b>Md Hafiz Al Foisal - 2</b>', '2023-02-15 21:20:01', '2023-02-15 21:20:01'),
(357, 5, 'Purchase invoice <b>#515</b> placed', '2023-02-15 21:36:13', '2023-02-15 21:36:13'),
(358, 5, 'New <b>product</b> name <b>Product - 1 - 3</b> buy from supplier', '2023-02-15 21:36:13', '2023-02-15 21:36:13'),
(359, 5, 'New <b>product</b> name <b>Product - 1 - 4</b> buy from supplier', '2023-02-15 21:36:13', '2023-02-15 21:36:13'),
(360, 5, 'Purchase invoice <b>#5516</b> placed', '2023-02-15 21:39:12', '2023-02-15 21:39:12'),
(361, 5, 'New <b>product</b> name <b>Product - 1 - 3</b> buy from supplier', '2023-02-15 21:39:12', '2023-02-15 21:39:12'),
(362, 5, 'New <b>product</b> name <b>Product - 1 - 4</b> buy from supplier', '2023-02-15 21:39:12', '2023-02-15 21:39:12'),
(364, 5, 'Purchase invoice <b>#55517</b> placed', '2023-02-15 21:40:11', '2023-02-15 21:40:11'),
(365, 5, 'New <b>product</b> name <b>Product - 1 - 3</b> buy from supplier', '2023-02-15 21:40:11', '2023-02-15 21:40:11'),
(366, 5, 'New <b>product</b> name <b>Product - 1 - 4</b> buy from supplier', '2023-02-15 21:40:11', '2023-02-15 21:40:11'),
(367, 5, 'Purchase invoice <b>#555518</b> placed', '2023-02-15 21:40:52', '2023-02-15 21:40:52'),
(368, 5, 'New <b>product</b> name <b>Product - 1 6</b> buy from supplier', '2023-02-15 21:40:52', '2023-02-15 21:40:52'),
(369, 5, 'New <b>product</b> name <b>Product - 1 6</b> updated by <b>Md Hafiz Al Foisal - 2</b>', '2023-02-15 21:41:34', '2023-02-15 21:41:34'),
(370, 5, 'New <b>product</b> name <b>Product - 1 6</b> updated by <b>Md Hafiz Al Foisal - 2</b>', '2023-02-15 21:50:08', '2023-02-15 21:50:08'),
(371, 5, 'Purchase invoice <b>#555518</b> updated', '2023-02-15 21:50:13', '2023-02-15 21:50:13'),
(372, 5, 'New <b>product</b> name <b>Product - 1 6</b> updated by <b>Md Hafiz Al Foisal - 2</b>', '2023-02-16 14:20:27', '2023-02-16 14:20:27'),
(376, 5, 'Purchase invoice <b>#51</b> returned', '2023-02-16 16:16:19', '2023-02-16 16:16:19'),
(379, 5, 'Order return to 54', '2023-02-16 16:36:23', '2023-02-16 16:36:23'),
(380, 5, 'New <b>product</b> name <b>Product - 1 - 4</b> updated by <b>Md Hafiz Al Foisal - 2</b>', '2023-02-16 16:40:29', '2023-02-16 16:40:29'),
(381, 5, 'New <b>product</b> name <b>Product - 1 6</b> updated by <b>Md Hafiz Al Foisal - 2</b>', '2023-02-16 16:40:40', '2023-02-16 16:40:40'),
(382, 5, 'Purchase invoice <b>#5555519</b> placed', '2023-02-16 16:42:16', '2023-02-16 16:42:16'),
(383, 5, 'New <b>product</b> name <b>Product - 1 - 4</b> buy from supplier', '2023-02-16 16:42:16', '2023-02-16 16:42:16'),
(384, 5, 'New <b>product</b> name <b>Product - 1 6</b> buy from supplier', '2023-02-16 16:42:16', '2023-02-16 16:42:16'),
(385, 5, 'Purchase invoice <b>#552</b> returned', '2023-02-16 16:45:30', '2023-02-16 16:45:30'),
(386, 5, 'New <b>product</b> name <b>Alu</b> updated by <b>Md Hafiz Al Foisal - 2</b>', '2023-02-16 17:06:01', '2023-02-16 17:06:01'),
(387, 5, 'New <b>product</b> name <b>potol</b> updated by <b>Md Hafiz Al Foisal - 2</b>', '2023-02-16 17:06:24', '2023-02-16 17:06:24'),
(388, 5, 'Purchase invoice <b>#55555520</b> placed', '2023-02-16 17:06:46', '2023-02-16 17:06:46'),
(389, 5, 'New <b>product</b> name <b>Alu</b> buy from supplier', '2023-02-16 17:06:46', '2023-02-16 17:06:46'),
(390, 5, 'New <b>product</b> name <b>potol</b> buy from supplier', '2023-02-16 17:06:46', '2023-02-16 17:06:46'),
(391, 5, 'Purchase invoice <b>#5553</b> returned', '2023-02-16 17:07:51', '2023-02-16 17:07:51'),
(392, 5, 'Order placed to <b>wewe 2</b>', '2023-02-16 18:40:55', '2023-02-16 18:40:55'),
(393, 5, 'New <b>product</b> name <b>1 Alu</b> added by <b>Md Hafiz Al Foisal - 2</b>', '2023-02-16 21:03:59', '2023-02-16 21:03:59'),
(394, 5, 'New <b>product</b> name <b>2 Potol</b> added by <b>Md Hafiz Al Foisal - 2</b>', '2023-02-16 21:04:56', '2023-02-16 21:04:56'),
(395, 5, 'Purchase invoice <b>#51</b> placed', '2023-02-16 21:05:21', '2023-02-16 21:05:21'),
(396, 5, 'New <b>product</b> name <b>1 Alu</b> buy from supplier', '2023-02-16 21:05:21', '2023-02-16 21:05:21'),
(397, 5, 'New <b>product</b> name <b>2 Potol</b> buy from supplier', '2023-02-16 21:05:21', '2023-02-16 21:05:21'),
(398, 5, 'Purchase invoice <b>#51</b> returned', '2023-02-16 21:19:30', '2023-02-16 21:19:30'),
(399, 5, 'Purchase invoice #51 returned', '2023-02-16 21:25:28', '2023-02-16 21:25:28'),
(403, 5, 'Order placed to <b>Abir Temp</b>', '2023-02-16 21:35:54', '2023-02-16 21:35:54'),
(404, 5, 'Order return to 51', '2023-02-16 21:43:37', '2023-02-16 21:43:37'),
(405, 5, 'Order invoice #51 returned', '2023-02-16 22:00:03', '2023-02-16 22:00:03'),
(406, 5, 'New <b>product</b> name <b>3 Kumra</b> added by <b>Md Hafiz Al Foisal - 2</b>', '2023-02-16 22:34:42', '2023-02-16 22:34:42'),
(407, 5, 'Purchase invoice <b>#552</b> placed', '2023-02-16 22:35:03', '2023-02-16 22:35:03'),
(408, 5, 'New <b>product</b> name <b>3 Kumra</b> buy from supplier', '2023-02-16 22:35:03', '2023-02-16 22:35:03'),
(409, 5, 'Purchase invoice <b>#5553</b> placed', '2023-02-16 22:40:28', '2023-02-16 22:40:28'),
(410, 5, 'New <b>product</b> name <b>Product - 1 - 3</b> buy from supplier', '2023-02-16 22:40:28', '2023-02-16 22:40:28'),
(411, 5, 'New <b>product</b> name <b>Product - 1 - 4</b> buy from supplier', '2023-02-16 22:40:28', '2023-02-16 22:40:28'),
(412, 5, 'Income added for invoice #51', '2023-02-19 15:52:42', '2023-02-19 15:52:42'),
(413, 5, 'Income added for invoice #552', '2023-02-19 15:53:03', '2023-02-19 15:53:03'),
(414, 5, 'Income added for invoice #5553', '2023-02-19 15:57:20', '2023-02-19 15:57:20'),
(415, 5, 'Expense added for invoice #55554', '2023-02-19 15:58:59', '2023-02-19 15:58:59'),
(416, 5, 'Customer name change from <b>Abir Temp</br> to <b>Abir Temp</b> by <b>Md Hafiz Al Foisal - 2</b>', '2023-02-19 16:36:30', '2023-02-19 16:36:30'),
(417, 5, 'Income added for invoice #555555', '2023-02-19 16:38:36', '2023-02-19 16:38:36'),
(418, 5, 'Purchase invoice <b>#552</b> returned', '2023-02-19 18:39:17', '2023-02-19 18:39:17'),
(419, 5, 'Supplier <b>hasan</b> changed to <b>hasan</b> by <b>Md Hafiz Al Foisal - 2</b>', '2023-02-19 20:19:02', '2023-02-19 20:19:02'),
(420, 5, 'Order placed to <b>Fahim</b>', '2023-02-19 21:09:37', '2023-02-19 21:09:37'),
(421, 5, 'Order return to 552', '2023-02-19 21:24:26', '2023-02-19 21:24:26'),
(422, 5, 'Income added for invoice #5555556', '2023-02-19 21:25:54', '2023-02-19 21:25:54'),
(423, 5, 'Order placed to <b>majhar</b>', '2023-02-19 21:46:36', '2023-02-19 21:46:36'),
(424, 5, 'Supplier <b>Mahi</b> changed to <b>Mahi</b> by <b>Md Hafiz Al Foisal - 2</b>', '2023-02-20 15:43:25', '2023-02-20 15:43:25'),
(425, 5, 'Supplier <b>Mahi</b> changed to <b>Mahi</b> by <b>Md Hafiz Al Foisal - 2</b>', '2023-02-20 15:44:55', '2023-02-20 15:44:55'),
(426, 5, 'Supplier <b>updated supplier</b> changed to <b>updated supplier</b> by <b>Md Hafiz Al Foisal - 2</b>', '2023-02-20 15:46:58', '2023-02-20 15:46:58'),
(427, 5, 'Income added for invoice #55555557', '2023-02-22 14:35:45', '2023-02-22 14:35:45'),
(428, 5, 'Expense added for invoice #555555558', '2023-02-22 16:03:32', '2023-02-22 16:03:32'),
(429, 5, 'Expense added for invoice #5555555559', '2023-02-22 16:04:07', '2023-02-22 16:04:07'),
(430, 5, 'Expense added for invoice #55555555560', '2023-02-22 16:05:20', '2023-02-22 16:05:20'),
(431, 5, 'Income added for invoice #555555555561', '2023-02-22 16:13:46', '2023-02-22 16:13:46'),
(432, 5, 'Income added for invoice #5555555555562', '2023-02-22 16:14:21', '2023-02-22 16:14:21'),
(433, 5, 'Income added for invoice #55555555555563', '2023-02-22 16:14:48', '2023-02-22 16:14:48'),
(434, 5, 'Income added for invoice #555555555555564', '2023-02-22 16:15:18', '2023-02-22 16:15:18'),
(435, 5, 'Income added for invoice #5555555555555565', '2023-02-22 16:17:25', '2023-02-22 16:17:25'),
(436, 5, 'Expense added for invoice #55555555555555566', '2023-02-22 16:20:46', '2023-02-22 16:20:46'),
(437, 5, 'Expense added for invoice #555555555555555567', '2023-02-22 16:23:56', '2023-02-22 16:23:56'),
(438, 5, 'Income added for invoice #5555555555555555568', '2023-02-22 16:24:31', '2023-02-22 16:24:31'),
(439, 5, 'Income added for invoice #519', '2023-02-22 22:42:18', '2023-02-22 22:42:18'),
(440, 5, 'Income added for invoice #5520', '2023-02-22 22:42:41', '2023-02-22 22:42:41'),
(441, 5, 'Income added for invoice #55521', '2023-02-22 22:42:56', '2023-02-22 22:42:56'),
(442, 5, 'Income added for invoice #555522', '2023-02-22 22:43:49', '2023-02-22 22:43:49'),
(443, 5, 'Income added for invoice #5555523', '2023-02-22 22:44:07', '2023-02-22 22:44:07'),
(444, 5, 'Expense added for invoice #55555524', '2023-02-22 22:59:32', '2023-02-22 22:59:32'),
(445, 5, 'Expense added for invoice #555555525', '2023-02-22 22:59:58', '2023-02-22 22:59:58'),
(446, 5, 'Expense added for invoice #5555555526', '2023-02-22 23:00:16', '2023-02-22 23:00:16'),
(447, 5, 'Expense added for invoice #55555555527', '2023-02-22 23:00:32', '2023-02-22 23:00:32'),
(448, 5, 'Expense added for invoice #555555555528', '2023-02-22 23:00:49', '2023-02-22 23:00:49'),
(449, 5, 'Expense added for invoice #5555555555529', '2023-02-22 23:01:05', '2023-02-22 23:01:05'),
(450, 5, 'Expense added for invoice #55555555555530', '2023-02-22 23:19:29', '2023-02-22 23:19:29'),
(451, 5, 'Payment type title Bank Asia added by Md Hafiz Al Foisal - 2', '2023-02-23 01:45:14', '2023-02-23 01:45:14'),
(452, 5, 'Income added for invoice #55555555555531', '2023-02-23 07:47:23', '2023-02-23 07:47:23'),
(453, 5, 'Income added for invoice #153581772', '2023-02-23 07:48:22', '2023-02-23 07:48:22'),
(454, 5, 'Expense added for invoice #153581773', '2023-02-23 07:48:51', '2023-02-23 07:48:51'),
(455, 5, 'Expense added for invoice #153581774', '2023-02-23 07:51:25', '2023-02-23 07:51:25'),
(456, 5, 'Expense added for invoice #153581775', '2023-02-23 07:53:11', '2023-02-23 07:53:11');
INSERT INTO `notifications` (`id`, `user_id`, `name`, `created_at`, `updated_at`) VALUES
(457, 5, 'Expense added for invoice #153581776', '2023-02-23 07:54:07', '2023-02-23 07:54:07'),
(458, 5, 'Order placed to <b>Abir</b>', '2023-02-23 07:55:22', '2023-02-23 07:55:22'),
(459, 5, 'Expense added for invoice #153581777', '2023-02-23 07:57:02', '2023-02-23 07:57:02'),
(460, 5, 'Income added for invoice #153581778', '2023-02-23 07:59:33', '2023-02-23 07:59:33'),
(461, 5, 'Income added for invoice #153581779', '2023-02-23 08:02:14', '2023-02-23 08:02:14'),
(462, 5, 'Income added for invoice #153581780', '2023-02-23 08:58:23', '2023-02-23 08:58:23'),
(463, 5, 'New <b>service</b> name <b>1 First Service</b> added by <b>Md Hafiz Al Foisal - 2</b>', '2023-02-23 16:37:31', '2023-02-23 16:37:31'),
(464, 5, 'Favorite order added by <b>Md Hafiz Al Foisal - 2</b>', '2023-02-23 16:45:19', '2023-02-23 16:45:19'),
(465, 5, 'Reminder <b>1</b> times brfore <b>12</b> days of expiration', '2023-02-23 16:56:47', '2023-02-23 16:56:47'),
(466, 5, 'Reminder <b>1</b> times brfore <b>9</b> days of expiration', '2023-02-23 16:56:51', '2023-02-23 16:56:51'),
(467, 5, 'Order return to 553', '2023-02-23 17:32:58', '2023-02-23 17:32:58'),
(470, 5, 'Order invoice #552 returned', '2023-02-23 18:05:29', '2023-02-23 18:05:29'),
(471, 5, 'New <b>product</b> name <b>4 kamala</b> added by <b>Md Hafiz Al Foisal - 2</b>', '2023-02-23 20:37:09', '2023-02-23 20:37:09'),
(472, 5, 'Purchase invoice <b>#5554</b> placed', '2023-02-23 20:37:24', '2023-02-23 20:37:24'),
(473, 5, 'New <b>product</b> name <b>4 kamala</b> buy from supplier', '2023-02-23 20:37:24', '2023-02-23 20:37:24'),
(474, 5, 'New <b>product</b> name <b>5 banana</b> added by <b>Md Hafiz Al Foisal - 2</b>', '2023-02-23 20:38:18', '2023-02-23 20:38:18'),
(475, 5, 'Purchase invoice <b>#5555</b> placed', '2023-02-23 20:38:34', '2023-02-23 20:38:34'),
(476, 5, 'New <b>product</b> name <b>5 banana</b> buy from supplier', '2023-02-23 20:38:35', '2023-02-23 20:38:35'),
(477, 5, 'New <b>product</b> name <b>6 lebu</b> added by <b>Md Hafiz Al Foisal - 2</b>', '2023-02-23 20:39:32', '2023-02-23 20:39:32'),
(478, 5, 'Purchase invoice <b>#5556</b> placed', '2023-02-23 20:39:54', '2023-02-23 20:39:54'),
(479, 5, 'New <b>product</b> name <b>6 lebu</b> buy from supplier', '2023-02-23 20:39:54', '2023-02-23 20:39:54'),
(480, 5, 'New <b>product</b> name <b>7. Komla</b> added by <b>Md Hafiz Al Foisal - 2</b>', '2023-02-23 20:42:04', '2023-02-23 20:42:04'),
(481, 5, 'Purchase invoice <b>#5557</b> placed', '2023-02-23 20:42:21', '2023-02-23 20:42:21'),
(482, 5, 'New <b>product</b> name <b>7. Komla</b> buy from supplier', '2023-02-23 20:42:21', '2023-02-23 20:42:21'),
(483, 5, 'New <b>product</b> name <b>8. Apple</b> added by <b>Md Hafiz Al Foisal - 2</b>', '2023-02-23 20:43:43', '2023-02-23 20:43:43'),
(484, 5, 'Purchase invoice <b>#5558</b> placed', '2023-02-23 20:43:55', '2023-02-23 20:43:55'),
(485, 5, 'New <b>product</b> name <b>8. Apple</b> buy from supplier', '2023-02-23 20:43:55', '2023-02-23 20:43:55'),
(486, 5, 'New <b>product</b> name <b>9. Law</b> added by <b>Md Hafiz Al Foisal - 2</b>', '2023-02-23 20:44:55', '2023-02-23 20:44:55'),
(487, 5, 'Purchase invoice <b>#5559</b> placed', '2023-02-23 20:45:06', '2023-02-23 20:45:06'),
(488, 5, 'New <b>product</b> name <b>9. Law</b> buy from supplier', '2023-02-23 20:45:06', '2023-02-23 20:45:06'),
(489, 5, 'New <b>product</b> name <b>Peyara</b> added by <b>Md Hafiz Al Foisal - 2</b>', '2023-02-23 20:46:21', '2023-02-23 20:46:21'),
(490, 5, 'Purchase invoice <b>#5560</b> placed', '2023-02-23 20:46:33', '2023-02-23 20:46:33'),
(491, 5, 'New <b>product</b> name <b>Peyara</b> buy from supplier', '2023-02-23 20:46:33', '2023-02-23 20:46:33'),
(492, 5, 'New <b>product</b> name <b>10. Potato</b> added by <b>Md Hafiz Al Foisal - 2</b>', '2023-02-23 20:48:17', '2023-02-23 20:48:17'),
(493, 5, 'Purchase invoice <b>#5561</b> placed', '2023-02-23 20:48:28', '2023-02-23 20:48:28'),
(494, 5, 'New <b>product</b> name <b>10. Potato</b> buy from supplier', '2023-02-23 20:48:28', '2023-02-23 20:48:28'),
(495, 5, 'New <b>product</b> name <b>Vegitable</b> added by <b>Md Hafiz Al Foisal - 2</b>', '2023-02-23 20:49:44', '2023-02-23 20:49:44'),
(496, 5, 'Purchase invoice <b>#5562</b> placed', '2023-02-23 20:49:53', '2023-02-23 20:49:53'),
(497, 5, 'New <b>product</b> name <b>Biskut</b> added by <b>Md Hafiz Al Foisal - 2</b>', '2023-02-23 20:50:49', '2023-02-23 20:50:49'),
(498, 5, 'Purchase invoice <b>#5563</b> placed', '2023-02-23 20:51:02', '2023-02-23 20:51:02'),
(499, 5, 'New <b>product</b> name <b>Vegitable</b> buy from supplier', '2023-02-23 20:51:02', '2023-02-23 20:51:02'),
(500, 5, 'New <b>product</b> name <b>Biskut</b> buy from supplier', '2023-02-23 20:51:02', '2023-02-23 20:51:02'),
(501, 5, 'New <b>product</b> name <b>Choklate</b> added by <b>Md Hafiz Al Foisal - 2</b>', '2023-02-23 20:51:48', '2023-02-23 20:51:48'),
(502, 5, 'Purchase invoice <b>#5564</b> placed', '2023-02-23 20:51:59', '2023-02-23 20:51:59'),
(503, 5, 'New <b>product</b> name <b>Choklate</b> buy from supplier', '2023-02-23 20:51:59', '2023-02-23 20:51:59'),
(504, 5, 'New <b>product</b> name <b>Cini</b> added by <b>Md Hafiz Al Foisal - 2</b>', '2023-02-23 20:52:54', '2023-02-23 20:52:54'),
(505, 5, 'Purchase invoice <b>#5565</b> placed', '2023-02-23 20:53:05', '2023-02-23 20:53:05'),
(506, 5, 'New <b>product</b> name <b>Cini</b> buy from supplier', '2023-02-23 20:53:05', '2023-02-23 20:53:05'),
(507, 5, 'New <b>product</b> name <b>Lobon</b> added by <b>Md Hafiz Al Foisal - 2</b>', '2023-02-23 20:53:44', '2023-02-23 20:53:44'),
(508, 5, 'Purchase invoice <b>#5566</b> placed', '2023-02-23 20:54:02', '2023-02-23 20:54:02'),
(509, 5, 'New <b>product</b> name <b>Lobon</b> buy from supplier', '2023-02-23 20:54:02', '2023-02-23 20:54:02'),
(510, 5, 'New <b>product</b> name <b>Mojo</b> added by <b>Md Hafiz Al Foisal - 2</b>', '2023-02-23 20:54:58', '2023-02-23 20:54:58'),
(511, 5, 'Purchase invoice <b>#5567</b> placed', '2023-02-23 20:55:08', '2023-02-23 20:55:08'),
(512, 5, 'New <b>product</b> name <b>Mojo</b> buy from supplier', '2023-02-23 20:55:08', '2023-02-23 20:55:08'),
(513, 5, 'New <b>product</b> name <b>jus</b> added by <b>Md Hafiz Al Foisal - 2</b>', '2023-02-23 20:56:04', '2023-02-23 20:56:04'),
(514, 5, 'Purchase invoice <b>#5568</b> placed', '2023-02-23 20:56:18', '2023-02-23 20:56:18'),
(515, 5, 'New <b>product</b> name <b>jus</b> buy from supplier', '2023-02-23 20:56:18', '2023-02-23 20:56:18'),
(516, 5, 'Order placed to <b>wewe 2</b>', '2023-02-24 16:25:01', '2023-02-24 16:25:01'),
(517, 5, 'New user <b>Auto sub user added', '2023-02-24 17:46:12', '2023-02-24 17:46:12'),
(518, 5, 'Order placed to <b>wewe 2</b>', '2023-02-24 23:27:06', '2023-02-24 23:27:06'),
(519, 5, 'Order placed to <b>wewe 2</b>', '2023-02-24 23:28:00', '2023-02-24 23:28:00'),
(520, 5, 'Order placed to <b>wewe 2</b>', '2023-02-24 23:28:23', '2023-02-24 23:28:23'),
(521, 5, 'Order placed to <b>wewe 2</b>', '2023-02-24 23:28:43', '2023-02-24 23:28:43'),
(522, 5, 'Order placed to <b>cus</b>', '2023-02-24 23:29:12', '2023-02-24 23:29:12'),
(523, 5, 'Order placed to <b>customer 3</b>', '2023-02-24 23:29:55', '2023-02-24 23:29:55'),
(524, 5, 'Order placed to <b>wewe 2</b>', '2023-02-24 23:31:02', '2023-02-24 23:31:02'),
(525, 5, 'Order placed to <b>cus</b>', '2023-02-24 23:31:38', '2023-02-24 23:31:38'),
(526, 5, 'Order placed to <b>wewe 2</b>', '2023-02-24 23:32:03', '2023-02-24 23:32:03'),
(527, 5, 'Order placed to <b>customer 3</b>', '2023-02-24 23:32:27', '2023-02-24 23:32:27'),
(528, 5, 'Order placed to <b>customer 3</b>', '2023-02-24 23:33:32', '2023-02-24 23:33:32'),
(529, 5, 'Order placed to <b>wewe 2</b>', '2023-02-24 23:33:55', '2023-02-24 23:33:55'),
(530, 5, 'New user <b>Roni added', '2023-02-25 00:23:09', '2023-02-25 00:23:09'),
(531, 5, 'User <b>Auto sub user deleted', '2023-02-25 00:25:41', '2023-02-25 00:25:41'),
(532, 5, 'Purchase invoice <b>#553</b> returned', '2023-02-25 16:11:23', '2023-02-25 16:11:23'),
(533, 5, 'Order return to 554', '2023-02-25 16:25:45', '2023-02-25 16:25:45'),
(534, 5, 'Order return to 555', '2023-02-25 16:27:31', '2023-02-25 16:27:31'),
(535, 5, 'Order return to 556', '2023-02-25 16:30:48', '2023-02-25 16:30:48'),
(536, 5, 'Order return to 557', '2023-02-25 16:31:10', '2023-02-25 16:31:10'),
(537, 5, 'Order return to 558', '2023-02-25 16:31:23', '2023-02-25 16:31:23'),
(538, 5, 'Order return to 559', '2023-02-25 16:31:35', '2023-02-25 16:31:35'),
(539, 5, 'Order return to 560', '2023-02-25 16:32:02', '2023-02-25 16:32:02'),
(540, 5, 'Order return to 561', '2023-02-25 16:33:03', '2023-02-25 16:33:03'),
(541, 5, 'Order return to 562', '2023-02-25 16:33:15', '2023-02-25 16:33:15'),
(542, 5, 'Order return to 563', '2023-02-25 16:33:36', '2023-02-25 16:33:36'),
(543, 5, 'Order return to 564', '2023-02-25 16:33:50', '2023-02-25 16:33:50'),
(544, 5, 'Order return to 565', '2023-02-25 16:34:27', '2023-02-25 16:34:27'),
(545, 5, 'Order return to 566', '2023-02-25 16:34:40', '2023-02-25 16:34:40'),
(546, 5, 'Order return to 567', '2023-02-25 16:35:11', '2023-02-25 16:35:11'),
(547, 5, 'Purchase invoice <b>#554</b> returned', '2023-02-25 16:36:06', '2023-02-25 16:36:06'),
(548, 5, 'Purchase invoice <b>#555</b> returned', '2023-02-25 16:36:22', '2023-02-25 16:36:22'),
(549, 5, 'Purchase invoice <b>#556</b> returned', '2023-02-25 16:36:32', '2023-02-25 16:36:32'),
(550, 5, 'Purchase invoice <b>#557</b> returned', '2023-02-25 16:36:42', '2023-02-25 16:36:42'),
(551, 5, 'Purchase invoice <b>#558</b> returned', '2023-02-25 16:36:58', '2023-02-25 16:36:58'),
(552, 5, 'Purchase invoice <b>#559</b> returned', '2023-02-25 16:37:16', '2023-02-25 16:37:16'),
(553, 5, 'Purchase invoice <b>#560</b> returned', '2023-02-25 16:37:27', '2023-02-25 16:37:27'),
(554, 5, 'Purchase invoice <b>#561</b> returned', '2023-02-25 16:37:37', '2023-02-25 16:37:37'),
(555, 5, 'Purchase invoice <b>#562</b> returned', '2023-02-25 16:37:48', '2023-02-25 16:37:48'),
(556, 5, 'Purchase invoice <b>#563</b> returned', '2023-02-25 16:37:57', '2023-02-25 16:37:57'),
(557, 5, 'Purchase invoice <b>#564</b> returned', '2023-02-25 16:38:07', '2023-02-25 16:38:07'),
(558, 5, 'Purchase invoice <b>#565</b> returned', '2023-02-25 16:38:23', '2023-02-25 16:38:23'),
(559, 5, 'Purchase invoice <b>#566</b> returned', '2023-02-25 16:39:14', '2023-02-25 16:39:14'),
(560, 5, 'Purchase invoice <b>#567</b> returned', '2023-02-25 16:40:37', '2023-02-25 16:40:37'),
(561, 5, 'Purchase invoice <b>#568</b> returned', '2023-02-25 16:40:55', '2023-02-25 16:40:55'),
(562, 5, 'Purchase invoice <b>#569</b> returned', '2023-02-25 16:41:27', '2023-02-25 16:41:27'),
(563, 5, 'New <b>product</b> name <b>sosha</b> added by <b>Md Hafiz Al Foisal - 2</b>', '2023-02-25 20:03:05', '2023-02-25 20:03:05'),
(564, 5, 'Purchase invoice <b>#5569</b> placed', '2023-02-25 20:03:40', '2023-02-25 20:03:40'),
(565, 5, 'New <b>product</b> name <b>sosha</b> buy from supplier', '2023-02-25 20:03:40', '2023-02-25 20:03:40'),
(566, 5, 'New product/service unit <b>KG</b> added by <b>Md Hafiz Al Foisal - 2</b>', '2023-02-25 20:23:01', '2023-02-25 20:23:01'),
(567, 5, 'New product/service unit <b>Feet</b> deleted by <b>Md Hafiz Al Foisal - 2</b>', '2023-02-25 20:24:10', '2023-02-25 20:24:10'),
(568, 5, 'Purchase invoice #5556 updated', '2023-02-25 20:30:35', '2023-02-25 20:30:35'),
(569, 5, 'Reminder <b>2</b> times brfore <b>13</b> days of expiration', '2023-02-25 21:16:59', '2023-02-25 21:16:59'),
(570, 5, 'New user <b>Fahim added', '2023-02-25 21:46:33', '2023-02-25 21:46:33'),
(571, 5, 'Income added for invoice #153581781', '2023-02-25 22:04:06', '2023-02-25 22:04:06'),
(572, 5, 'Income added for invoice #153581782', '2023-02-25 22:04:37', '2023-02-25 22:04:37'),
(573, 5, 'Expense added for invoice #153581783', '2023-02-25 22:05:39', '2023-02-25 22:05:39'),
(574, 5, 'Expense title aaa added by Md Hafiz Al', '2023-02-25 22:08:52', '2023-02-25 22:08:52'),
(575, 5, 'Income title aaa added by Md Hafiz Al', '2023-02-25 22:09:04', '2023-02-25 22:09:04'),
(576, 5, 'Payment type title aaa added by Md Hafiz Al', '2023-02-25 22:09:31', '2023-02-25 22:09:31'),
(577, 5, 'New customer <b>aaa added by <b>Md Hafiz Al</b>', '2023-02-25 22:14:59', '2023-02-25 22:14:59'),
(578, 5, 'Supplier <b>Sohan</b> changed to <b>Sohan 12</b> by <b>Md Hafiz Al</b>', '2023-02-25 22:27:39', '2023-02-25 22:27:39'),
(579, 5, 'Customer name change from <b>Abdus Lawyer Wiztec</br> to <b>Abdus Lawyer Wiztec</b> by <b>Md Hafiz Al</b>', '2023-02-25 22:29:08', '2023-02-25 22:29:08'),
(580, 5, 'New <b>product</b> name <b>sosha</b> updated by <b>Md Hafiz Al</b>', '2023-02-25 22:30:59', '2023-02-25 22:30:59'),
(581, 5, 'Order deleted for <b>Abir</b>', '2023-02-25 22:38:16', '2023-02-25 22:38:16'),
(582, 5, 'Payment type title AB bank added by Zakaria 12', '2023-02-25 22:59:20', '2023-02-25 22:59:20'),
(583, 5, 'Payment type title Islami Bank added by Zakaria 12', '2023-02-25 23:00:50', '2023-02-25 23:00:50'),
(584, 5, 'Favorite order added by <b>Md Hafiz Al</b>', '2023-02-26 01:59:18', '2023-02-26 01:59:18'),
(585, 5, 'New product/service unit <b>aaa</b> added by <b>Zakaria 12</b>', '2023-02-26 02:18:44', '2023-02-26 02:18:44'),
(586, 5, 'New product/service unit <b>aaa</b> deleted by <b>Zakaria 12</b>', '2023-02-26 02:22:25', '2023-02-26 02:22:25'),
(587, 23, 'New product/service unit <b>Potato</b> added by <b></b>', '2023-02-26 20:23:35', '2023-02-26 20:23:35'),
(588, 23, 'New product/service unit <b>Tomatto</b> added by <b></b>', '2023-02-26 20:23:46', '2023-02-26 20:23:46'),
(589, 23, 'New customer <b>Abdullah Al Noman Nayeem added by <b></b>', '2023-02-26 20:27:22', '2023-02-26 20:27:22'),
(590, 5, 'New <b>product</b> name <b>Peyara</b> updated by <b>Md Hafiz Al</b>', '2023-02-26 21:19:57', '2023-02-26 21:19:57'),
(591, 5, 'New product/service unit <b>feet</b> added by <b>Md Hafiz Al</b>', '2023-02-26 21:24:05', '2023-02-26 21:24:05'),
(592, 5, 'New product/service unit <b>feet</b> added by <b>Md Hafiz Al</b>', '2023-02-26 21:24:11', '2023-02-26 21:24:11'),
(593, 5, 'Reminder <b>2</b> times brfore <b>19</b> days of expiration', '2023-02-26 22:45:04', '2023-02-26 22:45:04'),
(594, 5, 'Order placed to <b>Guest_Automated Workshop</b>', '2023-02-27 14:11:24', '2023-02-27 14:11:24'),
(595, 5, 'New supplier <b>majhar added by <b>Md Hafiz Al</b>', '2023-02-27 14:19:51', '2023-02-27 14:19:51'),
(596, 5, 'New customer <b>Abdul kalam azad added by <b>Md Hafiz Al</b>', '2023-02-27 14:21:26', '2023-02-27 14:21:26'),
(597, 5, 'New <b>product</b> name <b>4 kamala</b> updated by <b>Md Hafiz Al</b>', '2023-02-27 14:29:52', '2023-02-27 14:29:52'),
(598, 5, 'New <b>product</b> name <b>banana 200</b> added by <b>Md Hafiz Al</b>', '2023-02-27 14:31:28', '2023-02-27 14:31:28'),
(599, 5, 'New supplier <b>talukder added by <b>Md Hafiz Al</b>', '2023-02-27 14:32:22', '2023-02-27 14:32:22'),
(600, 5, 'New <b>product</b> name <b>komla 200</b> added by <b>Md Hafiz Al</b>', '2023-02-27 14:35:15', '2023-02-27 14:35:15'),
(601, 5, 'New supplier <b>MASUD vai added by <b>Md Hafiz Al</b>', '2023-02-27 14:36:32', '2023-02-27 14:36:32'),
(602, 5, 'Purchase invoice <b>#5570</b> placed', '2023-02-27 14:38:41', '2023-02-27 14:38:41'),
(603, 5, 'New <b>product</b> name <b>komla 200</b> buy from supplier', '2023-02-27 14:38:41', '2023-02-27 14:38:41'),
(604, 5, 'New <b>product</b> name <b>komla 200</b> updated by <b>Md Hafiz Al</b>', '2023-02-27 14:42:13', '2023-02-27 14:42:13'),
(605, 5, 'Purchase invoice <b>#570</b> returned', '2023-02-27 14:44:36', '2023-02-27 14:44:36'),
(606, 5, 'Income added for invoice #153581784', '2023-02-27 14:49:25', '2023-02-27 14:49:25'),
(607, 39, 'New <b>product</b> name <b>bicycle 500</b> added by <b></b>', '2023-02-27 16:22:42', '2023-02-27 16:22:42'),
(608, 39, 'New <b>product</b> name <b>bicycle handle</b> added by <b></b>', '2023-02-27 16:25:24', '2023-02-27 16:25:24'),
(609, 39, 'New supplier <b>Abdul Mannan Pabna added by <b></b>', '2023-02-27 16:36:29', '2023-02-27 16:36:29'),
(610, 39, 'New <b>product</b> name <b>bicycle 500</b> updated by <b></b>', '2023-02-27 16:38:20', '2023-02-27 16:38:20'),
(611, 39, 'New <b>product</b> name <b>bicycle handle</b> updated by <b></b>', '2023-02-27 16:38:31', '2023-02-27 16:38:31'),
(612, 39, 'New <b>product</b> name <b>bicycle 500</b> updated by <b></b>', '2023-02-27 16:41:29', '2023-02-27 16:41:29'),
(613, 39, 'New <b>product</b> name <b>bicycle 500</b> updated by <b></b>', '2023-02-27 16:41:55', '2023-02-27 16:41:55'),
(614, 39, 'New <b>product</b> name <b>bicycle handle</b> updated by <b></b>', '2023-02-27 16:42:10', '2023-02-27 16:42:10'),
(615, 39, 'New supplier <b>hasan ali talukdar added by <b></b>', '2023-02-27 16:47:03', '2023-02-27 16:47:03'),
(616, 39, 'New <b>service</b> name <b>hair straightener</b> added by <b></b>', '2023-02-27 16:51:37', '2023-02-27 16:51:37'),
(617, 39, 'New <b>product</b> name <b>bicycle 500</b> updated by <b></b>', '2023-02-27 16:54:58', '2023-02-27 16:54:58'),
(618, 39, 'New <b>product</b> name <b>bicycle 500</b> updated by <b></b>', '2023-02-27 16:56:06', '2023-02-27 16:56:06'),
(619, 39, 'New <b>product</b> name <b>bicycle 500</b> updated by <b></b>', '2023-02-27 16:59:11', '2023-02-27 16:59:11'),
(620, 39, 'New supplier <b>Abdul Hamid added by <b></b>', '2023-02-27 17:11:45', '2023-02-27 17:11:45'),
(621, 39, 'New <b>product</b> name <b>bicycle 500</b> updated by <b></b>', '2023-02-27 17:12:25', '2023-02-27 17:12:25'),
(622, 39, 'Supplier <b>Abdul Hamid</b> changed to <b>Abdul Hamid</b> by <b></b>', '2023-02-27 17:14:30', '2023-02-27 17:14:30'),
(623, 39, 'New <b>product</b> name <b>bicycle 500</b> updated by <b></b>', '2023-02-27 17:17:20', '2023-02-27 17:17:20'),
(624, 39, 'New supplier <b>Abdul awoal added by <b></b>', '2023-02-27 17:22:58', '2023-02-27 17:22:58'),
(625, 39, 'New supplier <b>hasanur rahman added by <b></b>', '2023-02-27 17:25:25', '2023-02-27 17:25:25'),
(626, 39, 'Supplier <b>hasanur rahman</b> changed to <b>hasanur rahman</b> by <b></b>', '2023-02-27 17:25:53', '2023-02-27 17:25:53'),
(627, 39, 'New supplier <b>Rakibul islam added by <b></b>', '2023-02-27 17:28:10', '2023-02-27 17:28:10'),
(628, 39, 'New supplier <b>majhar added by <b></b>', '2023-02-27 17:31:09', '2023-02-27 17:31:09'),
(629, 39, 'Supplier <b>majhar</b> changed to <b>majhar</b> by <b></b>', '2023-02-27 17:33:05', '2023-02-27 17:33:05'),
(630, 39, 'Supplier <b>majhar</b> changed to <b>majhar</b> by <b></b>', '2023-02-27 17:34:21', '2023-02-27 17:34:21'),
(631, 39, 'New customer <b>Rasel Ahmed added by <b></b>', '2023-02-27 17:36:43', '2023-02-27 17:36:43'),
(632, 39, 'New customer <b>Nazrul DNI added by <b></b>', '2023-02-27 17:37:42', '2023-02-27 17:37:42'),
(633, 39, 'Customer name change from <b>Nazrul DNI</br> to <b>Nazrul DNI</b> by <b></b>', '2023-02-27 17:38:37', '2023-02-27 17:38:37'),
(634, 39, 'New <b>product</b> name <b>bicycle 500</b> updated by <b></b>', '2023-02-27 17:55:50', '2023-02-27 17:55:50'),
(635, 39, 'New <b>product</b> name <b>bicycle 500</b> updated by <b></b>', '2023-02-27 18:07:28', '2023-02-27 18:07:28'),
(636, 39, 'New <b>product</b> name <b>bicycle 500</b> updated by <b></b>', '2023-02-27 18:08:08', '2023-02-27 18:08:08'),
(637, 39, 'New product/service unit <b>gaze</b> added by <b></b>', '2023-02-27 18:45:20', '2023-02-27 18:45:20'),
(638, 39, 'Income added for invoice #1', '2023-02-27 18:55:52', '2023-02-27 18:55:52'),
(639, 39, 'Expense added for invoice #2', '2023-02-27 18:57:49', '2023-02-27 18:57:49'),
(640, 39, 'New customer <b>salam added by <b></b>', '2023-02-27 18:59:45', '2023-02-27 18:59:45'),
(641, 39, 'Income added for invoice #3', '2023-02-27 19:01:35', '2023-02-27 19:01:35'),
(642, 39, 'New <b>product</b> name <b>bicycle 500</b> updated by <b></b>', '2023-02-27 19:15:47', '2023-02-27 19:15:47'),
(643, 5, 'New <b>product</b> name <b>4 kamala</b> updated by <b>Md Hafiz Al</b>', '2023-02-27 19:18:44', '2023-02-27 19:18:44'),
(644, 5, 'Purchase invoice <b>#5571</b> placed', '2023-02-27 19:18:54', '2023-02-27 19:18:54'),
(645, 5, 'New <b>product</b> name <b>4 kamala</b> buy from supplier', '2023-02-27 19:18:54', '2023-02-27 19:18:54'),
(646, 39, 'New <b>product</b> name <b>bicycle 500</b> updated by <b></b>', '2023-02-27 19:40:17', '2023-02-27 19:40:17'),
(647, 5, 'User <b>Fahim deleted', '2023-02-27 19:43:55', '2023-02-27 19:43:55'),
(648, 39, 'New <b>product</b> name <b>bicycle 500</b> updated by <b>mazhar</b>', '2023-02-27 19:47:03', '2023-02-27 19:47:03'),
(649, 5, 'Reminder <b>2</b> times brfore <b>18</b> days of expiration', '2023-02-27 19:47:06', '2023-02-27 19:47:06'),
(650, 39, 'Purchase invoice <b>#1</b> placed', '2023-02-27 19:48:12', '2023-02-27 19:48:12'),
(651, 39, 'New <b>product</b> name <b>bicycle 500</b> buy from supplier', '2023-02-27 19:48:12', '2023-02-27 19:48:12'),
(652, 39, 'New <b>product</b> name <b>bicycle 500</b> updated by <b>mazhar</b>', '2023-02-27 19:53:48', '2023-02-27 19:53:48'),
(653, 39, 'Purchase invoice <b>#1</b> returned', '2023-02-27 19:58:14', '2023-02-27 19:58:14'),
(654, 39, 'New supplier <b>Raisul Islam asad added by <b>mazhar</b>', '2023-02-27 20:05:03', '2023-02-27 20:05:03'),
(655, 39, 'Order placed to <b>Nazrul DNI</b>', '2023-02-27 20:08:17', '2023-02-27 20:08:17'),
(656, 39, 'New customer <b>Nazrul DNI added by <b>mazhar</b>', '2023-02-27 20:17:33', '2023-02-27 20:17:33'),
(657, 39, 'Income added for invoice #4', '2023-02-27 20:19:20', '2023-02-27 20:19:20'),
(658, 39, 'Order placed to <b>Guest_Mazhar Business</b>', '2023-02-28 01:56:17', '2023-02-28 01:56:17'),
(659, 39, 'New <b>product</b> name <b>Kurti long</b> added by <b>mazhar</b>', '2023-02-28 03:49:43', '2023-02-28 03:49:43'),
(660, 39, 'New <b>product</b> name <b>three peace</b> added by <b>mazhar</b>', '2023-02-28 03:50:58', '2023-02-28 03:50:58'),
(661, 39, 'Purchase invoice <b>#2</b> placed', '2023-02-28 03:53:14', '2023-02-28 03:53:14'),
(662, 39, 'New <b>product</b> name <b>Kurti long</b> buy from supplier', '2023-02-28 03:53:14', '2023-02-28 03:53:14'),
(663, 39, 'New <b>product</b> name <b>three peace</b> buy from supplier', '2023-02-28 03:53:14', '2023-02-28 03:53:14'),
(664, 39, 'New <b>product</b> name <b>Kurti long</b> updated by <b>mazhar</b>', '2023-02-28 04:16:05', '2023-02-28 04:16:05'),
(665, 39, 'Purchase invoice <b>#3</b> placed', '2023-02-28 04:18:12', '2023-02-28 04:18:12'),
(666, 39, 'New <b>product</b> name <b>Kurti long</b> buy from supplier', '2023-02-28 04:18:12', '2023-02-28 04:18:12'),
(667, 39, 'New <b>product</b> name <b>Kurti long</b> updated by <b>mazhar</b>', '2023-02-28 04:26:13', '2023-02-28 04:26:13'),
(668, 39, 'New <b>product</b> name <b>three peace</b> updated by <b>mazhar</b>', '2023-02-28 04:45:46', '2023-02-28 04:45:46'),
(669, 39, 'Purchase invoice <b>#4</b> placed', '2023-02-28 04:50:07', '2023-02-28 04:50:07'),
(670, 39, 'New <b>product</b> name <b>three peace</b> buy from supplier', '2023-02-28 04:50:07', '2023-02-28 04:50:07'),
(671, 39, 'New customer <b>majhat added by <b>mazhar</b>', '2023-02-28 05:08:19', '2023-02-28 05:08:19'),
(672, 39, 'Income added for invoice #5', '2023-02-28 05:08:59', '2023-02-28 05:08:59'),
(673, 39, 'Income added for invoice #6', '2023-02-28 05:10:04', '2023-02-28 05:10:04'),
(674, 39, 'Income added for invoice #7', '2023-02-28 05:14:43', '2023-02-28 05:14:43'),
(675, 39, 'Income added for invoice #8', '2023-02-28 05:19:47', '2023-02-28 05:19:47'),
(676, 39, 'New <b>product</b> name <b>bicycle 500</b> updated by <b>mazhar</b>', '2023-03-01 17:43:43', '2023-03-01 17:43:43'),
(677, 39, 'New <b>product</b> name <b>bicycle 500</b> updated by <b>mazhar</b>', '2023-03-01 18:00:29', '2023-03-01 18:00:29'),
(678, 39, 'New <b>product</b> name <b>bicycle handle</b> updated by <b>mazhar</b>', '2023-03-01 18:04:10', '2023-03-01 18:04:10'),
(679, 39, 'New <b>product</b> name <b>bicycle handle</b> updated by <b>mazhar</b>', '2023-03-01 18:04:33', '2023-03-01 18:04:33'),
(680, 39, 'New <b>product</b> name <b>motor cycle</b> added by <b>mazhar</b>', '2023-03-01 18:08:14', '2023-03-01 18:08:14'),
(681, 39, 'New <b>product</b> name <b>motor cycle</b> updated by <b>mazhar</b>', '2023-03-01 18:11:10', '2023-03-01 18:11:10'),
(682, 39, 'New <b>product</b> name <b>bicycle 500</b> updated by <b>mazhar</b>', '2023-03-01 18:18:03', '2023-03-01 18:18:03'),
(683, 39, 'New supplier <b>Rasel Ahmed added by <b>mazhar</b>', '2023-03-01 18:24:18', '2023-03-01 18:24:18'),
(684, 39, 'New <b>product</b> name <b>bicycle 500</b> updated by <b>mazhar</b>', '2023-03-01 18:33:38', '2023-03-01 18:33:38'),
(685, 39, 'New customer <b>monirul islam added by <b>mazhar</b>', '2023-03-01 18:35:31', '2023-03-01 18:35:31'),
(686, 39, 'New <b>product</b> name <b>Samsung A73</b> added by <b>mazhar</b>', '2023-03-01 18:38:02', '2023-03-01 18:38:02'),
(687, 39, 'New <b>product</b> name <b>Samsung A73</b> updated by <b>mazhar</b>', '2023-03-01 18:40:28', '2023-03-01 18:40:28'),
(688, 39, 'New <b>product</b> name <b>Samsung A73</b> updated by <b>mazhar</b>', '2023-03-01 18:48:18', '2023-03-01 18:48:18'),
(689, 39, 'New <b>product</b> name <b>bicycle 500</b> updated by <b>mazhar</b>', '2023-03-01 18:50:26', '2023-03-01 18:50:26'),
(690, 39, 'Purchase invoice <b>#5</b> placed', '2023-03-01 18:50:55', '2023-03-01 18:50:55'),
(691, 39, 'New <b>product</b> name <b>bicycle 500</b> buy from supplier', '2023-03-01 18:50:55', '2023-03-01 18:50:55'),
(692, 39, 'New <b>product</b> name <b>Samsung A73</b> updated by <b>mazhar</b>', '2023-03-01 18:53:33', '2023-03-01 18:53:33'),
(693, 39, 'New <b>product</b> name <b>Samsung A73</b> updated by <b>mazhar</b>', '2023-03-01 19:07:16', '2023-03-01 19:07:16'),
(694, 39, 'New <b>product</b> name <b>bicycle 500</b> updated by <b>mazhar</b>', '2023-03-01 19:14:51', '2023-03-01 19:14:51'),
(695, 39, 'Purchase invoice <b>#6</b> placed', '2023-03-01 19:15:18', '2023-03-01 19:15:18'),
(696, 39, 'New <b>product</b> name <b>bicycle 500</b> buy from supplier', '2023-03-01 19:15:18', '2023-03-01 19:15:18'),
(697, 39, 'Purchase invoice <b>#2</b> returned', '2023-03-01 19:18:16', '2023-03-01 19:18:16'),
(698, 39, 'New supplier <b>ruhul Ami added by <b>mazhar</b>', '2023-03-01 19:32:54', '2023-03-01 19:32:54'),
(699, 39, 'New <b>product</b> name <b>bicycle 500</b> updated by <b>mazhar</b>', '2023-03-01 21:06:39', '2023-03-01 21:06:39'),
(700, 39, 'Order placed to <b>Guest_Mazhar Business</b>', '2023-03-01 21:12:22', '2023-03-01 21:12:22'),
(701, 39, 'Order placed to <b>Guest_Mazhar Business</b>', '2023-03-01 21:18:00', '2023-03-01 21:18:00'),
(702, 39, 'Order placed to <b>Guest_Mazhar Business</b>', '2023-03-01 21:19:17', '2023-03-01 21:19:17'),
(703, 39, 'Order placed to <b>Guest_Mazhar Business</b>', '2023-03-01 21:21:46', '2023-03-01 21:21:46'),
(704, 39, 'Order placed to <b>majhat</b>', '2023-03-01 21:23:30', '2023-03-01 21:23:30'),
(705, 39, 'Order placed to <b>Guest_Mazhar Business</b>', '2023-03-01 21:31:42', '2023-03-01 21:31:42'),
(706, 39, 'Order placed to <b>monirul islam</b>', '2023-03-01 21:33:28', '2023-03-01 21:33:28'),
(707, 39, 'Income added for invoice #9', '2023-03-01 21:36:03', '2023-03-01 21:36:03'),
(708, 39, 'Order placed to <b>monirul islam</b>', '2023-03-01 21:38:12', '2023-03-01 21:38:12'),
(709, 39, 'New supplier <b>hasan added by <b>mazhar</b>', '2023-03-01 22:13:13', '2023-03-01 22:13:13'),
(710, 39, 'Expense added for invoice #10', '2023-03-01 22:13:40', '2023-03-01 22:13:40'),
(711, 39, 'New customer <b>khairul Alan shohan added by <b>mazhar</b>', '2023-03-02 03:22:28', '2023-03-02 03:22:28'),
(712, 39, 'New customer <b>Mohammad Nurul Amin sagor added by <b>mazhar</b>', '2023-03-02 04:22:28', '2023-03-02 04:22:28'),
(713, 39, 'New customer <b>amin added by <b>mazhar</b>', '2023-03-02 04:27:51', '2023-03-02 04:27:51'),
(714, 39, 'New customer <b>saiful islam added by <b>mazhar</b>', '2023-03-02 04:38:01', '2023-03-02 04:38:01'),
(715, 39, 'New customer <b>Mahmud abdullah added by <b>mazhar</b>', '2023-03-02 04:42:16', '2023-03-02 04:42:16'),
(716, 39, 'New supplier <b>Mahmud hasan prince added by <b>mazhar</b>', '2023-03-02 04:47:27', '2023-03-02 04:47:27'),
(717, 39, 'New supplier <b>salam talukdar shahriar ali added by <b>mazhar</b>', '2023-03-02 04:51:32', '2023-03-02 04:51:32'),
(718, 39, 'New <b>service</b> name <b>hair straightener</b> added by <b>mazhar</b>', '2023-03-02 05:12:36', '2023-03-02 05:12:36'),
(719, 39, 'New <b>service</b> name <b>facewaah</b> added by <b>mazhar</b>', '2023-03-02 05:14:04', '2023-03-02 05:14:04'),
(720, 39, 'Order placed to <b>Rasel Ahmed</b>', '2023-03-02 05:28:05', '2023-03-02 05:28:05'),
(721, 39, 'New product/service unit <b>cans</b> added by <b>mazhar</b>', '2023-03-02 05:32:18', '2023-03-02 05:32:18'),
(722, 39, 'New <b>product</b> name <b>blezer blue 48</b> added by <b>mazhar</b>', '2023-03-02 15:31:55', '2023-03-02 15:31:55'),
(723, 39, 'New <b>product</b> name <b>Apple watch</b> added by <b>mazhar</b>', '2023-03-02 15:37:20', '2023-03-02 15:37:20'),
(724, 39, 'New <b>product</b> name <b>blezer blue 48</b> updated by <b>mazhar</b>', '2023-03-02 15:45:37', '2023-03-02 15:45:37'),
(725, 39, 'New supplier <b>shahidul Islam shahid added by <b>mazhar</b>', '2023-03-02 15:54:04', '2023-03-02 15:54:04'),
(726, 39, 'New <b>product</b> name <b>Apple watch</b> updated by <b>mazhar</b>', '2023-03-02 15:58:11', '2023-03-02 15:58:11'),
(727, 39, 'New <b>product</b> name <b>Mac book Pro 12</b> added by <b>mazhar</b>', '2023-03-02 15:59:41', '2023-03-02 15:59:41'),
(728, 39, 'New <b>product</b> name <b>Mac book Pro 12</b> updated by <b>mazhar</b>', '2023-03-02 16:02:46', '2023-03-02 16:02:46'),
(729, 39, 'Purchase invoice <b>#7</b> placed', '2023-03-02 16:03:18', '2023-03-02 16:03:18'),
(730, 39, 'New <b>product</b> name <b>Mac book Pro 12</b> buy from supplier', '2023-03-02 16:03:18', '2023-03-02 16:03:18'),
(731, 39, 'New <b>product</b> name <b>Mac book Pro 14</b> added by <b>mazhar</b>', '2023-03-02 16:05:20', '2023-03-02 16:05:20'),
(732, 39, 'New <b>product</b> name <b>hp laptop 12 hour backup</b> added by <b>mazhar</b>', '2023-03-02 16:07:15', '2023-03-02 16:07:15'),
(733, 39, 'Purchase invoice <b>#8</b> placed', '2023-03-02 16:08:57', '2023-03-02 16:08:57'),
(734, 39, 'New <b>product</b> name <b>Mac book Pro 14</b> buy from supplier', '2023-03-02 16:08:57', '2023-03-02 16:08:57'),
(735, 39, 'New <b>product</b> name <b>hp laptop 12 hour backup</b> buy from supplier', '2023-03-02 16:08:57', '2023-03-02 16:08:57'),
(736, 39, 'New <b>product</b> name <b>Mac book Pro 14</b> updated by <b>mazhar</b>', '2023-03-02 16:10:45', '2023-03-02 16:10:45'),
(737, 39, 'Purchase invoice #8 updated', '2023-03-02 16:11:27', '2023-03-02 16:11:27'),
(738, 39, 'New <b>product</b> name <b>new software</b> added by <b>mazhar</b>', '2023-03-02 16:15:26', '2023-03-02 16:15:26'),
(739, 39, 'New <b>product</b> name <b>Mac book Pro 12</b> updated by <b>mazhar</b>', '2023-03-02 16:15:40', '2023-03-02 16:15:40'),
(740, 39, 'New <b>product</b> name <b>bicycle handle</b> updated by <b>mazhar</b>', '2023-03-02 16:16:15', '2023-03-02 16:16:15'),
(741, 39, 'New <b>product</b> name <b>Mac book Pro 14</b> updated by <b>mazhar</b>', '2023-03-02 16:16:28', '2023-03-02 16:16:28'),
(742, 39, 'Purchase invoice <b>#9</b> placed', '2023-03-02 16:18:17', '2023-03-02 16:18:17'),
(743, 39, 'New <b>product</b> name <b>new software</b> buy from supplier', '2023-03-02 16:18:17', '2023-03-02 16:18:17'),
(744, 39, 'New <b>product</b> name <b>Mac book Pro 12</b> buy from supplier', '2023-03-02 16:18:17', '2023-03-02 16:18:17'),
(745, 39, 'New <b>product</b> name <b>bicycle handle</b> buy from supplier', '2023-03-02 16:18:17', '2023-03-02 16:18:17'),
(746, 39, 'New <b>product</b> name <b>Mac book Pro 14</b> buy from supplier', '2023-03-02 16:18:17', '2023-03-02 16:18:17'),
(747, 39, 'New <b>product</b> name <b>Kurti long</b> updated by <b>mazhar</b>', '2023-03-02 16:51:12', '2023-03-02 16:51:12'),
(748, 39, 'Purchase invoice <b>#10</b> placed', '2023-03-02 16:51:28', '2023-03-02 16:51:28'),
(749, 39, 'New <b>product</b> name <b>Kurti long</b> buy from supplier', '2023-03-02 16:51:28', '2023-03-02 16:51:28'),
(750, 39, 'New product/service unit <b>mili liter</b> added by <b>mazhar</b>', '2023-03-02 16:52:47', '2023-03-02 16:52:47'),
(751, 39, 'New product/service unit <b>mili liter</b> deleted by <b>mazhar</b>', '2023-03-02 16:52:52', '2023-03-02 16:52:52'),
(752, 39, 'New <b>product</b> name <b>bicycle 500</b> updated by <b>mazhar</b>', '2023-03-02 17:17:25', '2023-03-02 17:17:25'),
(753, 39, 'New <b>product</b> name <b>Mac book Pro 14</b> updated by <b>mazhar</b>', '2023-03-02 17:17:34', '2023-03-02 17:17:34'),
(754, 39, 'New <b>product</b> name <b>bicycle 500</b> updated by <b>mazhar</b>', '2023-03-02 17:19:31', '2023-03-02 17:19:31'),
(755, 39, 'New <b>product</b> name <b>Mac book Pro 14</b> updated by <b>mazhar</b>', '2023-03-02 17:19:39', '2023-03-02 17:19:39'),
(756, 39, 'New <b>product</b> name <b>Kurti long</b> updated by <b>mazhar</b>', '2023-03-02 17:23:57', '2023-03-02 17:23:57'),
(757, 39, 'New <b>product</b> name <b>Kurti long</b> updated by <b>mazhar</b>', '2023-03-02 17:26:43', '2023-03-02 17:26:43'),
(758, 39, 'Purchase invoice #10 updated', '2023-03-02 17:26:48', '2023-03-02 17:26:48'),
(759, 39, 'New <b>product</b> name <b>Kurti long</b> updated by <b>mazhar</b>', '2023-03-02 17:30:36', '2023-03-02 17:30:36'),
(760, 39, 'Purchase invoice #10 updated', '2023-03-02 17:30:47', '2023-03-02 17:30:47'),
(761, 39, 'New <b>product</b> name <b>Kurti long</b> updated by <b>mazhar</b>', '2023-03-02 17:34:34', '2023-03-02 17:34:34'),
(762, 39, 'Purchase invoice #10 updated', '2023-03-02 17:34:40', '2023-03-02 17:34:40'),
(763, 39, 'New <b>product</b> name <b>Kurti long</b> updated by <b>mazhar</b>', '2023-03-02 17:36:33', '2023-03-02 17:36:33'),
(764, 39, 'Purchase invoice #10 updated', '2023-03-02 17:36:37', '2023-03-02 17:36:37'),
(765, 39, 'New <b>product</b> name <b>Kurti long</b> updated by <b>mazhar</b>', '2023-03-02 17:37:56', '2023-03-02 17:37:56'),
(766, 39, 'New customer <b>khadeha tahera added by <b>mazhar</b>', '2023-03-02 17:47:20', '2023-03-02 17:47:20'),
(767, 39, 'Order return to 1', '2023-03-02 17:56:43', '2023-03-02 17:56:43'),
(768, 39, 'New <b>product</b> name <b>Kurti long</b> updated by <b>mazhar</b>', '2023-03-02 19:22:35', '2023-03-02 19:22:35'),
(769, 39, 'Purchase invoice #10 updated', '2023-03-02 19:22:38', '2023-03-02 19:22:38'),
(770, 39, 'New <b>product</b> name <b>Kurti long</b> updated by <b>mazhar</b>', '2023-03-02 19:23:44', '2023-03-02 19:23:44'),
(771, 39, 'Purchase invoice <b>#11</b> placed', '2023-03-02 19:23:59', '2023-03-02 19:23:59'),
(772, 39, 'New <b>product</b> name <b>Kurti long</b> buy from supplier', '2023-03-02 19:23:59', '2023-03-02 19:23:59'),
(773, 39, 'Purchase invoice <b>#3</b> returned', '2023-03-02 19:29:54', '2023-03-02 19:29:54'),
(774, 39, 'New <b>service</b> name <b>treming</b> added by <b>mazhar</b>', '2023-03-02 20:06:42', '2023-03-02 20:06:42'),
(775, 39, 'Order placed to <b>Guest_Mazhar Business</b>', '2023-03-02 20:07:41', '2023-03-02 20:07:41'),
(776, 39, 'Purchase invoice <b>#4</b> returned', '2023-03-02 22:07:23', '2023-03-02 22:07:23'),
(777, 39, 'New <b>product</b> name <b>bicycle handle</b> updated by <b>mazhar</b>', '2023-03-02 22:13:54', '2023-03-02 22:13:54'),
(778, 39, 'Purchase invoice <b>#12</b> placed', '2023-03-02 22:14:23', '2023-03-02 22:14:23'),
(779, 39, 'New <b>product</b> name <b>bicycle handle</b> buy from supplier', '2023-03-02 22:14:23', '2023-03-02 22:14:23'),
(780, 39, 'New <b>product</b> name <b>bicycle handle</b> updated by <b>mazhar</b>', '2023-03-02 22:18:57', '2023-03-02 22:18:57'),
(781, 39, 'New <b>product</b> name <b>blezer blue 48</b> updated by <b>mazhar</b>', '2023-03-02 22:19:21', '2023-03-02 22:19:21'),
(782, 39, 'New <b>product</b> name <b>Kurti long</b> updated by <b>mazhar</b>', '2023-03-02 22:19:52', '2023-03-02 22:19:52'),
(783, 39, 'Purchase invoice <b>#13</b> placed', '2023-03-02 22:20:22', '2023-03-02 22:20:22'),
(784, 39, 'New <b>product</b> name <b>bicycle handle</b> buy from supplier', '2023-03-02 22:20:22', '2023-03-02 22:20:22'),
(785, 39, 'New <b>product</b> name <b>blezer blue 48</b> buy from supplier', '2023-03-02 22:20:22', '2023-03-02 22:20:22'),
(786, 39, 'New <b>product</b> name <b>Kurti long</b> buy from supplier', '2023-03-02 22:20:22', '2023-03-02 22:20:22'),
(787, 39, 'New <b>service</b> name <b>hair straightener</b> updated by <b>mazhar</b>', '2023-03-02 22:27:57', '2023-03-02 22:27:57'),
(788, 39, 'Order placed to <b>Guest_Mazhar Business</b>', '2023-03-02 22:35:21', '2023-03-02 22:35:21'),
(789, 39, 'New <b>product</b> name <b>bicycle handle</b> updated by <b>mazhar</b>', '2023-03-02 22:38:01', '2023-03-02 22:38:01'),
(790, 39, 'Purchase invoice #13 updated', '2023-03-02 22:38:07', '2023-03-02 22:38:07'),
(791, 39, 'New <b>product</b> name <b>bicycle handle</b> updated by <b>mazhar</b>', '2023-03-02 22:39:25', '2023-03-02 22:39:25'),
(792, 39, 'Purchase invoice #13 updated', '2023-03-02 22:39:28', '2023-03-02 22:39:28'),
(793, 39, 'New <b>product</b> name <b>bicycle handle</b> updated by <b>mazhar</b>', '2023-03-02 22:41:37', '2023-03-02 22:41:37'),
(794, 39, 'Order placed to <b>Guest_Mazhar Business</b>', '2023-03-02 22:44:43', '2023-03-02 22:44:43'),
(795, 39, 'New <b>product</b> name <b>bicycle handle</b> updated by <b>mazhar</b>', '2023-03-02 22:48:02', '2023-03-02 22:48:02'),
(796, 39, 'Purchase invoice <b>#14</b> placed', '2023-03-02 22:48:57', '2023-03-02 22:48:57'),
(797, 39, 'New <b>product</b> name <b>bicycle handle</b> buy from supplier', '2023-03-02 22:48:57', '2023-03-02 22:48:57'),
(798, 39, 'New <b>product</b> name <b>bicycle handle</b> updated by <b>mazhar</b>', '2023-03-02 22:54:23', '2023-03-02 22:54:23'),
(799, 39, 'Purchase invoice #14 updated', '2023-03-02 22:54:29', '2023-03-02 22:54:29'),
(800, 39, 'New <b>product</b> name <b>bicycle handle</b> updated by <b>mazhar</b>', '2023-03-02 23:01:45', '2023-03-02 23:01:45'),
(801, 39, 'New <b>product</b> name <b>bicycle handle</b> updated by <b>mazhar</b>', '2023-03-02 23:03:01', '2023-03-02 23:03:01'),
(802, 39, 'Purchase invoice #14 updated', '2023-03-02 23:03:05', '2023-03-02 23:03:05'),
(803, 39, 'New <b>product</b> name <b>bicycle handle</b> updated by <b>mazhar</b>', '2023-03-02 23:04:05', '2023-03-02 23:04:05'),
(804, 39, 'New <b>product</b> name <b>bicycle handle</b> updated by <b>mazhar</b>', '2023-03-02 23:04:28', '2023-03-02 23:04:28'),
(805, 39, 'Order placed to <b>Guest_Mazhar Business</b>', '2023-03-02 23:07:06', '2023-03-02 23:07:06'),
(806, 39, 'Purchase invoice <b>#5</b> returned', '2023-03-03 03:15:22', '2023-03-03 03:15:22'),
(807, 39, 'New <b>product</b> name <b>bicycle handle</b> updated by <b>mazhar</b>', '2023-03-03 03:27:59', '2023-03-03 03:27:59'),
(808, 39, 'Order placed to <b>Guest_Mazhar Business</b>', '2023-03-03 03:31:48', '2023-03-03 03:31:48'),
(809, 39, 'Favorite order added by <b>mazhar</b>', '2023-03-03 03:39:12', '2023-03-03 03:39:12'),
(810, 39, 'Favorite order added by <b>mazhar</b>', '2023-03-03 03:43:35', '2023-03-03 03:43:35'),
(811, 39, 'Order placed to <b>Nazrul DNI</b>', '2023-03-03 03:47:04', '2023-03-03 03:47:04'),
(812, 39, 'Order placed to <b>Nazrul DNI</b>', '2023-03-03 03:58:33', '2023-03-03 03:58:33'),
(813, 39, 'Order placed to <b>Nazrul DNI</b>', '2023-03-03 04:02:51', '2023-03-03 04:02:51'),
(814, 39, 'Order placed to <b>amin</b>', '2023-03-03 04:04:25', '2023-03-03 04:04:25'),
(815, 39, 'Order placed to <b>salam</b>', '2023-03-03 04:05:31', '2023-03-03 04:05:31'),
(816, 39, 'Order placed to <b>salam</b>', '2023-03-03 04:17:34', '2023-03-03 04:17:34'),
(817, 39, 'Order placed to <b>Nazrul DNI</b>', '2023-03-03 16:28:12', '2023-03-03 16:28:12'),
(818, 39, 'Order placed to <b>Guest_Mazhar Business</b>', '2023-03-03 16:33:01', '2023-03-03 16:33:01'),
(819, 39, 'Favorite order added by <b>mazhar</b>', '2023-03-03 16:33:23', '2023-03-03 16:33:23'),
(820, 39, 'Order placed to <b>Guest_Mazhar Business</b>', '2023-03-03 16:48:27', '2023-03-03 16:48:27'),
(821, 39, 'Order placed to <b>Guest_Mazhar Business</b>', '2023-03-03 16:50:55', '2023-03-03 16:50:55'),
(822, 39, 'Order placed to <b>Guest_Mazhar Business</b>', '2023-03-03 19:11:55', '2023-03-03 19:11:55'),
(823, 39, 'Order placed to <b>majhat</b>', '2023-03-03 19:21:23', '2023-03-03 19:21:23'),
(824, 39, 'New customer <b>solimullah bahar added by <b>mazhar</b>', '2023-03-03 19:25:26', '2023-03-03 19:25:26'),
(825, 39, 'New supplier <b>jahidul Islam Kabir added by <b>mazhar</b>', '2023-03-03 19:27:21', '2023-03-03 19:27:21'),
(826, 39, 'New supplier <b>latif hayder chowdhury added by <b>mazhar</b>', '2023-03-03 19:30:37', '2023-03-03 19:30:37'),
(827, 39, 'New customer <b>nazmul added by <b>mazhar</b>', '2023-03-03 19:32:31', '2023-03-03 19:32:31'),
(828, 39, 'Order placed to <b>nazmul</b>', '2023-03-03 19:33:39', '2023-03-03 19:33:39'),
(829, 5, 'New <b>product</b> name <b>1 Alu</b> updated by <b>Md Hafiz Al</b>', '2023-03-16 10:11:02', '2023-03-16 10:11:02'),
(832, 5, 'Purchase invoice <b>#16</b> placed', '2023-03-20 11:53:16', '2023-03-20 11:53:16'),
(833, 5, 'Purchase invoice <b>#17</b> placed', '2023-03-20 11:57:41', '2023-03-20 11:57:41'),
(834, 5, 'Purchase invoice #5570 updated', '2023-03-21 03:38:46', '2023-03-21 03:38:46'),
(835, 5, 'Purchase invoice #17 updated', '2023-03-21 03:39:19', '2023-03-21 03:39:19'),
(836, 5, 'Purchase invoice #17 updated', '2023-03-21 03:39:53', '2023-03-21 03:39:53'),
(837, 5, 'New <b>product</b> name <b>1 Alu</b> updated by <b>Md Hafiz Al</b>', '2023-03-21 03:55:51', '2023-03-21 03:55:51'),
(838, 5, 'New <b>product</b> name <b>1 Alu</b> updated by <b>Md Hafiz Al</b>', '2023-03-21 03:57:05', '2023-03-21 03:57:05'),
(839, 5, 'New <b>product</b> name <b>1 Alu</b> updated by <b>Md Hafiz Al</b>', '2023-03-21 03:59:11', '2023-03-21 03:59:11'),
(852, 5, 'New <b>product</b> name <b>1 Alu</b> updated by <b>Md Hafiz Al</b>', '2023-03-21 05:10:39', '2023-03-21 05:10:39'),
(853, 5, 'Purchase invoice <b>#18</b> placed', '2023-03-21 05:14:50', '2023-03-21 05:14:50'),
(854, 5, 'New product name 44 kamala buy from supplier', '2023-03-21 05:14:50', '2023-03-21 05:14:50'),
(855, 5, 'Purchase invoice <b>#19</b> placed', '2023-03-21 05:17:07', '2023-03-21 05:17:07'),
(856, 5, 'New product name 44 kamala buy from supplier', '2023-03-21 05:17:07', '2023-03-21 05:17:07'),
(857, 5, 'New <b>product</b> name <b>1 Alu</b> updated by <b>Md Hafiz Al</b>', '2023-03-21 05:21:12', '2023-03-21 05:21:12'),
(859, 5, 'Purchase invoice #19 updated', '2023-03-21 05:32:13', '2023-03-21 05:32:13'),
(860, 5, 'New product name 44 kamala buy from supplier', '2023-03-21 05:32:13', '2023-03-21 05:32:13'),
(861, 5, 'New product name 44 kola buy from supplier', '2023-03-21 05:32:13', '2023-03-21 05:32:13'),
(862, 5, 'New <b>product</b> name <b>1 Alu</b> updated by <b>Md Hafiz Al</b>', '2023-03-21 05:33:16', '2023-03-21 05:33:16'),
(863, 5, 'Order placed to <b>Guest Customer</b>', '2023-03-21 08:44:17', '2023-03-21 08:44:17'),
(864, 5, 'Favorite order added by <b>Md Hafiz Al</b>', '2023-03-21 08:55:03', '2023-03-21 08:55:03'),
(865, 5, 'Purchase invoice <b>#20</b> placed', '2023-03-21 11:14:06', '2023-03-21 11:14:06'),
(867, 5, 'Purchase invoice <b>#21</b> placed', '2023-03-21 12:41:53', '2023-03-21 12:41:53'),
(868, 5, 'New product name 1 Alu buy from supplier', '2023-03-21 12:41:53', '2023-03-21 12:41:53'),
(869, 5, 'Purchase invoice <b>#22</b> placed', '2023-03-21 12:56:50', '2023-03-21 12:56:50'),
(870, 5, 'New product name 1 Alu buy from supplier', '2023-03-21 12:56:50', '2023-03-21 12:56:50'),
(871, 5, 'Purchase invoice <b>#23</b> placed', '2023-03-21 12:58:58', '2023-03-21 12:58:58'),
(872, 5, 'New product name 33 Golap buy from supplier', '2023-03-21 12:58:58', '2023-03-21 12:58:58'),
(873, 5, 'Purchase invoice #23 updated', '2023-03-21 13:01:11', '2023-03-21 13:01:11'),
(874, 5, 'New product name 33 Golap buy from supplier', '2023-03-21 13:01:11', '2023-03-21 13:01:11'),
(875, 5, 'Purchase invoice #23 updated', '2023-03-22 03:40:44', '2023-03-22 03:40:44'),
(876, 5, 'New product name 33 Golap buy from supplier', '2023-03-22 03:40:44', '2023-03-22 03:40:44'),
(877, 5, 'New product name 56 Calander buy from supplier', '2023-03-22 03:40:44', '2023-03-22 03:40:44'),
(878, 5, 'Purchase invoice #22 updated', '2023-03-22 03:42:50', '2023-03-22 03:42:50'),
(879, 5, 'New product name 1 Alu buy from supplier', '2023-03-22 03:42:50', '2023-03-22 03:42:50'),
(880, 5, 'Purchase invoice <b>#24</b> placed', '2023-03-22 05:39:39', '2023-03-22 05:39:39'),
(881, 5, 'New product name 1 Alu buy from supplier', '2023-03-22 05:39:39', '2023-03-22 05:39:39'),
(882, 5, 'Purchase invoice <b>#571</b> returned', '2023-03-22 05:41:45', '2023-03-22 05:41:45'),
(883, 5, 'Purchase invoice #571 returned', '2023-03-22 05:44:33', '2023-03-22 05:44:33'),
(884, 5, 'Purchase invoice #571 returned', '2023-03-22 05:45:55', '2023-03-22 05:45:55'),
(885, 5, 'Purchase invoice <b>#572</b> returned', '2023-03-22 05:46:17', '2023-03-22 05:46:17'),
(886, 5, 'Purchase invoice #571 returned', '2023-03-22 05:48:18', '2023-03-22 05:48:18'),
(887, 5, 'Purchase invoice #571 returned', '2023-03-22 05:49:02', '2023-03-22 05:49:02'),
(888, 5, 'Purchase invoice #571 returned', '2023-03-22 05:49:20', '2023-03-22 05:49:20'),
(889, 5, 'Purchase invoice #571 returned', '2023-03-22 05:49:44', '2023-03-22 05:49:44'),
(890, 5, 'Purchase invoice #571 returned', '2023-03-22 05:50:23', '2023-03-22 05:50:23'),
(891, 5, 'Purchase invoice <b>#573</b> returned', '2023-03-22 09:56:04', '2023-03-22 09:56:04'),
(892, 5, 'Purchase invoice #573 returned', '2023-03-22 10:03:42', '2023-03-22 10:03:42'),
(893, 5, 'Purchase invoice <b>#574</b> returned', '2023-03-22 10:14:07', '2023-03-22 10:14:07'),
(894, 5, 'Purchase invoice <b>#25</b> placed', '2023-03-22 10:30:54', '2023-03-22 10:30:54'),
(895, 5, 'New product name 2 Potol buy from supplier', '2023-03-22 10:30:54', '2023-03-22 10:30:54'),
(896, 5, 'Favorite order added by <b>Md Hafiz Al</b>', '2023-03-22 14:28:46', '2023-03-22 14:28:46'),
(897, 5, 'Purchase invoice <b>#26</b> placed', '2023-03-27 04:19:10', '2023-03-27 04:19:10'),
(898, 5, 'New product name 3 Kumra buy from supplier', '2023-03-27 04:19:10', '2023-03-27 04:19:10'),
(899, 5, 'Expense added for invoice #153581785', '2023-03-27 04:24:28', '2023-03-27 04:24:28'),
(900, 5, 'Purchase invoice <b>#575</b> returned', '2023-03-27 05:10:05', '2023-03-27 05:10:05'),
(901, 5, 'Expense added for invoice #153581786', '2023-03-27 05:13:24', '2023-03-27 05:13:24'),
(902, 5, 'Purchase invoice <b>#27</b> placed', '2023-03-27 08:33:48', '2023-03-27 08:33:48'),
(903, 5, 'New product name 5 banana buy from supplier', '2023-03-27 08:33:48', '2023-03-27 08:33:48'),
(904, 5, 'Purchase invoice <b>#28</b> placed', '2023-03-27 08:36:42', '2023-03-27 08:36:42'),
(905, 5, 'New product name 7. Komla buy from supplier', '2023-03-27 08:36:42', '2023-03-27 08:36:42'),
(906, 5, 'Expense added for invoice #153581787', '2023-03-27 09:59:02', '2023-03-27 09:59:02'),
(907, 5, 'Customer name change from <b>wewe 2</br> to <b>wewe 2</b> by <b>Md Hafiz Al</b>', '2023-03-28 03:54:08', '2023-03-28 03:54:08'),
(908, 5, 'Customer name change from <b>wewe 2</br> to <b>wewe 2</b> by <b>Md Hafiz Al</b>', '2023-03-28 04:37:03', '2023-03-28 04:37:03'),
(909, 5, 'Customer name change from <b>wewe 2</br> to <b>wewe 2</b> by <b>Md Hafiz Al</b>', '2023-03-28 04:45:30', '2023-03-28 04:45:30'),
(910, 5, 'Supplier <b>Rokib</b> changed to <b>Rokib</b> by <b>Md Hafiz Al</b>', '2023-03-28 04:46:35', '2023-03-28 04:46:35'),
(911, 5, 'Supplier <b>Rokib</b> changed to <b>Rokib</b> by <b>Md Hafiz Al</b>', '2023-03-28 04:49:21', '2023-03-28 04:49:21'),
(912, 5, 'Order placed to <b>cus</b>', '2023-03-28 05:02:09', '2023-03-28 05:02:09'),
(913, 5, 'Order return to 568', '2023-03-28 05:07:24', '2023-03-28 05:07:24'),
(914, 5, 'Order invoice #568 returned', '2023-03-28 05:12:42', '2023-03-28 05:12:42'),
(915, 5, 'Income added for invoice #153581788', '2023-03-28 05:22:39', '2023-03-28 05:22:39'),
(916, 5, 'Income added for invoice #153581789', '2023-03-28 05:23:00', '2023-03-28 05:23:00'),
(917, 5, 'Income added for invoice #153581790', '2023-03-28 08:25:38', '2023-03-28 08:25:38'),
(918, 5, 'Income added for invoice #153581791', '2023-03-28 08:43:49', '2023-03-28 08:43:49'),
(919, 5, 'Income added for invoice #153581792', '2023-03-28 08:58:24', '2023-03-28 08:58:24'),
(920, 5, 'Supplier <b>Rokib</b> changed to <b>Rokib</b> by <b>Md Hafiz Al</b>', '2023-03-28 09:54:57', '2023-03-28 09:54:57'),
(921, 5, 'Supplier <b>Rokib</b> changed to <b>Rokib</b> by <b>Md Hafiz Al</b>', '2023-03-28 09:55:46', '2023-03-28 09:55:46'),
(922, 5, 'Order placed to <b>Guest Customer</b>', '2023-03-29 05:29:00', '2023-03-29 05:29:00'),
(923, 5, 'Income added for invoice #153581793', '2023-03-29 05:30:02', '2023-03-29 05:30:02'),
(924, 5, 'Income added for invoice #153581794', '2023-03-29 05:30:29', '2023-03-29 05:30:29'),
(925, 5, 'Purchase invoice <b>#29</b> placed', '2023-03-29 06:28:43', '2023-03-29 06:28:43'),
(926, 5, 'New product name 4 kamala buy from supplier', '2023-03-29 06:28:43', '2023-03-29 06:28:43'),
(927, 41, 'New customer <b>Rakib added by <b></b>', '2023-03-30 08:10:04', '2023-03-30 08:10:04'),
(928, 41, 'New customer <b>Habib added by <b></b>', '2023-03-30 08:11:27', '2023-03-30 08:11:27'),
(929, 41, 'New supplier Supplier man 1 added by ', '2023-03-30 08:25:25', '2023-03-30 08:25:25'),
(930, 41, 'New supplier Supplier man 2 added by ', '2023-03-30 08:28:19', '2023-03-30 08:28:19'),
(931, 41, 'Supplier <b>Supplier man 1</b> changed to <b>Supplier man 1</b> by <b></b>', '2023-03-30 08:37:35', '2023-03-30 08:37:35'),
(932, 41, 'New supplier Sullier man 3 added by ', '2023-03-30 08:39:04', '2023-03-30 08:39:04'),
(933, 41, 'New customer <b>Customer man 1 added by <b></b>', '2023-03-30 08:48:33', '2023-03-30 08:48:33'),
(934, 41, 'New product/service unit <b>KILOGRAM</b> added by <b></b>', '2023-03-30 09:00:47', '2023-03-30 09:00:47'),
(935, 41, 'New customer <b>Customer added by <b></b>', '2023-03-30 09:37:17', '2023-03-30 09:37:17'),
(936, 41, 'Purchase invoice <b>#1</b> placed', '2023-03-30 13:08:24', '2023-03-30 13:08:24'),
(937, 41, 'New product name Alu buy from supplier', '2023-03-30 13:08:24', '2023-03-30 13:08:24'),
(938, 41, 'Expense added for invoice #1', '2023-04-01 03:59:45', '2023-04-01 03:59:45'),
(939, 41, 'New <b>service</b> name <b>Head Massage</b> added by <b>Admin</b>', '2023-04-01 04:22:37', '2023-04-01 04:22:37'),
(940, 41, 'Supplier <b>Supplier man 1</b> changed to <b>Supplier man 1</b> by <b>Admin</b>', '2023-04-01 04:59:58', '2023-04-01 04:59:58'),
(941, 41, 'Purchase invoice <b>#2</b> placed', '2023-04-01 05:50:11', '2023-04-01 05:50:11');
INSERT INTO `notifications` (`id`, `user_id`, `name`, `created_at`, `updated_at`) VALUES
(942, 41, 'New product name Banana buy from supplier', '2023-04-01 05:50:11', '2023-04-01 05:50:11'),
(943, 41, 'New product name Alu buy from supplier', '2023-04-01 05:50:11', '2023-04-01 05:50:11'),
(944, 41, 'Income added for invoice #2', '2023-04-01 06:03:57', '2023-04-01 06:03:57'),
(945, 41, 'Order placed to <b>Customer man 1</b>', '2023-04-01 06:38:33', '2023-04-01 06:38:33'),
(946, 41, 'Order placed to <b>Customer man 1</b>', '2023-04-01 06:39:06', '2023-04-01 06:39:06'),
(947, 41, 'Order placed to <b>Customer man 1</b>', '2023-04-01 06:40:25', '2023-04-01 06:40:25'),
(948, 41, 'Income added for invoice #3', '2023-04-01 06:41:02', '2023-04-01 06:41:02'),
(949, 41, 'Payment type title Bank Asia added by Admin', '2023-04-01 07:20:22', '2023-04-01 07:20:22'),
(950, 41, 'Order return to 1', '2023-04-01 08:07:11', '2023-04-01 08:07:11'),
(951, 41, 'Purchase invoice <b>#1</b> returned', '2023-04-01 08:15:42', '2023-04-01 08:15:42'),
(952, 5, 'New customer <b>Okay added by <b>Md Hafiz Al</b>', '2023-04-01 11:09:19', '2023-04-01 11:09:19'),
(953, 41, 'Expense added for invoice #4', '2023-04-01 11:58:02', '2023-04-01 11:58:02'),
(954, 41, 'Expense added for invoice #5', '2023-04-01 11:59:19', '2023-04-01 11:59:19'),
(955, 41, 'Order placed to <b>GC_pos Business</b>', '2023-04-02 12:58:23', '2023-04-02 12:58:23'),
(958, 45, 'Purchase invoice <b>#1</b> placed', '2023-04-03 10:12:31', '2023-04-03 10:12:31'),
(959, 45, 'New product name pakisthani Kurti vol 3 buy from supplier', '2023-04-03 10:12:31', '2023-04-03 10:12:31'),
(960, 45, 'New supplier hasan patoary added by Admin', '2023-04-03 10:35:07', '2023-04-03 10:35:07'),
(961, 41, 'Purchase invoice <b>#3</b> placed', '2023-04-03 10:36:31', '2023-04-03 10:36:31'),
(962, 41, 'New product name Alu buy from supplier', '2023-04-03 10:36:31', '2023-04-03 10:36:31'),
(963, 45, 'Supplier <b>hasan patoary</b> changed to <b>hasan patoary</b> by <b>Admin</b>', '2023-04-03 11:05:41', '2023-04-03 11:05:41'),
(964, 45, 'New <b>product</b> name <b>pakisthani Kurti vol 3</b> updated by <b>Admin</b>', '2023-04-03 12:21:49', '2023-04-03 12:21:49'),
(965, 45, 'New customer <b>Abul hasem added by <b>Admin</b>', '2023-04-03 12:39:39', '2023-04-03 12:39:39'),
(966, 45, 'Order placed to <b>Abul hasem</b>', '2023-04-03 12:40:02', '2023-04-03 12:40:02'),
(967, 45, 'New customer <b>shafiul islam added by <b>Admin</b>', '2023-04-03 12:49:06', '2023-04-03 12:49:06'),
(968, 45, 'Order placed to <b>shafiul islam</b>', '2023-04-03 12:49:21', '2023-04-03 12:49:21'),
(969, 45, 'Income added for invoice #1', '2023-04-03 12:55:35', '2023-04-03 12:55:35'),
(970, 45, 'Income added for invoice #2', '2023-04-03 13:00:20', '2023-04-03 13:00:20'),
(971, 45, 'New <b>product</b> name <b>pakisthani Kurti vol 3</b> updated by <b>Admin</b>', '2023-04-03 13:15:31', '2023-04-03 13:15:31'),
(972, 45, 'New <b>product</b> name <b>pakisthani Kurti vol 3</b> updated by <b>Admin</b>', '2023-04-03 13:16:15', '2023-04-03 13:16:15'),
(973, 45, 'New customer <b>hasem Ali added by <b>Admin</b>', '2023-04-03 13:20:41', '2023-04-03 13:20:41'),
(974, 45, 'Order placed to <b>hasem Ali</b>', '2023-04-03 13:21:19', '2023-04-03 13:21:19'),
(975, 45, 'New <b>product</b> name <b>pakisthani Kurti vol 3</b> updated by <b>Admin</b>', '2023-04-03 13:24:06', '2023-04-03 13:24:06'),
(976, 45, 'New customer <b>labib hsan added by <b>Admin</b>', '2023-04-03 13:26:57', '2023-04-03 13:26:57'),
(977, 45, 'Income added for invoice #3', '2023-04-03 13:27:10', '2023-04-03 13:27:10'),
(978, 45, 'New supplier ab Salam khan added by Admin', '2023-04-03 17:19:10', '2023-04-03 17:19:10'),
(979, 45, 'New customer <b>nabin talukder added by <b>Admin</b>', '2023-04-03 17:20:54', '2023-04-03 17:20:54'),
(980, 45, 'Income added for invoice #4', '2023-04-03 17:23:14', '2023-04-03 17:23:14'),
(981, 45, 'New supplier Shajon hossen raju added by Admin', '2023-04-03 17:28:31', '2023-04-03 17:28:31'),
(982, 45, 'New customer <b>Rubel hossen added by <b>Admin</b>', '2023-04-03 17:46:10', '2023-04-03 17:46:10'),
(983, 45, 'Customer name change from <b>Rubel hossen</br> to <b>Rubel hossen</b> by <b>Admin</b>', '2023-04-03 17:46:57', '2023-04-03 17:46:57'),
(984, 45, 'New customer <b>Rubel hossen added by <b>Admin</b>', '2023-04-03 17:48:21', '2023-04-03 17:48:21'),
(985, 45, 'Customer name change from <b>Rubel hossen</br> to <b>Rubel hossen</b> by <b>Admin</b>', '2023-04-03 17:48:58', '2023-04-03 17:48:58'),
(986, 45, 'New customer <b>jahanara begum added by <b>Admin</b>', '2023-04-03 17:56:15', '2023-04-03 17:56:15'),
(987, 45, 'New customer <b>jalal uddin Ahmed added by <b>Admin</b>', '2023-04-03 17:58:11', '2023-04-03 17:58:11'),
(988, 45, 'New customer <b>mukul added by <b>Admin</b>', '2023-04-03 18:00:12', '2023-04-03 18:00:12'),
(989, 45, 'New <b>product</b> name <b>pakisthani Kurti vol 3</b> updated by <b>Admin</b>', '2023-04-03 20:01:47', '2023-04-03 20:01:47'),
(990, 45, 'Purchase invoice <b>#2</b> placed', '2023-04-03 20:11:25', '2023-04-03 20:11:25'),
(991, 45, 'New product name pakisthani Kurti vol 3 buy from supplier', '2023-04-03 20:11:25', '2023-04-03 20:11:25'),
(992, 45, 'Expense added for invoice #5', '2023-04-03 20:39:30', '2023-04-03 20:39:30'),
(993, 45, 'New product/service unit <b>kath</b> added by <b>Admin</b>', '2023-04-03 21:09:48', '2023-04-03 21:09:48'),
(994, 45, 'New product/service unit <b>kath</b> deleted by <b>Admin</b>', '2023-04-03 21:10:22', '2023-04-03 21:10:22'),
(995, 45, 'New customer <b>Sanoar hossen added by <b>Admin</b>', '2023-04-04 08:37:31', '2023-04-04 08:37:31'),
(996, 45, 'New customer <b>rafiqul Islam added by <b>Admin</b>', '2023-04-04 08:38:56', '2023-04-04 08:38:56'),
(997, 45, 'New supplier ruhul Amin added by Admin', '2023-04-04 08:48:28', '2023-04-04 08:48:28'),
(998, 45, 'Purchase invoice <b>#1</b> returned', '2023-04-04 09:43:08', '2023-04-04 09:43:08'),
(999, 45, 'Income added for invoice #6', '2023-04-04 09:48:19', '2023-04-04 09:48:19'),
(1000, 45, 'Income added for invoice #7', '2023-04-04 09:50:24', '2023-04-04 09:50:24'),
(1001, 45, 'New supplier Nasir uddin akondo added by Admin', '2023-04-04 10:01:38', '2023-04-04 10:01:38'),
(1002, 45, 'New supplier abul FAYSAL added by Admin', '2023-04-04 10:03:51', '2023-04-04 10:03:51'),
(1003, 45, 'Expense added for invoice #8', '2023-04-04 10:11:02', '2023-04-04 10:11:02'),
(1004, 45, 'Income added for invoice #9', '2023-04-04 10:21:31', '2023-04-04 10:21:31'),
(1005, 45, 'Favorite order added by <b>Admin</b>', '2023-04-04 10:33:32', '2023-04-04 10:33:32'),
(1006, 45, 'Expense added for invoice #10', '2023-04-04 10:40:18', '2023-04-04 10:40:18'),
(1007, 45, 'New customer <b>shamaun ali added by <b>Admin</b>', '2023-04-04 14:45:03', '2023-04-04 14:45:03'),
(1008, 45, 'Order placed to <b>shamaun ali</b>', '2023-04-04 14:56:51', '2023-04-04 14:56:51'),
(1009, 45, 'Order deleted for <b>shamaun ali</b>', '2023-04-04 15:23:10', '2023-04-04 15:23:10'),
(1010, 45, 'New customer <b>mohin akter added by <b>Admin</b>', '2023-04-04 16:57:54', '2023-04-04 16:57:54'),
(1011, 45, 'Order placed to <b>mohin akter</b>', '2023-04-04 16:58:32', '2023-04-04 16:58:32'),
(1012, 45, 'New customer <b>Fahim akter added by <b>Admin</b>', '2023-04-04 17:03:41', '2023-04-04 17:03:41'),
(1013, 45, 'Income added for invoice #11', '2023-04-04 17:04:40', '2023-04-04 17:04:40'),
(1014, 45, 'Income added for invoice #12', '2023-04-04 17:15:09', '2023-04-04 17:15:09'),
(1015, 45, 'Income added for invoice #13', '2023-04-04 17:18:23', '2023-04-04 17:18:23'),
(1016, 45, 'New <b>product</b> name <b>pakisthani Kurti vol 3</b> updated by <b>Admin</b>', '2023-04-04 20:11:58', '2023-04-04 20:11:58'),
(1017, 45, 'New customer <b>sabikun nahar added by <b>Admin</b>', '2023-04-04 20:30:52', '2023-04-04 20:30:52'),
(1018, 45, 'New supplier sabikun nahar added by Admin', '2023-04-04 20:36:45', '2023-04-04 20:36:45'),
(1019, 45, 'New customer <b>Jamil chowdhury added by <b>Admin</b>', '2023-04-04 20:46:17', '2023-04-04 20:46:17'),
(1020, 45, 'New supplier mossarif hossen added by Admin', '2023-04-04 20:49:23', '2023-04-04 20:49:23'),
(1021, 45, 'Expense added for invoice #14', '2023-04-04 20:55:21', '2023-04-04 20:55:21'),
(1022, 45, 'New customer <b>juhurul islam added by <b>Admin</b>', '2023-04-05 07:09:18', '2023-04-05 07:09:18'),
(1023, 45, 'Order placed to <b>juhurul islam</b>', '2023-04-05 07:09:57', '2023-04-05 07:09:57'),
(1024, 45, 'New customer <b>mominul alam added by <b>Admin</b>', '2023-04-05 07:11:08', '2023-04-05 07:11:08'),
(1025, 45, 'New customer <b>hasan talukdar added by <b>Admin</b>', '2023-04-05 07:13:59', '2023-04-05 07:13:59'),
(1026, 45, 'New supplier MOSIUR rahman added by Admin', '2023-04-05 07:20:31', '2023-04-05 07:20:31'),
(1027, 45, 'Income added for invoice #15', '2023-04-05 07:22:26', '2023-04-05 07:22:26'),
(1028, 45, 'Expense added for invoice #16', '2023-04-05 07:23:16', '2023-04-05 07:23:16'),
(1029, 45, 'Customer name change from <b>Rubel hossen</br> to <b>Rubel hossen</b> by <b>Admin</b>', '2023-04-05 07:24:19', '2023-04-05 07:24:19'),
(1030, 45, 'New customer <b>ab jalil takukder added by <b>Admin</b>', '2023-04-05 07:25:49', '2023-04-05 07:25:49'),
(1031, 45, 'New customer <b>saidur rahman added by <b>Admin</b>', '2023-04-05 07:27:21', '2023-04-05 07:27:21'),
(1032, 45, 'New customer <b>minto takukder added by <b>Admin</b>', '2023-04-05 07:28:45', '2023-04-05 07:28:45'),
(1033, 45, 'Order placed to <b>Abul hasem</b>', '2023-04-05 16:56:15', '2023-04-05 16:56:15'),
(1034, 45, 'Income added for invoice #17', '2023-04-05 16:58:26', '2023-04-05 16:58:26'),
(1035, 45, 'Income added for invoice #18', '2023-04-05 16:59:20', '2023-04-05 16:59:20'),
(1036, 45, 'Income added for invoice #19', '2023-04-05 17:00:42', '2023-04-05 17:00:42'),
(1037, 45, 'Order placed to <b>hasem Ali</b>', '2023-04-05 17:01:28', '2023-04-05 17:01:28'),
(1038, 45, 'Expense added for invoice #20', '2023-04-05 17:03:02', '2023-04-05 17:03:02'),
(1039, 45, 'Income added for invoice #21', '2023-04-05 17:04:34', '2023-04-05 17:04:34'),
(1040, 45, 'Income added for invoice #22', '2023-04-05 17:13:33', '2023-04-05 17:13:33'),
(1041, 45, 'Expense added for invoice #23', '2023-04-05 17:16:02', '2023-04-05 17:16:02'),
(1042, 45, 'New <b>service</b> name <b>car wash</b> added by <b>Admin</b>', '2023-04-05 17:26:37', '2023-04-05 17:26:37'),
(1043, 45, 'New customer <b>takrim Ahmed added by <b>Admin</b>', '2023-04-05 21:32:08', '2023-04-05 21:32:08'),
(1044, 45, 'Order placed to <b>takrim Ahmed</b>', '2023-04-05 21:33:29', '2023-04-05 21:33:29'),
(1045, 45, 'New <b>service</b> name <b>car wash</b> updated by <b>Admin</b>', '2023-04-05 21:35:47', '2023-04-05 21:35:47'),
(1046, 45, 'Income title consultancy added by Admin', '2023-04-05 21:40:59', '2023-04-05 21:40:59'),
(1047, 45, 'New customer <b>test  1 added by <b>Admin</b>', '2023-04-06 08:52:09', '2023-04-06 08:52:09'),
(1048, 45, 'New customer <b>Test 2 added by <b>Admin</b>', '2023-04-06 08:53:37', '2023-04-06 08:53:37'),
(1049, 45, 'New customer <b>test 3 added by <b>Admin</b>', '2023-04-06 08:55:30', '2023-04-06 08:55:30'),
(1050, 45, 'New customer <b>test 4 added by <b>Admin</b>', '2023-04-06 09:03:43', '2023-04-06 09:03:43'),
(1051, 45, 'New supplier test 6 added by Admin', '2023-04-06 09:05:46', '2023-04-06 09:05:46'),
(1052, 45, 'New customer <b>wtyi added by <b>Admin</b>', '2023-04-06 09:17:56', '2023-04-06 09:17:56'),
(1055, 45, 'Order placed to <b>Abul hasem</b>', '2023-04-06 11:27:46', '2023-04-06 11:27:46'),
(1056, 45, 'Order return to 1', '2023-04-06 12:02:00', '2023-04-06 12:02:00'),
(1057, 45, 'Payment type title mycash added by Admin', '2023-04-06 13:03:08', '2023-04-06 13:03:08'),
(1064, 45, 'Favorite order added by <b>Admin</b>', '2023-04-07 12:30:16', '2023-04-07 12:30:16'),
(1065, 45, 'Order placed to <b>shafiul islam</b>', '2023-04-07 12:44:35', '2023-04-07 12:44:35'),
(1066, 45, 'Income added for invoice #24', '2023-04-07 13:23:01', '2023-04-07 13:23:01'),
(1067, 45, 'Order placed to <b>GUEST CUSTOMER</b>', '2023-04-09 15:32:51', '2023-04-09 15:32:51'),
(1068, 45, 'Payment type title mcash added by Admin', '2023-04-09 16:06:42', '2023-04-09 16:06:42'),
(1069, 45, 'Payment type title total cash added by Admin', '2023-04-09 16:08:56', '2023-04-09 16:08:56'),
(1070, 45, 'Purchase invoice <b>#3</b> placed', '2023-04-09 20:17:23', '2023-04-09 20:17:23'),
(1071, 45, 'New product name pakisthani Kurti vol 3 buy from supplier', '2023-04-09 20:17:23', '2023-04-09 20:17:23'),
(1072, 45, 'Income added for invoice #25', '2023-04-10 17:14:42', '2023-04-10 17:14:42'),
(1073, 45, 'Order placed to <b>nabin talukder</b>', '2023-04-10 17:27:55', '2023-04-10 17:27:55'),
(1074, 45, 'Order return to 2', '2023-04-10 17:30:42', '2023-04-10 17:30:42'),
(1075, 45, 'Order return to 3', '2023-04-10 17:32:44', '2023-04-10 17:32:44'),
(1076, 45, 'Income added for invoice #26', '2023-04-11 17:05:43', '2023-04-11 17:05:43'),
(1077, 45, 'New customer <b>mahim hasan added by <b>Admin</b>', '2023-04-12 02:43:48', '2023-04-12 02:43:48'),
(1078, 45, 'Purchase invoice <b>#4</b> placed', '2023-04-12 10:02:49', '2023-04-12 10:02:49'),
(1079, 45, 'New product name kanji vorom long buy from supplier', '2023-04-12 10:02:49', '2023-04-12 10:02:49'),
(1080, 45, 'Expense added for invoice #27', '2023-04-12 21:24:23', '2023-04-12 21:24:23'),
(1081, 45, 'Expense added for invoice #28', '2023-04-12 21:25:22', '2023-04-12 21:25:22'),
(1082, 45, 'Expense added for invoice #29', '2023-04-12 21:25:58', '2023-04-12 21:25:58'),
(1083, 45, 'Income added for invoice #30', '2023-04-12 21:30:06', '2023-04-12 21:30:06'),
(1084, 45, 'Income added for invoice #31', '2023-04-12 21:31:07', '2023-04-12 21:31:07'),
(1085, 45, 'Order placed to <b>takrim Ahmed</b>', '2023-04-12 21:35:51', '2023-04-12 21:35:51'),
(1086, 45, 'Order placed to <b>takrim Ahmed</b>', '2023-04-12 21:37:55', '2023-04-12 21:37:55'),
(1087, 45, 'Purchase invoice <b>#5</b> placed', '2023-04-13 08:47:36', '2023-04-13 08:47:36'),
(1088, 45, 'New product name Indians Ene\'s 4pcs buy from supplier', '2023-04-13 08:47:36', '2023-04-13 08:47:36'),
(1089, 45, 'Purchase invoice <b>#6</b> placed', '2023-04-13 08:51:08', '2023-04-13 08:51:08'),
(1090, 45, 'New product name kanji vorom long buy from supplier', '2023-04-13 08:51:08', '2023-04-13 08:51:08'),
(1091, 45, 'New customer <b>Jamil chowdhury added by <b>Admin</b>', '2023-04-13 08:55:30', '2023-04-13 08:55:30'),
(1092, 45, 'Order placed to <b>Jamil chowdhury</b>', '2023-04-13 08:55:45', '2023-04-13 08:55:45'),
(1093, 45, 'New <b>product</b> name <b>pakisthani Kurti vol 3</b> updated by <b>Admin</b>', '2023-04-13 08:58:52', '2023-04-13 08:58:52'),
(1094, 45, 'Income added for invoice #32', '2023-04-13 09:03:16', '2023-04-13 09:03:16'),
(1095, 45, 'Order placed to <b>Jamil chowdhury</b>', '2023-04-13 09:06:55', '2023-04-13 09:06:55'),
(1096, 45, 'Order placed to <b>Jamil chowdhury</b>', '2023-04-13 09:08:18', '2023-04-13 09:08:18'),
(1097, 45, 'Order invoice #2 returned', '2023-04-13 09:15:53', '2023-04-13 09:15:53'),
(1098, 45, 'Income added for invoice #33', '2023-04-13 17:44:30', '2023-04-13 17:44:30'),
(1099, 45, 'New <b>product</b> name <b>pakisthani Kurti vol 3</b> updated by <b>Admin</b>', '2023-04-14 09:47:23', '2023-04-14 09:47:23'),
(1100, 45, 'New <b>product</b> name <b>pakisthani Kurti vol 3</b> updated by <b>Admin</b>', '2023-04-14 09:48:27', '2023-04-14 09:48:27'),
(1101, 45, 'Order placed to <b>hasem Ali</b>', '2023-04-14 09:49:58', '2023-04-14 09:49:58'),
(1102, 45, 'Income added for invoice #34', '2023-04-14 09:53:41', '2023-04-14 09:53:41'),
(1106, 45, 'New supplier aninul Islam added by Admin', '2023-04-14 10:55:28', '2023-04-14 10:55:28'),
(1107, 45, 'Purchase invoice <b>#7</b> placed', '2023-04-14 10:55:40', '2023-04-14 10:55:40'),
(1108, 45, 'New product name Chaya vithi buy from supplier', '2023-04-14 10:55:40', '2023-04-14 10:55:40'),
(1109, 45, 'Expense added for invoice #35', '2023-04-14 17:42:00', '2023-04-14 17:42:00'),
(1110, 45, 'Order return to 4', '2023-04-15 12:51:27', '2023-04-15 12:51:27'),
(1111, 45, 'Purchase invoice <b>#8</b> placed', '2023-04-16 09:16:04', '2023-04-16 09:16:04'),
(1112, 45, 'New product name Paper buy from supplier', '2023-04-16 09:16:04', '2023-04-16 09:16:04'),
(1113, 45, 'New product name pen buy from supplier', '2023-04-16 09:16:04', '2023-04-16 09:16:04'),
(1114, 45, 'Order placed to <b>Abul hasem</b>', '2023-04-16 10:18:45', '2023-04-16 10:18:45'),
(1115, 45, 'Purchase invoice <b>#2</b> returned', '2023-04-17 10:44:18', '2023-04-17 10:44:18'),
(1123, 45, 'Purchase invoice <b>#9</b> placed', '2023-04-19 01:29:16', '2023-04-19 01:29:16'),
(1125, 45, 'Purchase invoice <b>#10</b> placed', '2023-04-19 01:31:18', '2023-04-19 01:31:18'),
(1127, 45, 'Purchase invoice <b>#11</b> placed', '2023-04-19 01:34:23', '2023-04-19 01:34:23'),
(1128, 45, 'New product name 1 Alu buy from supplier', '2023-04-19 01:34:23', '2023-04-19 01:34:23'),
(1130, 5, 'Purchase invoice <b>#30</b> placed', '2023-04-19 03:05:51', '2023-04-19 03:05:51'),
(1131, 5, 'New product name 1 Alu buy from supplier', '2023-04-19 03:05:51', '2023-04-19 03:05:51'),
(1138, 45, 'Purchase invoice <b>#12</b> placed', '2023-04-19 03:13:08', '2023-04-19 03:13:08'),
(1139, 45, 'New product name pakisthani Kurti vol 3 buy from supplier', '2023-04-19 03:13:08', '2023-04-19 03:13:08'),
(1140, 45, 'Expense added for invoice #36', '2023-04-19 03:38:55', '2023-04-19 03:38:55'),
(1141, 45, 'Income added for invoice #37', '2023-04-19 03:39:47', '2023-04-19 03:39:47'),
(1143, 45, 'Favorite order added by <b>Admin</b>', '2023-04-19 03:42:26', '2023-04-19 03:42:26'),
(1144, 45, 'Order placed to <b>labib hsan</b>', '2023-04-19 03:42:57', '2023-04-19 03:42:57'),
(1145, 45, 'Customer name change from <b>labib hsan</br> to <b>labib hsan</b> by <b>Admin</b>', '2023-04-19 03:49:44', '2023-04-19 03:49:44'),
(1146, 45, 'Customer name change from <b>labib hsan</br> to <b>labib hsan</b> by <b>Admin</b>', '2023-04-19 03:50:19', '2023-04-19 03:50:19'),
(1147, 45, 'Income added for invoice #38', '2023-04-19 04:12:57', '2023-04-19 04:12:57'),
(1148, 45, 'Order placed to <b>mahim hasan</b>', '2023-04-19 04:26:53', '2023-04-19 04:26:53'),
(1149, 47, 'New supplier Mr Tamim added by Admin', '2023-04-19 20:04:43', '2023-04-19 20:04:43'),
(1155, 47, 'Purchase invoice <b>#1</b> placed', '2023-04-19 20:09:41', '2023-04-19 20:09:41'),
(1156, 47, 'New product name Rice buy from supplier', '2023-04-19 20:09:41', '2023-04-19 20:09:41'),
(1157, 47, 'Purchase invoice <b>#2</b> placed', '2023-04-19 20:11:30', '2023-04-19 20:11:30'),
(1158, 47, 'New product name Alu buy from supplier', '2023-04-19 20:11:30', '2023-04-19 20:11:30'),
(1159, 47, 'New customer <b>Sujan added by <b>Admin</b>', '2023-04-19 20:22:38', '2023-04-19 20:22:38'),
(1160, 47, 'Order placed to <b>Sujan</b>', '2023-04-19 20:24:18', '2023-04-19 20:24:18'),
(1161, 47, 'Favorite order added by <b>Admin</b>', '2023-04-19 20:33:37', '2023-04-19 20:33:37'),
(1162, 49, 'New supplier Fahim added by Admin', '2023-04-19 23:03:38', '2023-04-19 23:03:38'),
(1163, 49, 'New customer <b>Foisal added by <b>Admin</b>', '2023-04-19 23:04:08', '2023-04-19 23:04:08'),
(1164, 49, 'Purchase invoice <b>#1</b> placed', '2023-04-19 23:29:25', '2023-04-19 23:29:25'),
(1165, 49, 'New product name Muri buy from supplier', '2023-04-19 23:29:25', '2023-04-19 23:29:25'),
(1166, 49, 'Purchase invoice #1 updated', '2023-04-19 23:36:08', '2023-04-19 23:36:08'),
(1167, 49, 'New product name Muri buy from supplier', '2023-04-19 23:36:08', '2023-04-19 23:36:08'),
(1168, 49, 'New product name Salt buy from supplier', '2023-04-19 23:36:08', '2023-04-19 23:36:08'),
(1169, 49, 'Purchase invoice #1 updated', '2023-04-19 23:37:09', '2023-04-19 23:37:09'),
(1170, 49, 'New product name Muri buy from supplier', '2023-04-19 23:37:09', '2023-04-19 23:37:09'),
(1171, 49, 'New product name Salt buy from supplier', '2023-04-19 23:37:09', '2023-04-19 23:37:09'),
(1172, 49, 'Purchase invoice #1 updated', '2023-04-19 23:50:31', '2023-04-19 23:50:31'),
(1173, 49, 'New product name Muri buy from supplier', '2023-04-19 23:50:31', '2023-04-19 23:50:31'),
(1174, 49, 'New product name Salt buy from supplier', '2023-04-19 23:50:31', '2023-04-19 23:50:31'),
(1175, 49, 'New supplier Sohan added by Admin', '2023-04-20 00:07:51', '2023-04-20 00:07:51'),
(1176, 50, 'Purchase invoice <b>#1</b> placed', '2023-04-20 00:18:00', '2023-04-20 00:18:00'),
(1177, 50, 'New product name Mango buy from supplier', '2023-04-20 00:18:00', '2023-04-20 00:18:00'),
(1178, 49, 'Purchase invoice <b>#2</b> placed', '2023-04-20 00:18:22', '2023-04-20 00:18:22'),
(1179, 49, 'New product name Maggu buy from supplier', '2023-04-20 00:18:23', '2023-04-20 00:18:23'),
(1180, 49, 'New product name Cofffee buy from supplier', '2023-04-20 00:18:23', '2023-04-20 00:18:23'),
(1181, 50, 'Order placed to <b>GUEST CUSTOMER</b>', '2023-04-20 00:20:34', '2023-04-20 00:20:34'),
(1182, 50, 'Order placed to <b>GUEST CUSTOMER</b>', '2023-04-20 00:21:41', '2023-04-20 00:21:41'),
(1183, 49, 'New <b>service</b> name <b>Hair Treatment</b> added by <b>Admin</b>', '2023-04-20 00:22:47', '2023-04-20 00:22:47'),
(1184, 50, 'New customer <b>Al Foisal added by <b>Admin</b>', '2023-04-20 00:24:14', '2023-04-20 00:24:14'),
(1185, 50, 'Purchase invoice <b>#1</b> returned', '2023-04-20 00:25:47', '2023-04-20 00:25:47'),
(1186, 50, 'Customer name change from <b>Al Foisal</br> to <b>Al Foisal</b> by <b>Admin</b>', '2023-04-20 00:27:19', '2023-04-20 00:27:19'),
(1187, 49, 'Purchase invoice #2 updated', '2023-04-20 00:31:25', '2023-04-20 00:31:25'),
(1188, 49, 'New product name Maggu buy from supplier', '2023-04-20 00:31:25', '2023-04-20 00:31:25'),
(1189, 49, 'New product name Cofffee buy from supplier', '2023-04-20 00:31:25', '2023-04-20 00:31:25'),
(1190, 49, 'Purchase invoice #2 updated', '2023-04-20 00:37:06', '2023-04-20 00:37:06'),
(1191, 49, 'New product name Maggu buy from supplier', '2023-04-20 00:37:06', '2023-04-20 00:37:06'),
(1192, 49, 'New product name Cofffee buy from supplier', '2023-04-20 00:37:06', '2023-04-20 00:37:06'),
(1193, 49, 'Purchase invoice #2 updated', '2023-04-20 00:37:43', '2023-04-20 00:37:43'),
(1194, 49, 'New product name Maggu buy from supplier', '2023-04-20 00:37:43', '2023-04-20 00:37:43'),
(1195, 49, 'New product name Cofffee buy from supplier', '2023-04-20 00:37:43', '2023-04-20 00:37:43'),
(1196, 49, 'Purchase invoice #2 updated', '2023-04-20 00:41:56', '2023-04-20 00:41:56'),
(1197, 49, 'New product name Maggu buy from supplier', '2023-04-20 00:41:56', '2023-04-20 00:41:56'),
(1198, 49, 'New product name Cofffee buy from supplier', '2023-04-20 00:41:56', '2023-04-20 00:41:56'),
(1199, 50, 'New supplier Al Hafiz added by Admin', '2023-04-20 01:05:55', '2023-04-20 01:05:55'),
(1200, 50, 'Purchase invoice <b>#2</b> placed', '2023-04-20 01:06:53', '2023-04-20 01:06:53'),
(1201, 50, 'New product name Mango buy from supplier', '2023-04-20 01:06:53', '2023-04-20 01:06:53'),
(1202, 49, 'New <b>product</b> name <b>Muri</b> updated by <b>Admin</b>', '2023-04-20 01:37:10', '2023-04-20 01:37:10'),
(1203, 49, 'Order placed to <b>Foisal</b>', '2023-04-20 02:18:00', '2023-04-20 02:18:00'),
(1204, 50, 'Purchase invoice <b>#2</b> returned', '2023-04-20 02:19:12', '2023-04-20 02:19:12'),
(1205, 50, 'Purchase invoice <b>#3</b> placed', '2023-04-20 02:24:10', '2023-04-20 02:24:10'),
(1206, 50, 'New product name tt buy from supplier', '2023-04-20 02:24:10', '2023-04-20 02:24:10'),
(1207, 50, 'Purchase invoice #3 updated', '2023-04-20 02:24:36', '2023-04-20 02:24:36'),
(1208, 50, 'New product name tt buy from supplier', '2023-04-20 02:24:36', '2023-04-20 02:24:36'),
(1209, 50, 'Purchase invoice <b>#3</b> returned', '2023-04-20 02:25:22', '2023-04-20 02:25:22'),
(1210, 49, 'Order placed to <b>Foisal</b>', '2023-04-20 03:01:20', '2023-04-20 03:01:20'),
(1211, 49, 'Expense added for invoice #1', '2023-04-20 03:27:54', '2023-04-20 03:27:54'),
(1212, 49, 'Order return to 1', '2023-04-20 03:36:47', '2023-04-20 03:36:47'),
(1213, 49, 'Purchase invoice <b>#1</b> returned', '2023-04-20 03:41:06', '2023-04-20 03:41:06'),
(1214, 49, 'Favorite order added by <b>Admin</b>', '2023-04-20 03:53:23', '2023-04-20 03:53:23'),
(1215, 49, 'Favorite order added by <b>Admin</b>', '2023-04-20 03:53:31', '2023-04-20 03:53:31'),
(1216, 49, 'Favorite order added by <b>Admin</b>', '2023-04-20 04:02:50', '2023-04-20 04:02:50'),
(1217, 49, 'Order deleted for <b>Foisal</b>', '2023-04-20 04:07:58', '2023-04-20 04:07:58'),
(1218, 49, 'Order placed to <b>Foisal</b>', '2023-04-20 04:27:14', '2023-04-20 04:27:14'),
(1219, 49, 'Order placed to <b>Foisal</b>', '2023-04-20 04:29:19', '2023-04-20 04:29:19'),
(1220, 49, 'Order deleted for <b>Foisal</b>', '2023-04-20 05:00:51', '2023-04-20 05:00:51'),
(1221, 49, 'Order deleted for <b>Foisal</b>', '2023-04-20 05:00:56', '2023-04-20 05:00:56'),
(1222, 49, 'Order placed to <b>Foisal</b>', '2023-04-20 05:04:31', '2023-04-20 05:04:31'),
(1223, 49, 'Income added for invoice #2', '2023-04-20 06:09:40', '2023-04-20 06:09:40'),
(1224, 49, 'Income added for invoice #3', '2023-04-20 06:11:21', '2023-04-20 06:11:21'),
(1225, 48, 'New supplier Sujan added by Admin', '2023-04-20 10:06:32', '2023-04-20 10:06:32'),
(1226, 48, 'Purchase invoice <b>#1</b> placed', '2023-04-20 10:06:46', '2023-04-20 10:06:46'),
(1227, 48, 'New product name Rice buy from supplier', '2023-04-20 10:06:46', '2023-04-20 10:06:46'),
(1228, 48, 'New supplier Mr Tamim added by Admin', '2023-04-20 10:14:01', '2023-04-20 10:14:01'),
(1229, 48, 'Purchase invoice <b>#2</b> placed', '2023-04-20 10:23:17', '2023-04-20 10:23:17'),
(1230, 48, 'New product name Pepsi 250 ml buy from supplier', '2023-04-20 10:23:17', '2023-04-20 10:23:17'),
(1231, 48, 'New product name Coca-Cola 500 ML buy from supplier', '2023-04-20 10:23:17', '2023-04-20 10:23:17'),
(1232, 48, 'New product/service unit <b>upfeet</b> added by <b>Admin</b>', '2023-04-20 10:28:10', '2023-04-20 10:28:10'),
(1233, 48, 'New product/service unit <b>upfeet</b> deleted by <b>Admin</b>', '2023-04-20 10:28:18', '2023-04-20 10:28:18'),
(1234, 48, 'New customer <b>Saikot added by <b>Admin</b>', '2023-04-20 10:38:13', '2023-04-20 10:38:13'),
(1235, 48, 'Order placed to <b>Saikot</b>', '2023-04-20 10:44:16', '2023-04-20 10:44:16'),
(1236, 48, 'Purchase invoice <b>#3</b> placed', '2023-04-20 10:53:24', '2023-04-20 10:53:24'),
(1237, 48, 'New product name Egg buy from supplier', '2023-04-20 10:53:24', '2023-04-20 10:53:24'),
(1238, 48, 'New <b>product</b> name <b>Egg</b> updated by <b>Admin</b>', '2023-04-20 10:55:34', '2023-04-20 10:55:34'),
(1239, 48, 'Favorite order added by <b>Admin</b>', '2023-04-20 11:00:49', '2023-04-20 11:00:49'),
(1240, 48, 'Order placed to <b>Saikot</b>', '2023-04-20 11:01:25', '2023-04-20 11:01:25'),
(1241, 48, 'New customer <b>Asraful added by <b>Admin</b>', '2023-04-20 11:06:22', '2023-04-20 11:06:22'),
(1242, 48, 'New customer <b>Malek added by <b>Admin</b>', '2023-04-20 11:06:58', '2023-04-20 11:06:58'),
(1243, 48, 'New supplier Ibrahim added by Admin', '2023-04-20 11:08:25', '2023-04-20 11:08:25'),
(1244, 48, 'Purchase invoice <b>#4</b> placed', '2023-04-20 11:11:07', '2023-04-20 11:11:07'),
(1245, 48, 'New product name Darcini buy from supplier', '2023-04-20 11:11:07', '2023-04-20 11:11:07'),
(1246, 48, 'Order placed to <b>Malek</b>', '2023-04-20 11:13:59', '2023-04-20 11:13:59'),
(1247, 48, 'Income added for invoice #1', '2023-04-20 11:18:20', '2023-04-20 11:18:20'),
(1248, 48, 'Income added for invoice #2', '2023-04-20 11:20:29', '2023-04-20 11:20:29'),
(1249, 49, 'Purchase invoice <b>#3</b> placed', '2023-04-20 11:27:36', '2023-04-20 11:27:36'),
(1250, 49, 'New product name Muri buy from supplier', '2023-04-20 11:27:36', '2023-04-20 11:27:36'),
(1251, 49, 'Purchase invoice #3 updated', '2023-04-20 11:32:39', '2023-04-20 11:32:39'),
(1252, 49, 'New product name Muri buy from supplier', '2023-04-20 11:32:39', '2023-04-20 11:32:39'),
(1253, 49, 'Purchase invoice <b>#4</b> placed', '2023-04-20 11:38:09', '2023-04-20 11:38:09'),
(1254, 49, 'New product name Maggu buy from supplier', '2023-04-20 11:38:09', '2023-04-20 11:38:09'),
(1255, 49, 'Purchase invoice #1 updated', '2023-04-20 11:39:44', '2023-04-20 11:39:44'),
(1256, 49, 'New product name Muri buy from supplier', '2023-04-20 11:39:44', '2023-04-20 11:39:44'),
(1257, 49, 'New product name Salt buy from supplier', '2023-04-20 11:39:44', '2023-04-20 11:39:44'),
(1258, 47, 'New <b>product</b> name <b>Rice</b> updated by <b>Admin</b>', '2023-04-24 16:26:00', '2023-04-24 16:26:00'),
(1259, 47, 'New customer <b>shahidul islam added by <b>Admin</b>', '2023-04-24 16:28:40', '2023-04-24 16:28:40'),
(1260, 47, 'Order placed to <b>shahidul islam</b>', '2023-04-24 16:29:31', '2023-04-24 16:29:31'),
(1261, 47, 'Expense added for invoice #1', '2023-04-24 16:41:23', '2023-04-24 16:41:23'),
(1262, 47, 'Purchase invoice <b>#3</b> placed', '2023-04-24 16:45:52', '2023-04-24 16:45:52'),
(1263, 47, 'New product name potato buy from supplier', '2023-04-24 16:45:52', '2023-04-24 16:45:52'),
(1264, 47, 'Purchase invoice <b>#4</b> placed', '2023-04-24 16:45:52', '2023-04-24 16:45:52'),
(1265, 47, 'New product name potato buy from supplier', '2023-04-24 16:45:52', '2023-04-24 16:45:52'),
(1266, 47, 'Purchase invoice <b>#5</b> placed', '2023-04-24 16:45:55', '2023-04-24 16:45:55'),
(1267, 47, 'New product name potato buy from supplier', '2023-04-24 16:45:55', '2023-04-24 16:45:55'),
(1268, 47, 'Purchase invoice <b>#6</b> placed', '2023-04-24 16:45:58', '2023-04-24 16:45:58'),
(1269, 47, 'New <b>product</b> name <b>potato</b> updated by <b>Admin</b>', '2023-04-24 16:52:28', '2023-04-24 16:52:28'),
(1270, 47, 'New customer <b>harunur rashid added by <b>Admin</b>', '2023-04-26 08:25:23', '2023-04-26 08:25:23'),
(1271, 47, 'New customer <b>nabil added by <b>Admin</b>', '2023-04-26 08:28:52', '2023-04-26 08:28:52'),
(1272, 47, 'Order placed to <b>nabil</b>', '2023-04-26 08:32:12', '2023-04-26 08:32:12'),
(1273, 48, 'Income added for invoice #3', '2023-04-29 07:16:25', '2023-04-29 07:16:25'),
(1274, 48, 'Order placed to <b>Saikot</b>', '2023-04-29 07:22:12', '2023-04-29 07:22:12'),
(1275, 48, 'Purchase invoice <b>#5</b> placed', '2023-04-29 08:14:06', '2023-04-29 08:14:06'),
(1276, 48, 'New product name Rice buy from supplier', '2023-04-29 08:14:06', '2023-04-29 08:14:06'),
(1277, 48, 'New product name Egg buy from supplier', '2023-04-29 08:14:06', '2023-04-29 08:14:06'),
(1278, 48, 'New <b>product</b> name <b>Rice</b> updated by <b>Admin</b>', '2023-04-29 08:24:17', '2023-04-29 08:24:17'),
(1279, 48, 'Expense added for invoice #4', '2023-04-29 15:53:22', '2023-04-29 15:53:22'),
(1280, 58, 'New supplier Rahi added by Admin', '2023-04-29 20:45:52', '2023-04-29 20:45:52'),
(1281, 58, 'Purchase invoice <b>#1</b> placed', '2023-04-29 21:01:33', '2023-04-29 21:01:33'),
(1282, 58, 'New product name Minicate Rice buy from supplier', '2023-04-29 21:01:33', '2023-04-29 21:01:33'),
(1283, 58, 'New product name Atta buy from supplier', '2023-04-29 21:01:33', '2023-04-29 21:01:33'),
(1284, 58, 'New product name Mosur Dal buy from supplier', '2023-04-29 21:01:33', '2023-04-29 21:01:33'),
(1285, 58, 'New product name Alu buy from supplier', '2023-04-29 21:01:33', '2023-04-29 21:01:33'),
(1286, 58, 'New product/service unit <b>Ltr</b> added by <b>Admin</b>', '2023-04-29 21:27:59', '2023-04-29 21:27:59'),
(1287, 58, 'New product/service unit <b>Ltr</b> deleted by <b>Admin</b>', '2023-04-29 21:28:09', '2023-04-29 21:28:09'),
(1288, 58, 'New customer <b>Sujan added by <b>Admin</b>', '2023-04-29 21:33:49', '2023-04-29 21:33:49'),
(1289, 58, 'Order placed to <b>Sujan</b>', '2023-04-29 21:36:28', '2023-04-29 21:36:28'),
(1290, 58, 'New supplier Masfiq added by Admin', '2023-04-29 21:43:02', '2023-04-29 21:43:02'),
(1291, 48, 'Purchase invoice <b>#6</b> placed', '2023-04-30 09:02:56', '2023-04-30 09:02:56'),
(1292, 48, 'New product name laptop buy from supplier', '2023-04-30 09:02:56', '2023-04-30 09:02:56'),
(1293, 47, 'New supplier Hasan Talukder added by Admin', '2023-04-30 18:41:26', '2023-04-30 18:41:26'),
(1294, 47, 'Purchase invoice <b>#7</b> placed', '2023-04-30 18:45:12', '2023-04-30 18:45:12'),
(1295, 47, 'New product name Test product 1 buy from supplier', '2023-04-30 18:45:12', '2023-04-30 18:45:12'),
(1296, 47, 'New product name Test product 2 buy from supplier', '2023-04-30 18:45:12', '2023-04-30 18:45:12'),
(1297, 59, 'New supplier Harun talukder added by Admin', '2023-05-01 03:22:36', '2023-05-01 03:22:36'),
(1298, 59, 'Purchase invoice <b>#1</b> placed', '2023-05-01 03:40:43', '2023-05-01 03:40:43'),
(1299, 59, 'New product name Test product 1 buy from supplier', '2023-05-01 03:40:43', '2023-05-01 03:40:43'),
(1300, 59, 'New product name Test product 2 buy from supplier', '2023-05-01 03:40:43', '2023-05-01 03:40:43'),
(1301, 59, 'Purchase invoice <b>#2</b> placed', '2023-05-01 15:23:16', '2023-05-01 15:23:16'),
(1302, 59, 'New product name Test product 1 buy from supplier', '2023-05-01 15:23:16', '2023-05-01 15:23:16'),
(1303, 59, 'New product name Test product 2 buy from supplier', '2023-05-01 15:23:16', '2023-05-01 15:23:16'),
(1304, 59, 'New supplier Rausul Islam Asad added by Admin', '2023-05-01 16:18:18', '2023-05-01 16:18:18'),
(1305, 59, 'Purchase invoice <b>#3</b> placed', '2023-05-01 16:36:47', '2023-05-01 16:36:47'),
(1306, 59, 'New product name Test product 1 buy from supplier', '2023-05-01 16:36:47', '2023-05-01 16:36:47'),
(1307, 59, 'New product name Test product 2 buy from supplier', '2023-05-01 16:36:47', '2023-05-01 16:36:47'),
(1308, 59, 'Purchase invoice #3 updated', '2023-05-01 18:30:07', '2023-05-01 18:30:07'),
(1309, 59, 'New product name Test product 1 buy from supplier', '2023-05-01 18:30:07', '2023-05-01 18:30:07'),
(1310, 59, 'New product name Test product 2 buy from supplier', '2023-05-01 18:30:07', '2023-05-01 18:30:07'),
(1311, 59, 'Purchase invoice #3 updated', '2023-05-01 18:30:07', '2023-05-01 18:30:07'),
(1312, 59, 'New product name Test product 1 buy from supplier', '2023-05-01 18:30:07', '2023-05-01 18:30:07'),
(1313, 59, 'New product name Test product 2 buy from supplier', '2023-05-01 18:30:07', '2023-05-01 18:30:07'),
(1314, 59, 'Purchase invoice #3 updated', '2023-05-02 00:48:06', '2023-05-02 00:48:06'),
(1315, 59, 'New product name Test product 1 buy from supplier', '2023-05-02 00:48:06', '2023-05-02 00:48:06'),
(1316, 59, 'New product name Test product 2 buy from supplier', '2023-05-02 00:48:06', '2023-05-02 00:48:06'),
(1317, 59, 'New product/service unit <b>Car wash</b> added by <b>Admin</b>', '2023-05-02 01:06:57', '2023-05-02 01:06:57'),
(1318, 59, 'New customer <b>Shahinur Islam added by <b>Admin</b>', '2023-05-02 02:16:55', '2023-05-02 02:16:55'),
(1319, 59, 'New customer <b>Abul Faysal added by <b>Admin</b>', '2023-05-02 02:19:41', '2023-05-02 02:19:41'),
(1320, 59, 'Order placed to <b>Abul Faysal</b>', '2023-05-02 02:23:45', '2023-05-02 02:23:45'),
(1321, 59, 'New customer <b>Majharul Islam added by <b>Admin</b>', '2023-05-02 04:00:28', '2023-05-02 04:00:28'),
(1322, 59, 'Customer name change from <b>Shahinur Islam</br> to <b>Shahinur Islam</b> by <b>Admin</b>', '2023-05-02 14:41:34', '2023-05-02 14:41:34'),
(1323, 59, 'New customer <b>ziaul hauque shamin added by <b>Admin</b>', '2023-05-02 14:49:52', '2023-05-02 14:49:52'),
(1324, 59, 'Order placed to <b>ziaul hauque shamin</b>', '2023-05-02 14:59:52', '2023-05-02 14:59:52'),
(1325, 59, 'Order placed to <b>Shahinur Islam</b>', '2023-05-02 16:07:18', '2023-05-02 16:07:18'),
(1326, 59, 'Order deleted for <b>Shahinur Islam</b>', '2023-05-02 17:32:32', '2023-05-02 17:32:32'),
(1327, 60, 'New supplier Solaiman hossen Lal added by Admin', '2023-05-02 20:30:30', '2023-05-02 20:30:30'),
(1328, 60, 'Purchase invoice <b>#1</b> placed', '2023-05-02 20:37:43', '2023-05-02 20:37:43'),
(1329, 60, 'New product name Test product 1 buy from supplier', '2023-05-02 20:37:43', '2023-05-02 20:37:43'),
(1330, 60, 'New product name Test product 2 buy from supplier', '2023-05-02 20:37:43', '2023-05-02 20:37:43'),
(1331, 60, 'New product name Test product 3 buy from supplier', '2023-05-02 20:37:43', '2023-05-02 20:37:43'),
(1332, 60, 'Purchase invoice #1 updated', '2023-05-02 20:52:12', '2023-05-02 20:52:12'),
(1333, 60, 'New product name Test product 1 buy from supplier', '2023-05-02 20:52:12', '2023-05-02 20:52:12'),
(1334, 60, 'New product name Test product 2 buy from supplier', '2023-05-02 20:52:12', '2023-05-02 20:52:12'),
(1335, 60, 'New product name Test product 3 buy from supplier', '2023-05-02 20:52:12', '2023-05-02 20:52:12'),
(1336, 60, 'Purchase invoice <b>#2</b> placed', '2023-05-02 21:11:58', '2023-05-02 21:11:58'),
(1337, 60, 'New product name Test product 1 buy from supplier', '2023-05-02 21:11:58', '2023-05-02 21:11:58'),
(1338, 60, 'New product name Test product 2 buy from supplier', '2023-05-02 21:11:58', '2023-05-02 21:11:58'),
(1339, 60, 'New product name Test product 3 buy from supplier', '2023-05-02 21:11:58', '2023-05-02 21:11:58'),
(1340, 60, 'New supplier Rakibul Islan added by Admin', '2023-05-02 22:06:39', '2023-05-02 22:06:39'),
(1341, 60, 'Purchase invoice <b>#3</b> placed', '2023-05-02 22:10:37', '2023-05-02 22:10:37'),
(1342, 60, 'New product name Test product 1 buy from supplier', '2023-05-02 22:10:37', '2023-05-02 22:10:37'),
(1343, 60, 'New product name Test product 4 buy from supplier', '2023-05-02 22:10:37', '2023-05-02 22:10:37'),
(1344, 60, 'Purchase invoice #3 updated', '2023-05-03 02:05:43', '2023-05-03 02:05:43'),
(1345, 60, 'New product name Test product 1 buy from supplier', '2023-05-03 02:05:43', '2023-05-03 02:05:43'),
(1346, 60, 'New product name Test product 4 buy from supplier', '2023-05-03 02:05:43', '2023-05-03 02:05:43'),
(1347, 60, 'New customer <b>Nazrul Islam added by <b>Admin</b>', '2023-05-03 02:51:45', '2023-05-03 02:51:45'),
(1348, 60, 'Order placed to <b>Nazrul Islam</b>', '2023-05-03 02:55:23', '2023-05-03 02:55:23'),
(1349, 60, 'Order placed to <b>Nazrul Islam</b>', '2023-05-03 15:54:50', '2023-05-03 15:54:50'),
(1350, 60, 'New customer <b>Rabiul Islan added by <b>Admin</b>', '2023-05-03 16:37:06', '2023-05-03 16:37:06'),
(1351, 60, 'Order placed to <b>Rabiul Islan</b>', '2023-05-03 16:38:48', '2023-05-03 16:38:48'),
(1352, 60, 'Income added for invoice #1', '2023-05-03 18:09:28', '2023-05-03 18:09:28'),
(1353, 60, 'Income added for invoice #2', '2023-05-03 18:38:33', '2023-05-03 18:38:33'),
(1354, 60, 'Expense added for invoice #3', '2023-05-04 02:12:22', '2023-05-04 02:12:22'),
(1355, 59, 'Expense added for invoice #1', '2023-05-04 17:08:36', '2023-05-04 17:08:36'),
(1356, 59, 'Expense added for invoice #2', '2023-05-04 17:23:24', '2023-05-04 17:23:24'),
(1357, 62, 'New supplier Jamil chowdhury added by Admin', '2023-05-04 17:45:48', '2023-05-04 17:45:48'),
(1358, 62, 'Purchase invoice <b>#1</b> placed', '2023-05-04 17:48:02', '2023-05-04 17:48:02'),
(1359, 62, 'New product name Test product 1 buy from supplier', '2023-05-04 17:48:02', '2023-05-04 17:48:02'),
(1360, 62, 'New product name Test product 2 buy from supplier', '2023-05-04 17:48:02', '2023-05-04 17:48:02'),
(1361, 62, 'New supplier raihan added by Admin', '2023-05-04 17:49:09', '2023-05-04 17:49:09'),
(1362, 62, 'Purchase invoice <b>#2</b> placed', '2023-05-04 17:50:14', '2023-05-04 17:50:14'),
(1363, 62, 'New product name Test product 1 buy from supplier', '2023-05-04 17:50:14', '2023-05-04 17:50:14'),
(1364, 62, 'New product name Test product 2 buy from supplier', '2023-05-04 17:50:14', '2023-05-04 17:50:14'),
(1365, 62, 'Expense added for invoice #1', '2023-05-04 17:51:02', '2023-05-04 17:51:02'),
(1366, 62, 'Expense added for invoice #2', '2023-05-04 17:53:32', '2023-05-04 17:53:32'),
(1367, 62, 'New customer <b>ruhul added by <b>Admin</b>', '2023-05-04 17:54:18', '2023-05-04 17:54:18'),
(1368, 62, 'Order placed to <b>ruhul</b>', '2023-05-04 17:55:02', '2023-05-04 17:55:02'),
(1369, 62, 'Income added for invoice #3', '2023-05-04 17:55:23', '2023-05-04 17:55:23'),
(1370, 62, 'Income added for invoice #4', '2023-05-04 17:56:51', '2023-05-04 17:56:51'),
(1371, 62, 'Income added for invoice #5', '2023-05-04 17:57:54', '2023-05-04 17:57:54'),
(1372, 60, 'New <b>service</b> name <b>Test service 1</b> added by <b>Admin</b>', '2023-05-04 19:15:29', '2023-05-04 19:15:29'),
(1373, 59, 'Purchase invoice <b>#4</b> placed', '2023-05-04 20:19:06', '2023-05-04 20:19:06'),
(1374, 59, 'New product name Test product 1 buy from supplier', '2023-05-04 20:19:06', '2023-05-04 20:19:06'),
(1375, 59, 'New product name Test product 2 buy from supplier', '2023-05-04 20:19:06', '2023-05-04 20:19:06'),
(1376, 59, 'Purchase invoice #4 updated', '2023-05-04 20:22:12', '2023-05-04 20:22:12'),
(1377, 59, 'New product name Test product 1 buy from supplier', '2023-05-04 20:22:12', '2023-05-04 20:22:12'),
(1378, 59, 'New product name Test product 2 buy from supplier', '2023-05-04 20:22:12', '2023-05-04 20:22:12'),
(1379, 59, 'Purchase invoice #4 updated', '2023-05-04 20:26:56', '2023-05-04 20:26:56'),
(1380, 59, 'New product name Test product 1 buy from supplier', '2023-05-04 20:26:56', '2023-05-04 20:26:56'),
(1381, 59, 'New product name Test product 2 buy from supplier', '2023-05-04 20:26:56', '2023-05-04 20:26:56'),
(1382, 59, 'Purchase invoice <b>#5</b> placed', '2023-05-04 20:30:10', '2023-05-04 20:30:10'),
(1383, 59, 'New product name test product 4 buy from supplier', '2023-05-04 20:30:10', '2023-05-04 20:30:10'),
(1384, 59, 'New <b>product</b> name <b>Test product 1</b> updated by <b>Admin</b>', '2023-05-04 20:41:02', '2023-05-04 20:41:02'),
(1385, 60, 'New <b>product</b> name <b>Test product 1</b> updated by <b>Admin</b>', '2023-05-04 20:44:31', '2023-05-04 20:44:31'),
(1386, 60, 'New customer <b>hasan patoary added by <b>Admin</b>', '2023-05-04 20:46:43', '2023-05-04 20:46:43'),
(1387, 60, 'Order placed to <b>hasan patoary</b>', '2023-05-04 20:48:14', '2023-05-04 20:48:14'),
(1388, 60, 'Order placed to <b>Rabiul Islan</b>', '2023-05-04 20:52:47', '2023-05-04 20:52:47'),
(1389, 60, 'Order placed to <b>Nazrul Islam</b>', '2023-05-04 20:54:09', '2023-05-04 20:54:09'),
(1390, 60, 'Order placed to <b>hasan patoary</b>', '2023-05-04 21:01:37', '2023-05-04 21:01:37'),
(1391, 60, 'Order deleted for <b>hasan patoary</b>', '2023-05-04 21:23:44', '2023-05-04 21:23:44'),
(1392, 60, 'Income added for invoice #4', '2023-05-04 21:42:55', '2023-05-04 21:42:55'),
(1393, 59, 'Order return to 1', '2023-05-05 15:51:01', '2023-05-05 15:51:01'),
(1394, 60, 'New customer <b>Anwar hissain added by <b>Admin</b>', '2023-05-06 01:12:48', '2023-05-06 01:12:48'),
(1395, 60, 'Order placed to <b>Anwar hissain</b>', '2023-05-06 01:15:00', '2023-05-06 01:15:00'),
(1396, 60, 'Order return to 1', '2023-05-06 01:40:01', '2023-05-06 01:40:01'),
(1397, 60, 'Order placed to <b>Anwar hissain</b>', '2023-05-06 02:33:24', '2023-05-06 02:33:24'),
(1398, 60, 'New product/service unit <b>gauze</b> added by <b>Admin</b>', '2023-05-06 03:02:43', '2023-05-06 03:02:43'),
(1399, 60, 'Favorite order added by <b>Admin</b>', '2023-05-06 03:03:28', '2023-05-06 03:03:28'),
(1400, 60, 'Favorite order added by <b>Admin</b>', '2023-05-06 03:04:06', '2023-05-06 03:04:06'),
(1401, 60, 'Customer name change from <b>Anwar hissain</br> to <b>Anwar hissain</b> by <b>Admin</b>', '2023-05-06 03:07:56', '2023-05-06 03:07:56'),
(1402, 60, 'Customer name change from <b>Anwar hissain</br> to <b>Anwar hissain</b> by <b>Admin</b>', '2023-05-06 03:09:41', '2023-05-06 03:09:41'),
(1403, 60, 'Customer name change from <b>Anwar hissain</br> to <b>Anwar hissain</b> by <b>Admin</b>', '2023-05-06 03:10:31', '2023-05-06 03:10:31'),
(1404, 60, 'Customer name change from <b>Anwar hissain</br> to <b>Anwar hissain</b> by <b>Admin</b>', '2023-05-06 03:14:32', '2023-05-06 03:14:32'),
(1405, 60, 'Income added for invoice #5', '2023-05-06 03:16:58', '2023-05-06 03:16:58'),
(1406, 60, 'Income added for invoice #6', '2023-05-06 03:17:24', '2023-05-06 03:17:24'),
(1407, 60, 'New supplier Abul barakat added by Admin', '2023-05-06 03:32:05', '2023-05-06 03:32:05'),
(1408, 60, 'Purchase invoice <b>#4</b> placed', '2023-05-06 03:32:43', '2023-05-06 03:32:43'),
(1409, 60, 'New product name Test product 1 buy from supplier', '2023-05-06 03:32:43', '2023-05-06 03:32:43'),
(1410, 60, 'New product name Test product 2 buy from supplier', '2023-05-06 03:32:43', '2023-05-06 03:32:43'),
(1411, 60, 'New supplier samiul hasan added by Admin', '2023-05-06 14:50:23', '2023-05-06 14:50:23'),
(1412, 60, 'Purchase invoice <b>#5</b> placed', '2023-05-06 14:53:16', '2023-05-06 14:53:16'),
(1413, 60, 'New product name Test product 5 buy from supplier', '2023-05-06 14:53:16', '2023-05-06 14:53:16'),
(1414, 60, 'New product name Test product 6 buy from supplier', '2023-05-06 14:53:16', '2023-05-06 14:53:16'),
(1415, 60, 'New customer <b>md aninul islan added by <b>Admin</b>', '2023-05-06 14:57:52', '2023-05-06 14:57:52'),
(1416, 60, 'Order placed to <b>md aninul islan</b>', '2023-05-06 14:58:09', '2023-05-06 14:58:09'),
(1417, 60, 'Order return to 2', '2023-05-06 15:27:09', '2023-05-06 15:27:09'),
(1418, 60, 'Order return to 3', '2023-05-06 16:42:03', '2023-05-06 16:42:03'),
(1419, 60, 'New customer <b>md mabrur hasan talukdar added by <b>Admin</b>', '2023-05-06 17:40:32', '2023-05-06 17:40:32'),
(1420, 60, 'Customer name change from <b>md mabrur hasan talukdar sonet</br> to <b>md mabrur hasan talukdar sonet</b> by <b>Admin</b>', '2023-05-06 17:41:04', '2023-05-06 17:41:04'),
(1421, 60, 'New customer <b>Al Amin selim added by <b>Admin</b>', '2023-05-06 17:43:10', '2023-05-06 17:43:10'),
(1422, 60, 'Order placed to <b>Al Amin selim</b>', '2023-05-06 17:44:31', '2023-05-06 17:44:31'),
(1423, 60, 'Order return to 4', '2023-05-06 17:45:21', '2023-05-06 17:45:21'),
(1424, 60, 'Customer name change from <b>Al Amin selim</br> to <b>Al Amin selim</b> by <b>Admin</b>', '2023-05-06 17:47:15', '2023-05-06 17:47:15'),
(1425, 63, 'New supplier Abu Zafar added by Admin', '2023-05-06 18:16:18', '2023-05-06 18:16:18'),
(1426, 63, 'Purchase invoice <b>#1</b> placed', '2023-05-06 18:18:25', '2023-05-06 18:18:25'),
(1427, 63, 'New product name Test product 1 buy from supplier', '2023-05-06 18:18:25', '2023-05-06 18:18:25'),
(1428, 63, 'New product name Test product 2 buy from supplier', '2023-05-06 18:18:25', '2023-05-06 18:18:25'),
(1429, 63, 'New product name Test product 3 buy from supplier', '2023-05-06 18:18:25', '2023-05-06 18:18:25'),
(1430, 63, 'Order placed to <b>GUEST CUSTOMER</b>', '2023-05-06 18:22:24', '2023-05-06 18:22:24'),
(1431, 63, 'Purchase invoice #1 updated', '2023-05-07 01:15:50', '2023-05-07 01:15:50'),
(1432, 63, 'New product name Test product 1 buy from supplier', '2023-05-07 01:15:50', '2023-05-07 01:15:50'),
(1433, 63, 'New product name Test product 2 buy from supplier', '2023-05-07 01:15:50', '2023-05-07 01:15:50'),
(1434, 63, 'New product name Test product 3 buy from supplier', '2023-05-07 01:15:50', '2023-05-07 01:15:50'),
(1435, 63, 'New <b>product</b> name <b>Test product 1</b> updated by <b>Admin</b>', '2023-05-07 01:16:39', '2023-05-07 01:16:39'),
(1436, 63, 'Purchase invoice #1 updated', '2023-05-07 01:17:28', '2023-05-07 01:17:28'),
(1437, 63, 'New product name Test product 1 buy from supplier', '2023-05-07 01:17:28', '2023-05-07 01:17:28'),
(1438, 63, 'New product name Test product 2 buy from supplier', '2023-05-07 01:17:28', '2023-05-07 01:17:28'),
(1439, 63, 'New product name Test product 3 buy from supplier', '2023-05-07 01:17:28', '2023-05-07 01:17:28'),
(1440, 63, 'Purchase invoice #1 updated', '2023-05-07 01:18:09', '2023-05-07 01:18:09'),
(1441, 63, 'New product name Test product 1 buy from supplier', '2023-05-07 01:18:09', '2023-05-07 01:18:09'),
(1442, 63, 'New product name Test product 2 buy from supplier', '2023-05-07 01:18:09', '2023-05-07 01:18:09'),
(1443, 63, 'New product name Test product 3 buy from supplier', '2023-05-07 01:18:09', '2023-05-07 01:18:09'),
(1444, 63, 'New <b>product</b> name <b>Test product 1</b> updated by <b>Admin</b>', '2023-05-07 01:18:37', '2023-05-07 01:18:37'),
(1445, 63, 'New <b>product</b> name <b>Test product 3</b> updated by <b>Admin</b>', '2023-05-07 01:19:07', '2023-05-07 01:19:07'),
(1446, 63, 'New <b>product</b> name <b>Test product 3</b> updated by <b>Admin</b>', '2023-05-07 01:20:58', '2023-05-07 01:20:58'),
(1447, 63, 'New customer <b>juhurul islan added by <b>Admin</b>', '2023-05-07 01:36:37', '2023-05-07 01:36:37'),
(1448, 63, 'New <b>product</b> name <b>Test product 2</b> updated by <b>Admin</b>', '2023-05-07 02:25:46', '2023-05-07 02:25:46'),
(1449, 63, 'New <b>product</b> name <b>Test product 1</b> updated by <b>Admin</b>', '2023-05-07 02:26:53', '2023-05-07 02:26:53'),
(1450, 63, 'New customer <b>mominul hasan saber added by <b>Admin</b>', '2023-05-07 02:38:33', '2023-05-07 02:38:33'),
(1451, 63, 'Order placed to <b>mominul hasan saber</b>', '2023-05-07 02:40:39', '2023-05-07 02:40:39'),
(1452, 63, 'Purchase invoice <b>#1</b> returned', '2023-05-07 03:09:42', '2023-05-07 03:09:42'),
(1453, 64, 'New supplier shohel added by Admin', '2023-05-07 04:17:59', '2023-05-07 04:17:59'),
(1454, 64, 'Purchase invoice <b>#1</b> placed', '2023-05-07 04:18:23', '2023-05-07 04:18:23'),
(1455, 64, 'New product name Test product 1 buy from supplier', '2023-05-07 04:18:23', '2023-05-07 04:18:23'),
(1456, 64, 'New product name Test product 2 buy from supplier', '2023-05-07 04:18:23', '2023-05-07 04:18:23'),
(1457, 64, 'New customer <b>harun added by <b>Admin</b>', '2023-05-07 04:19:34', '2023-05-07 04:19:34'),
(1458, 64, 'Order placed to <b>harun</b>', '2023-05-07 04:19:59', '2023-05-07 04:19:59'),
(1459, 64, 'Order return to 1', '2023-05-07 04:22:12', '2023-05-07 04:22:12'),
(1460, 64, 'New customer <b>abdus salam added by <b>Admin</b>', '2023-05-07 15:00:45', '2023-05-07 15:00:45'),
(1461, 64, 'Order placed to <b>abdus salam</b>', '2023-05-07 15:02:02', '2023-05-07 15:02:02'),
(1462, 64, 'New supplier shaikat added by Admin', '2023-05-07 15:06:13', '2023-05-07 15:06:13'),
(1463, 64, 'Purchase invoice <b>#2</b> placed', '2023-05-07 15:10:35', '2023-05-07 15:10:35'),
(1464, 64, 'New product name Test product 3 buy from supplier', '2023-05-07 15:10:35', '2023-05-07 15:10:35'),
(1465, 64, 'New product name Test product 4 buy from supplier', '2023-05-07 15:10:35', '2023-05-07 15:10:35'),
(1466, 64, 'New product name Test product 5 buy from supplier', '2023-05-07 15:10:35', '2023-05-07 15:10:35'),
(1467, 63, 'New supplier taisul hasan monir added by Admin', '2023-05-07 15:32:16', '2023-05-07 15:32:16'),
(1468, 63, 'Purchase invoice <b>#2</b> placed', '2023-05-07 15:35:46', '2023-05-07 15:35:46'),
(1469, 63, 'New product name Test product 4 buy from supplier', '2023-05-07 15:35:46', '2023-05-07 15:35:46');
INSERT INTO `notifications` (`id`, `user_id`, `name`, `created_at`, `updated_at`) VALUES
(1470, 63, 'New product name Test product 5 buy from supplier', '2023-05-07 15:35:46', '2023-05-07 15:35:46'),
(1471, 63, 'Purchase invoice #2 updated', '2023-05-07 15:45:26', '2023-05-07 15:45:26'),
(1472, 63, 'New product name Test product 4 buy from supplier', '2023-05-07 15:45:26', '2023-05-07 15:45:26'),
(1473, 63, 'New product name Test product 5 buy from supplier', '2023-05-07 15:45:26', '2023-05-07 15:45:26'),
(1474, 48, 'New <b>product</b> name <b>laptop</b> updated by <b>Admin</b>', '2023-05-07 16:19:46', '2023-05-07 16:19:46'),
(1475, 63, 'Income title Hotel Rent added by Admin', '2023-05-07 16:34:33', '2023-05-07 16:34:33'),
(1476, 63, 'Purchase invoice <b>#2</b> returned', '2023-05-07 16:44:12', '2023-05-07 16:44:12'),
(1477, 63, 'Purchase invoice #2 updated', '2023-05-07 17:15:19', '2023-05-07 17:15:19'),
(1478, 63, 'New product name Test product 4 buy from supplier', '2023-05-07 17:15:19', '2023-05-07 17:15:19'),
(1479, 63, 'New product name Test product 5 buy from supplier', '2023-05-07 17:15:19', '2023-05-07 17:15:19'),
(1480, 64, 'New customer <b>gazi added by <b>Admin</b>', '2023-05-07 17:47:43', '2023-05-07 17:47:43'),
(1481, 64, 'Order placed to <b>gazi</b>', '2023-05-07 17:47:56', '2023-05-07 17:47:56'),
(1482, 64, 'New supplier samaun added by Admin', '2023-05-07 17:49:40', '2023-05-07 17:49:40'),
(1483, 64, 'Expense added for invoice #1', '2023-05-07 17:50:12', '2023-05-07 17:50:12'),
(1484, 64, 'Expense added for invoice #2', '2023-05-07 17:50:55', '2023-05-07 17:50:55'),
(1485, 64, 'Customer name change from <b>gazi</br> to <b>gazi</b> by <b>Admin</b>', '2023-05-07 17:51:56', '2023-05-07 17:51:56'),
(1486, 64, 'Customer name change from <b>abdus salam</br> to <b>abdus salam</b> by <b>Admin</b>', '2023-05-07 17:52:44', '2023-05-07 17:52:44'),
(1487, 64, 'Supplier <b>samaun</b> changed to <b>samaun</b> by <b>Admin</b>', '2023-05-07 17:54:15', '2023-05-07 17:54:15'),
(1488, 48, 'Purchase invoice <b>#7</b> placed', '2023-05-07 17:55:01', '2023-05-07 17:55:01'),
(1489, 48, 'New product name Rice buy from supplier', '2023-05-07 17:55:01', '2023-05-07 17:55:01'),
(1490, 64, 'Supplier <b>shaikat</b> changed to <b>shaikat</b> by <b>Admin</b>', '2023-05-07 18:12:50', '2023-05-07 18:12:50'),
(1491, 64, 'Supplier <b>shaikat</b> changed to <b>shaikat</b> by <b>Admin</b>', '2023-05-07 18:18:39', '2023-05-07 18:18:39'),
(1492, 64, 'Supplier <b>shaikat</b> changed to <b>shaikat</b> by <b>Admin</b>', '2023-05-07 18:18:56', '2023-05-07 18:18:56'),
(1493, 64, 'Customer name change from <b>harun</br> to <b>harun</b> by <b>Admin</b>', '2023-05-07 18:21:57', '2023-05-07 18:21:57'),
(1494, 64, 'Customer name change from <b>harun</br> to <b>harun</b> by <b>Admin</b>', '2023-05-07 18:22:27', '2023-05-07 18:22:27'),
(1495, 64, 'Customer name change from <b>harun</br> to <b>harun</b> by <b>Admin</b>', '2023-05-07 18:22:57', '2023-05-07 18:22:57'),
(1496, 64, 'Customer name change from <b>harun</br> to <b>harun</b> by <b>Admin</b>', '2023-05-07 18:26:55', '2023-05-07 18:26:55'),
(1497, 64, 'Customer name change from <b>harun</br> to <b>harun</b> by <b>Admin</b>', '2023-05-07 18:27:25', '2023-05-07 18:27:25'),
(1498, 64, 'Customer name change from <b>harun</br> to <b>harun</b> by <b>Admin</b>', '2023-05-07 18:29:41', '2023-05-07 18:29:41'),
(1499, 64, 'Order invoice #1 returned', '2023-05-07 18:37:40', '2023-05-07 18:37:40'),
(1503, 48, 'Purchase invoice <b>#8</b> placed', '2023-05-07 19:27:55', '2023-05-07 19:27:55'),
(1504, 48, 'New product name Egg buy from supplier', '2023-05-07 19:27:55', '2023-05-07 19:27:55'),
(1505, 48, 'Order placed to <b>GUEST CUSTOMER</b>', '2023-05-07 19:38:01', '2023-05-07 19:38:01'),
(1506, 60, 'Expense added for invoice #7', '2023-05-08 17:27:17', '2023-05-08 17:27:17'),
(1507, 64, 'Income added for invoice #3', '2023-05-09 03:04:26', '2023-05-09 03:04:26'),
(1508, 64, 'Purchase invoice <b>#3</b> placed', '2023-05-09 03:05:43', '2023-05-09 03:05:43'),
(1509, 64, 'New product name Test product 4 buy from supplier', '2023-05-09 03:05:43', '2023-05-09 03:05:43'),
(1512, 64, 'New customer <b>mosiur added by <b>Admin</b>', '2023-05-09 03:08:33', '2023-05-09 03:08:33'),
(1515, 64, 'Expense added for invoice #4', '2023-05-09 03:11:15', '2023-05-09 03:11:15'),
(1516, 64, 'Expense added for invoice #5', '2023-05-09 03:12:51', '2023-05-09 03:12:51'),
(1517, 64, 'Income added for invoice #6', '2023-05-09 03:13:44', '2023-05-09 03:13:44'),
(1520, 64, 'Favorite order added by <b>Admin</b>', '2023-05-09 03:15:28', '2023-05-09 03:15:28'),
(1522, 64, 'Income added for invoice #7', '2023-05-09 03:17:34', '2023-05-09 03:17:34'),
(1523, 64, 'New <b>product</b> name <b>Test product 1</b> updated by <b>Admin</b>', '2023-05-09 03:19:27', '2023-05-09 03:19:27'),
(1524, 64, 'New <b>product</b> name <b>Test product 1</b> updated by <b>Admin</b>', '2023-05-09 03:19:56', '2023-05-09 03:19:56'),
(1525, 64, 'New <b>product</b> name <b>Test product 1</b> updated by <b>Admin</b>', '2023-05-09 03:20:26', '2023-05-09 03:20:26'),
(1526, 64, 'New <b>product</b> name <b>Test product 1</b> updated by <b>Admin</b>', '2023-05-09 03:20:52', '2023-05-09 03:20:52'),
(1527, 64, 'New <b>product</b> name <b>Test product 2</b> updated by <b>Admin</b>', '2023-05-09 03:22:00', '2023-05-09 03:22:00'),
(1531, 64, 'New customer <b>Ali Reza added by <b>Admin</b>', '2023-05-09 19:15:41', '2023-05-09 19:15:41'),
(1533, 63, 'New <b>product</b> name <b>Test product 4</b> updated by <b>Admin</b>', '2023-05-09 19:28:52', '2023-05-09 19:28:52'),
(1534, 63, 'New supplier Zafar Ali matabbor added by Admin', '2023-05-09 19:39:46', '2023-05-09 19:39:46'),
(1535, 63, 'Purchase invoice <b>#3</b> placed', '2023-05-09 19:43:43', '2023-05-09 19:43:43'),
(1536, 63, 'New product name Test product 1 buy from supplier', '2023-05-09 19:43:43', '2023-05-09 19:43:43'),
(1537, 63, 'New product name Test product 4 buy from supplier', '2023-05-09 19:43:43', '2023-05-09 19:43:43'),
(1538, 63, 'New product name Test product 5 buy from supplier', '2023-05-09 19:43:43', '2023-05-09 19:43:43'),
(1539, 63, 'New customer <b>masum Ali added by <b>Admin</b>', '2023-05-09 21:04:29', '2023-05-09 21:04:29'),
(1542, 63, 'Favorite order added by <b>Admin</b>', '2023-05-09 21:05:22', '2023-05-09 21:05:22'),
(1548, 64, 'Income added for invoice #8', '2023-05-10 15:23:59', '2023-05-10 15:23:59'),
(1549, 64, 'Income added for invoice #9', '2023-05-10 15:25:04', '2023-05-10 15:25:04'),
(1550, 64, 'Purchase invoice <b>#4</b> placed', '2023-05-10 15:29:10', '2023-05-10 15:29:10'),
(1551, 64, 'New product name Test product 1 buy from supplier', '2023-05-10 15:29:10', '2023-05-10 15:29:10'),
(1552, 63, 'Income added for invoice #1', '2023-05-10 19:12:44', '2023-05-10 19:12:44'),
(1554, 63, 'Income added for invoice #2', '2023-05-10 19:26:56', '2023-05-10 19:26:56'),
(1555, 63, 'Expense added for invoice #3', '2023-05-10 19:33:21', '2023-05-10 19:33:21'),
(1556, 63, 'Expense added for invoice #4', '2023-05-10 19:34:11', '2023-05-10 19:34:11'),
(1559, 63, 'New supplier alamgir added by Admin', '2023-05-10 20:11:01', '2023-05-10 20:11:01'),
(1560, 63, 'Purchase invoice <b>#4</b> placed', '2023-05-10 20:12:29', '2023-05-10 20:12:29'),
(1561, 63, 'New product name Test product 6 buy from supplier', '2023-05-10 20:12:29', '2023-05-10 20:12:29'),
(1562, 63, 'New product name Test product 7 buy from supplier', '2023-05-10 20:12:29', '2023-05-10 20:12:29'),
(1563, 63, 'Purchase invoice <b>#3</b> returned', '2023-05-10 20:26:12', '2023-05-10 20:26:12'),
(1564, 63, 'New customer <b>atiur added by <b>Admin</b>', '2023-05-11 03:37:03', '2023-05-11 03:37:03'),
(1565, 63, 'New supplier ab samad added by Admin', '2023-05-11 03:37:32', '2023-05-11 03:37:32'),
(1566, 60, 'Purchase invoice <b>#1</b> returned', '2023-05-11 21:29:10', '2023-05-11 21:29:10'),
(1567, 64, 'New supplier Sumon added by Admin', '2023-05-12 03:44:47', '2023-05-12 03:44:47'),
(1568, 64, 'Purchase invoice <b>#5</b> placed', '2023-05-12 03:47:40', '2023-05-12 03:47:40'),
(1569, 64, 'New product name Test product 8 buy from supplier', '2023-05-12 03:47:40', '2023-05-12 03:47:40'),
(1570, 64, 'New product name Test product 9 buy from supplier', '2023-05-12 03:47:40', '2023-05-12 03:47:40'),
(1571, 64, 'Purchase invoice <b>#6</b> placed', '2023-05-12 03:47:40', '2023-05-12 03:47:40'),
(1572, 64, 'New product name Test product 8 buy from supplier', '2023-05-12 03:47:40', '2023-05-12 03:47:40'),
(1573, 64, 'New product name Test product 9 buy from supplier', '2023-05-12 03:47:40', '2023-05-12 03:47:40'),
(1574, 64, 'New customer <b>Fahim added by <b>Admin</b>', '2023-05-12 03:49:59', '2023-05-12 03:49:59'),
(1575, 64, 'Order placed to <b>Fahim</b>', '2023-05-12 03:50:43', '2023-05-12 03:50:43'),
(1576, 64, 'Income added for invoice #10', '2023-05-12 03:53:35', '2023-05-12 03:53:35'),
(1577, 64, 'Income added for invoice #11', '2023-05-12 03:54:46', '2023-05-12 03:54:46'),
(1578, 64, 'Order placed to <b>GUEST CUSTOMER</b>', '2023-05-12 03:59:26', '2023-05-12 03:59:26'),
(1579, 64, 'Income added for invoice #12', '2023-05-12 04:03:55', '2023-05-12 04:03:55'),
(1580, 64, 'Order placed to <b>Fahim</b>', '2023-05-12 04:10:50', '2023-05-12 04:10:50'),
(1581, 64, 'Order placed to <b>GUEST CUSTOMER</b>', '2023-05-12 04:20:33', '2023-05-12 04:20:33'),
(1582, 64, 'Purchase invoice <b>#7</b> placed', '2023-05-12 04:27:49', '2023-05-12 04:27:49'),
(1583, 64, 'New product name Test product 1 buy from supplier', '2023-05-12 04:27:49', '2023-05-12 04:27:49'),
(1584, 64, 'New <b>product</b> name <b>Test product 8</b> updated by <b>Admin</b>', '2023-05-12 04:30:39', '2023-05-12 04:30:39'),
(1585, 64, 'New <b>product</b> name <b>Test product 8</b> updated by <b>Admin</b>', '2023-05-12 04:31:41', '2023-05-12 04:31:41'),
(1586, 64, 'Income added for invoice #13', '2023-05-12 04:36:15', '2023-05-12 04:36:15'),
(1587, 64, 'Order placed to <b>GUEST CUSTOMER</b>', '2023-05-12 04:39:56', '2023-05-12 04:39:56'),
(1588, 64, 'New <b>service</b> name <b>Test service 1</b> added by <b>Admin</b>', '2023-05-12 04:42:28', '2023-05-12 04:42:28'),
(1589, 64, 'Order placed to <b>GUEST CUSTOMER</b>', '2023-05-12 04:44:58', '2023-05-12 04:44:58'),
(1590, 64, 'Income added for invoice #14', '2023-05-12 19:52:46', '2023-05-12 19:52:46'),
(1591, 64, 'New customer <b>Aslam khan added by <b>Admin</b>', '2023-05-12 20:00:40', '2023-05-12 20:00:40'),
(1592, 64, 'New customer <b>James added by <b>Admin</b>', '2023-05-12 20:02:28', '2023-05-12 20:02:28'),
(1593, 64, 'Order placed to <b>GUEST CUSTOMER</b>', '2023-05-12 20:10:27', '2023-05-12 20:10:27'),
(1594, 64, 'Purchase invoice <b>#8</b> placed', '2023-05-13 02:22:59', '2023-05-13 02:22:59'),
(1595, 64, 'New product name Test product 8 buy from supplier', '2023-05-13 02:22:59', '2023-05-13 02:22:59'),
(1596, 64, 'New product name Test product 3 buy from supplier', '2023-05-13 02:22:59', '2023-05-13 02:22:59'),
(1597, 64, 'Purchase invoice <b>#1</b> returned', '2023-05-13 02:24:46', '2023-05-13 02:24:46'),
(1598, 64, 'New customer <b>zamilur Reza added by <b>Admin</b>', '2023-05-13 16:03:40', '2023-05-13 16:03:40'),
(1599, 64, 'New customer <b>khabirul islan added by <b>Admin</b>', '2023-05-13 16:06:30', '2023-05-13 16:06:30'),
(1600, 65, 'New customer <b>Mr Jamil chowdhury added by <b>Admin</b>', '2023-05-13 19:14:23', '2023-05-13 19:14:23'),
(1601, 65, 'Customer name change from <b>Mr Jamil chowdhury</br> to <b>Mr Jamil chowdhury</b> by <b>Admin</b>', '2023-05-13 19:15:32', '2023-05-13 19:15:32'),
(1602, 65, 'Income added for invoice #1', '2023-05-13 19:16:31', '2023-05-13 19:16:31'),
(1603, 65, 'Income added for invoice #2', '2023-05-13 19:17:59', '2023-05-13 19:17:59'),
(1604, 65, 'New supplier Mr Hasan added by Admin', '2023-05-13 19:19:42', '2023-05-13 19:19:42'),
(1605, 65, 'Expense added for invoice #3', '2023-05-13 19:21:00', '2023-05-13 19:21:00'),
(1606, 65, 'Expense added for invoice #4', '2023-05-13 19:24:07', '2023-05-13 19:24:07'),
(1607, 65, 'Purchase invoice <b>#1</b> placed', '2023-05-13 19:30:52', '2023-05-13 19:30:52'),
(1608, 65, 'New product name Test product 1 buy from supplier', '2023-05-13 19:30:52', '2023-05-13 19:30:52'),
(1609, 65, 'New product name Test product 2 buy from supplier', '2023-05-13 19:30:52', '2023-05-13 19:30:52'),
(1610, 65, 'New <b>product</b> name <b>Test product 1</b> updated by <b>Admin</b>', '2023-05-13 19:32:58', '2023-05-13 19:32:58'),
(1611, 65, 'New <b>product</b> name <b>Test product 1</b> updated by <b>Admin</b>', '2023-05-13 19:33:40', '2023-05-13 19:33:40'),
(1612, 65, 'New <b>product</b> name <b>Test product 2</b> updated by <b>Admin</b>', '2023-05-13 19:34:59', '2023-05-13 19:34:59'),
(1613, 65, 'Purchase invoice #1 updated', '2023-05-13 19:36:05', '2023-05-13 19:36:05'),
(1614, 65, 'New product name Test product 1 buy from supplier', '2023-05-13 19:36:05', '2023-05-13 19:36:05'),
(1615, 65, 'New product name Test product 2 buy from supplier', '2023-05-13 19:36:05', '2023-05-13 19:36:05'),
(1616, 65, 'Purchase invoice #1 updated', '2023-05-13 19:37:22', '2023-05-13 19:37:22'),
(1617, 65, 'New product name Test product 1 buy from supplier', '2023-05-13 19:37:22', '2023-05-13 19:37:22'),
(1618, 65, 'New product name Test product 2 buy from supplier', '2023-05-13 19:37:22', '2023-05-13 19:37:22'),
(1619, 65, 'New supplier Mr kaswr added by Admin', '2023-05-13 19:39:36', '2023-05-13 19:39:36'),
(1620, 65, 'Purchase invoice <b>#2</b> placed', '2023-05-13 19:40:12', '2023-05-13 19:40:12'),
(1621, 65, 'New product name Test product 1 buy from supplier', '2023-05-13 19:40:12', '2023-05-13 19:40:12'),
(1622, 65, 'Purchase invoice #2 updated', '2023-05-13 19:41:18', '2023-05-13 19:41:18'),
(1623, 65, 'New product name Test product 1 buy from supplier', '2023-05-13 19:41:18', '2023-05-13 19:41:18'),
(1624, 65, 'Purchase invoice #2 updated', '2023-05-13 19:41:18', '2023-05-13 19:41:18'),
(1625, 65, 'New product name Test product 1 buy from supplier', '2023-05-13 19:41:18', '2023-05-13 19:41:18'),
(1626, 65, 'Purchase invoice #2 updated', '2023-05-13 19:41:18', '2023-05-13 19:41:18'),
(1627, 65, 'New product name Test product 1 buy from supplier', '2023-05-13 19:41:18', '2023-05-13 19:41:18'),
(1628, 65, 'Purchase invoice #2 updated', '2023-05-13 19:41:18', '2023-05-13 19:41:18'),
(1629, 65, 'New product name Test product 1 buy from supplier', '2023-05-13 19:41:18', '2023-05-13 19:41:18'),
(1630, 65, 'Purchase invoice #2 updated', '2023-05-13 19:41:20', '2023-05-13 19:41:20'),
(1631, 65, 'Expense added for invoice #5', '2023-05-15 15:04:20', '2023-05-15 15:04:20'),
(1632, 65, 'Expense added for invoice #6', '2023-05-15 15:04:48', '2023-05-15 15:04:48'),
(1633, 65, 'Order placed to <b>Mr Jamil chowdhury</b>', '2023-05-15 15:07:34', '2023-05-15 15:07:34'),
(1634, 65, 'Purchase invoice #1 updated', '2023-05-15 15:08:58', '2023-05-15 15:08:58'),
(1635, 65, 'New product name Test product 1 buy from supplier', '2023-05-15 15:08:58', '2023-05-15 15:08:58'),
(1636, 65, 'New product name Test product 2 buy from supplier', '2023-05-15 15:08:58', '2023-05-15 15:08:58'),
(1637, 65, 'Purchase invoice #1 updated', '2023-05-15 15:10:05', '2023-05-15 15:10:05'),
(1638, 65, 'New product name Test product 1 buy from supplier', '2023-05-15 15:10:05', '2023-05-15 15:10:05'),
(1639, 65, 'New product name Test product 2 buy from supplier', '2023-05-15 15:10:05', '2023-05-15 15:10:05'),
(1640, 65, 'New customer <b>Nodi added by <b>Admin</b>', '2023-05-15 15:15:02', '2023-05-15 15:15:02'),
(1641, 65, 'Order placed to <b>Nodi</b>', '2023-05-15 15:16:02', '2023-05-15 15:16:02'),
(1642, 65, 'Payment type title Nagad added by Admin', '2023-05-15 15:23:50', '2023-05-15 15:23:50'),
(1643, 65, 'Income added for invoice #7', '2023-05-15 15:32:21', '2023-05-15 15:32:21'),
(1644, 48, 'Order return to 1', '2023-05-15 23:18:11', '2023-05-15 23:18:11'),
(1645, 65, 'Income added for invoice #8', '2023-05-16 03:45:00', '2023-05-16 03:45:00'),
(1646, 65, 'Income updated for invoice #8', '2023-05-16 03:45:15', '2023-05-16 03:45:15'),
(1647, 65, 'New <b>product</b> name <b>Test product 1</b> updated by <b>Admin</b>', '2023-05-16 03:47:24', '2023-05-16 03:47:24'),
(1648, 65, 'Income added for invoice #9', '2023-05-16 03:48:58', '2023-05-16 03:48:58'),
(1649, 65, 'Expense added for invoice #10', '2023-05-16 03:50:29', '2023-05-16 03:50:29'),
(1650, 65, 'Expense updated for invoice #10', '2023-05-16 03:50:50', '2023-05-16 03:50:50'),
(1651, 65, 'Income updated for invoice #9', '2023-05-16 03:51:51', '2023-05-16 03:51:51'),
(1652, 65, 'Income updated for invoice #9', '2023-05-16 03:56:12', '2023-05-16 03:56:12'),
(1653, 65, 'Income updated for invoice #9', '2023-05-16 03:56:49', '2023-05-16 03:56:49'),
(1654, 65, 'New supplier mafiqul added by Admin', '2023-05-16 03:58:08', '2023-05-16 03:58:08'),
(1655, 65, 'Expense added for invoice #11', '2023-05-16 03:58:24', '2023-05-16 03:58:24'),
(1656, 65, 'New customer <b>Jamil added by <b>Admin</b>', '2023-05-16 04:00:56', '2023-05-16 04:00:56'),
(1657, 65, 'Customer name change from <b>Jamil</br> to <b>Jamil</b> by <b>Admin</b>', '2023-05-16 04:01:42', '2023-05-16 04:01:42'),
(1658, 65, 'Income updated for invoice #9', '2023-05-16 04:04:18', '2023-05-16 04:04:18'),
(1659, 65, 'Income added for invoice #12', '2023-05-16 04:05:07', '2023-05-16 04:05:07'),
(1660, 65, 'New customer <b>ab salam added by <b>Admin</b>', '2023-05-16 04:07:13', '2023-05-16 04:07:13'),
(1661, 65, 'Income added for invoice #13', '2023-05-16 04:07:58', '2023-05-16 04:07:58'),
(1662, 65, 'Income updated for invoice #12', '2023-05-16 04:09:41', '2023-05-16 04:09:41'),
(1663, 65, 'Order placed to <b>ab salam</b>', '2023-05-16 04:11:15', '2023-05-16 04:11:15'),
(1664, 65, 'Order placed to <b>ab salam</b>', '2023-05-16 04:12:01', '2023-05-16 04:12:01'),
(1665, 65, 'Income updated for invoice #13', '2023-05-16 04:13:00', '2023-05-16 04:13:00'),
(1666, 65, 'Income updated for invoice #8', '2023-05-16 21:34:42', '2023-05-16 21:34:42'),
(1667, 65, 'New <b>product</b> name <b>Test product 2</b> updated by <b>Admin</b>', '2023-05-16 21:37:37', '2023-05-16 21:37:37'),
(1668, 65, 'New <b>product</b> name <b>Test product 2</b> updated by <b>Admin</b>', '2023-05-16 21:38:25', '2023-05-16 21:38:25'),
(1669, 66, 'New supplier Hasan Pallabi added by Admin', '2023-05-18 00:36:13', '2023-05-18 00:36:13'),
(1670, 66, 'Purchase invoice <b>#1</b> placed', '2023-05-18 00:44:06', '2023-05-18 00:44:06'),
(1671, 66, 'New product name Test product 1 buy from supplier', '2023-05-18 00:44:06', '2023-05-18 00:44:06'),
(1672, 66, 'New product name Test product 2 buy from supplier', '2023-05-18 00:44:06', '2023-05-18 00:44:06'),
(1673, 66, 'New product name Test product 3 buy from supplier', '2023-05-18 00:44:06', '2023-05-18 00:44:06'),
(1674, 66, 'Purchase invoice <b>#2</b> placed', '2023-05-18 01:27:51', '2023-05-18 01:27:51'),
(1675, 66, 'New product name Test product 1 buy from supplier', '2023-05-18 01:27:51', '2023-05-18 01:27:51'),
(1676, 66, 'New product name Test product 2 buy from supplier', '2023-05-18 01:27:51', '2023-05-18 01:27:51'),
(1677, 66, 'New product name Test product 3 buy from supplier', '2023-05-18 01:27:51', '2023-05-18 01:27:51'),
(1678, 66, 'New supplier Nabin talukder added by Admin', '2023-05-18 02:14:56', '2023-05-18 02:14:56'),
(1679, 66, 'Purchase invoice <b>#3</b> placed', '2023-05-18 02:26:41', '2023-05-18 02:26:41'),
(1680, 66, 'New product name Test product 3 buy from supplier', '2023-05-18 02:26:41', '2023-05-18 02:26:41'),
(1681, 66, 'New product name Test product 4 buy from supplier', '2023-05-18 02:26:41', '2023-05-18 02:26:41'),
(1682, 66, 'New product/service unit <b>teen</b> added by <b>Admin</b>', '2023-05-18 03:08:48', '2023-05-18 03:08:48'),
(1683, 66, 'New product/service unit <b>Car Wash</b> added by <b>Admin</b>', '2023-05-18 03:10:59', '2023-05-18 03:10:59'),
(1684, 66, 'New product/service unit <b>teen</b> deleted by <b>Admin</b>', '2023-05-18 03:11:20', '2023-05-18 03:11:20'),
(1685, 66, 'New <b>service</b> name <b>Test Service</b> added by <b>Admin</b>', '2023-05-18 03:12:42', '2023-05-18 03:12:42'),
(1686, 66, 'Favorite order added by <b>Admin</b>', '2023-05-18 03:15:30', '2023-05-18 03:15:30'),
(1687, 66, 'Favorite order added by <b>Admin</b>', '2023-05-18 03:16:10', '2023-05-18 03:16:10'),
(1688, 66, 'New customer <b>Ruhul added by <b>Admin</b>', '2023-05-18 03:17:30', '2023-05-18 03:17:30'),
(1689, 66, 'Favorite order added by <b>Admin</b>', '2023-05-18 03:18:02', '2023-05-18 03:18:02'),
(1690, 66, 'New supplier Mohiuddin added by Admin', '2023-05-18 20:49:51', '2023-05-18 20:49:51'),
(1691, 66, 'Purchase invoice <b>#4</b> placed', '2023-05-18 20:59:56', '2023-05-18 20:59:56'),
(1692, 66, 'New product name Test product 1 buy from supplier', '2023-05-18 20:59:56', '2023-05-18 20:59:56'),
(1693, 66, 'New product name Test product 5 buy from supplier', '2023-05-18 20:59:56', '2023-05-18 20:59:56'),
(1694, 66, 'Purchase invoice #2 updated', '2023-05-18 21:44:35', '2023-05-18 21:44:35'),
(1695, 66, 'New product name Test product 2 buy from supplier', '2023-05-18 21:44:35', '2023-05-18 21:44:35'),
(1696, 66, 'New product name Test product 3 buy from supplier', '2023-05-18 21:44:35', '2023-05-18 21:44:35'),
(1697, 66, 'Purchase invoice <b>#1</b> returned', '2023-05-18 22:29:56', '2023-05-18 22:29:56'),
(1698, 66, 'Purchase invoice <b>#2</b> returned', '2023-05-19 16:26:13', '2023-05-19 16:26:13'),
(1699, 66, 'New <b>product</b> name <b>Test product 2</b> updated by <b>Admin</b>', '2023-05-19 23:28:16', '2023-05-19 23:28:16'),
(1700, 66, 'New <b>service</b> name <b>Test Service</b> updated by <b>Admin</b>', '2023-05-19 23:52:20', '2023-05-19 23:52:20'),
(1701, 66, 'New customer <b>saiful islan added by <b>Admin</b>', '2023-05-20 00:00:51', '2023-05-20 00:00:51'),
(1702, 66, 'Favorite order added by <b>Admin</b>', '2023-05-20 00:03:38', '2023-05-20 00:03:38'),
(1703, 66, 'Customer name change from <b>saiful islan</br> to <b>saiful islan</b> by <b>Admin</b>', '2023-05-20 00:04:07', '2023-05-20 00:04:07'),
(1704, 66, 'Order placed to <b>saiful islan</b>', '2023-05-20 00:17:33', '2023-05-20 00:17:33'),
(1705, 66, 'Order placed to <b>saiful islan</b>', '2023-05-20 01:54:33', '2023-05-20 01:54:33'),
(1706, 66, 'New customer <b>moinul islan added by <b>Admin</b>', '2023-05-20 15:30:59', '2023-05-20 15:30:59'),
(1707, 66, 'Order placed to <b>moinul islan</b>', '2023-05-20 15:32:20', '2023-05-20 15:32:20'),
(1708, 66, 'New customer <b>abul kalam added by <b>Admin</b>', '2023-05-20 16:13:16', '2023-05-20 16:13:16'),
(1709, 66, 'Order placed to <b>abul kalam</b>', '2023-05-20 16:14:51', '2023-05-20 16:14:51'),
(1710, 66, 'Order return to 1', '2023-05-20 17:39:25', '2023-05-20 17:39:25'),
(1711, 66, 'Order placed to <b>GUEST CUSTOMER</b>', '2023-05-20 18:36:51', '2023-05-20 18:36:51'),
(1712, 66, 'Favorite order added by <b>Admin</b>', '2023-05-21 01:27:46', '2023-05-21 01:27:46'),
(1713, 66, 'Order placed to <b>abul kalam</b>', '2023-05-21 01:28:53', '2023-05-21 01:28:53'),
(1714, 66, 'Order deleted for <b>abul kalam</b>', '2023-05-21 02:00:53', '2023-05-21 02:00:53'),
(1715, 66, 'Order placed to <b>abul kalam</b>', '2023-05-21 02:26:54', '2023-05-21 02:26:54'),
(1716, 66, 'Order placed to <b>abul kalam</b>', '2023-05-21 02:27:44', '2023-05-21 02:27:44'),
(1717, 66, 'Order deleted for <b>abul kalam</b>', '2023-05-21 02:28:39', '2023-05-21 02:28:39'),
(1718, 66, 'New product/service unit <b>Botles</b> added by <b>Admin</b>', '2023-05-21 02:54:04', '2023-05-21 02:54:04'),
(1719, 66, 'Customer name change from <b>abul kalam</br> to <b>abul kalam</b> by <b>Admin</b>', '2023-05-21 03:06:05', '2023-05-21 03:06:05'),
(1720, 66, 'Customer name change from <b>abul kalam</br> to <b>abul kalam</b> by <b>Admin</b>', '2023-05-21 03:10:59', '2023-05-21 03:10:59'),
(1721, 66, 'Income added for invoice #1', '2023-05-21 03:18:33', '2023-05-21 03:18:33'),
(1722, 66, 'Expense added for invoice #2', '2023-05-21 03:31:35', '2023-05-21 03:31:35'),
(1723, 66, 'Income added for invoice #3', '2023-05-21 04:08:57', '2023-05-21 04:08:57'),
(1724, 66, 'Expense added for invoice #4', '2023-05-21 04:19:41', '2023-05-21 04:19:41'),
(1725, 66, 'Income added for invoice #5', '2023-05-21 16:27:59', '2023-05-21 16:27:59'),
(1726, 66, 'Expense added for invoice #6', '2023-05-21 16:51:12', '2023-05-21 16:51:12'),
(1727, 66, 'Income added for invoice #7', '2023-05-21 17:07:30', '2023-05-21 17:07:30'),
(1728, 66, 'Expense updated for invoice #6', '2023-05-21 17:18:21', '2023-05-21 17:18:21'),
(1729, 66, 'Order return to 2', '2023-05-21 21:19:07', '2023-05-21 21:19:07'),
(1730, 66, 'Order return to 3', '2023-05-21 21:42:24', '2023-05-21 21:42:24'),
(1731, 66, 'Favorite order added by <b>Admin</b>', '2023-05-21 21:54:54', '2023-05-21 21:54:54'),
(1732, 66, 'Favorite order added by <b>Admin</b>', '2023-05-21 21:55:19', '2023-05-21 21:55:19'),
(1733, 66, 'Order placed to <b>abul kalam</b>', '2023-05-21 22:04:23', '2023-05-21 22:04:23'),
(1734, 66, 'Income added for invoice #8', '2023-05-21 22:48:55', '2023-05-21 22:48:55'),
(1735, 66, 'Income updated for invoice #8', '2023-05-21 22:49:52', '2023-05-21 22:49:52'),
(1736, 66, 'Expense added for invoice #9', '2023-05-21 22:53:51', '2023-05-21 22:53:51'),
(1737, 67, 'New customer <b>majhar added by <b>Admin</b>', '2023-05-22 03:02:46', '2023-05-22 03:02:46'),
(1738, 67, 'Income added for invoice #1', '2023-05-22 03:03:14', '2023-05-22 03:03:14'),
(1739, 67, 'Income updated for invoice #1', '2023-05-22 03:05:24', '2023-05-22 03:05:24'),
(1740, 67, 'New customer <b>hasan patoary added by <b>Admin</b>', '2023-05-22 03:09:30', '2023-05-22 03:09:30'),
(1741, 67, 'Income added for invoice #2', '2023-05-22 03:09:39', '2023-05-22 03:09:39'),
(1742, 67, 'New supplier Test supplier 1 added by Admin', '2023-05-22 03:12:36', '2023-05-22 03:12:36'),
(1743, 67, 'Expense added for invoice #3', '2023-05-22 03:13:01', '2023-05-22 03:13:01'),
(1744, 67, 'Income updated for invoice #2', '2023-05-22 03:14:24', '2023-05-22 03:14:24'),
(1745, 67, 'Income updated for invoice #1', '2023-05-22 03:15:25', '2023-05-22 03:15:25'),
(1746, 67, 'Expense updated for invoice #3', '2023-05-22 03:16:54', '2023-05-22 03:16:54'),
(1747, 67, 'Income updated for invoice #2', '2023-05-22 03:21:41', '2023-05-22 03:21:41'),
(1748, 67, 'Income updated for invoice #2', '2023-05-22 03:25:23', '2023-05-22 03:25:23'),
(1749, 67, 'Payment type title Nagad added by Admin', '2023-05-22 04:28:05', '2023-05-22 04:28:05'),
(1750, 67, 'Purchase invoice <b>#1</b> placed', '2023-05-22 04:31:40', '2023-05-22 04:31:40'),
(1751, 67, 'New product name Test 1 buy from supplier', '2023-05-22 04:31:40', '2023-05-22 04:31:40'),
(1752, 67, 'Income updated for invoice #2', '2023-05-22 13:31:49', '2023-05-22 13:31:49'),
(1753, 67, 'Purchase invoice #1 updated', '2023-05-22 13:33:21', '2023-05-22 13:33:21'),
(1754, 67, 'New product name Test 1 buy from supplier', '2023-05-22 13:33:21', '2023-05-22 13:33:21'),
(1755, 67, 'New <b>product</b> name <b>Test 1</b> updated by <b>Admin</b>', '2023-05-22 13:35:21', '2023-05-22 13:35:21'),
(1756, 67, 'New <b>product</b> name <b>Test 1</b> updated by <b>Admin</b>', '2023-05-22 13:35:58', '2023-05-22 13:35:58'),
(1757, 67, 'New <b>product</b> name <b>Test 1</b> updated by <b>Admin</b>', '2023-05-22 13:36:18', '2023-05-22 13:36:18'),
(1758, 67, 'Income updated for invoice #2', '2023-05-22 13:39:53', '2023-05-22 13:39:53'),
(1759, 67, 'Expense added for invoice #4', '2023-05-22 13:40:58', '2023-05-22 13:40:58'),
(1760, 66, 'Income added for invoice #10', '2023-05-22 14:22:38', '2023-05-22 14:22:38'),
(1761, 66, 'Income updated for invoice #10', '2023-05-22 14:22:50', '2023-05-22 14:22:50'),
(1762, 66, 'Income updated for invoice #10', '2023-05-22 14:23:46', '2023-05-22 14:23:46'),
(1763, 66, 'Income added for invoice #11', '2023-05-22 14:25:04', '2023-05-22 14:25:04'),
(1764, 66, 'Income added for invoice #12', '2023-05-22 14:25:39', '2023-05-22 14:25:39'),
(1765, 66, 'Income added for invoice #13', '2023-05-22 15:03:05', '2023-05-22 15:03:05'),
(1766, 66, 'Income updated for invoice #13', '2023-05-22 15:04:29', '2023-05-22 15:04:29'),
(1767, 68, 'New supplier Foisal added by Admin', '2023-05-22 15:37:14', '2023-05-22 15:37:14'),
(1768, 68, 'Supplier <b>Foisal</b> changed to <b>Foisal</b> by <b>Admin</b>', '2023-05-22 15:37:39', '2023-05-22 15:37:39'),
(1769, 68, 'Purchase invoice <b>#1</b> placed', '2023-05-22 15:41:00', '2023-05-22 15:41:00'),
(1770, 68, 'New product name Potato buy from supplier', '2023-05-22 15:41:00', '2023-05-22 15:41:00'),
(1771, 68, 'New product name Lux Soap buy from supplier', '2023-05-22 15:41:00', '2023-05-22 15:41:00'),
(1772, 66, 'Income added for invoice #14', '2023-05-22 18:13:29', '2023-05-22 18:13:29'),
(1773, 66, 'Income updated for invoice #14', '2023-05-22 18:24:13', '2023-05-22 18:24:13'),
(1774, 66, 'Income updated for invoice #14', '2023-05-22 18:25:44', '2023-05-22 18:25:44'),
(1775, 66, 'Income updated for invoice #14', '2023-05-22 18:27:01', '2023-05-22 18:27:01'),
(1776, 66, 'Expense added for invoice #15', '2023-05-22 18:39:51', '2023-05-22 18:39:51'),
(1777, 66, 'Expense updated for invoice #15', '2023-05-22 18:47:11', '2023-05-22 18:47:11'),
(1778, 48, 'Income added for invoice #5', '2023-05-22 22:15:42', '2023-05-22 22:15:42'),
(1779, 48, 'Purchase invoice <b>#9</b> placed', '2023-05-22 22:16:38', '2023-05-22 22:16:38'),
(1780, 48, 'New product name Egg buy from supplier', '2023-05-22 22:16:38', '2023-05-22 22:16:38'),
(1781, 71, 'New customer <b>majhar added by <b>Admin</b>', '2023-05-23 17:24:33', '2023-05-23 17:24:33'),
(1782, 71, 'Income added for invoice #1', '2023-05-23 17:24:51', '2023-05-23 17:24:51'),
(1783, 71, 'Income updated for invoice #1', '2023-05-23 17:25:13', '2023-05-23 17:25:13'),
(1784, 71, 'New customer <b>Raihan added by <b>Admin</b>', '2023-05-23 17:28:13', '2023-05-23 17:28:13'),
(1785, 71, 'New supplier Abu adnan added by Admin', '2023-05-23 17:30:55', '2023-05-23 17:30:55'),
(1786, 71, 'Purchase invoice <b>#1</b> placed', '2023-05-23 17:40:12', '2023-05-23 17:40:12'),
(1787, 71, 'New product name Test product 1 buy from supplier', '2023-05-23 17:40:12', '2023-05-23 17:40:12'),
(1788, 71, 'New product name Test product 2 buy from supplier', '2023-05-23 17:40:12', '2023-05-23 17:40:12'),
(1789, 71, 'Purchase invoice <b>#2</b> placed', '2023-05-23 17:40:13', '2023-05-23 17:40:13'),
(1790, 71, 'New product name Test product 1 buy from supplier', '2023-05-23 17:40:13', '2023-05-23 17:40:13'),
(1791, 71, 'New product name Test product 2 buy from supplier', '2023-05-23 17:40:13', '2023-05-23 17:40:13'),
(1792, 71, 'Income added for invoice #2', '2023-05-24 13:26:21', '2023-05-24 13:26:21'),
(1793, 71, 'Income updated for invoice #2', '2023-05-24 13:27:18', '2023-05-24 13:27:18'),
(1794, 71, 'Income updated for invoice #1', '2023-05-24 13:30:04', '2023-05-24 13:30:04'),
(1795, 71, 'Income added for invoice #3', '2023-05-24 14:51:43', '2023-05-24 14:51:43'),
(1796, 71, 'New customer <b>rasel added by <b>Admin</b>', '2023-05-24 14:53:59', '2023-05-24 14:53:59'),
(1797, 71, 'Income added for invoice #4', '2023-05-24 14:54:13', '2023-05-24 14:54:13'),
(1798, 71, 'New supplier majhar added by Admin', '2023-05-24 14:56:55', '2023-05-24 14:56:55'),
(1799, 71, 'Purchase invoice <b>#3</b> placed', '2023-05-24 14:57:26', '2023-05-24 14:57:26'),
(1800, 71, 'New product name Test product 2 buy from supplier', '2023-05-24 14:57:26', '2023-05-24 14:57:26'),
(1801, 71, 'New supplier jaynak abedin added by Admin', '2023-05-26 02:24:12', '2023-05-26 02:24:12'),
(1802, 71, 'Purchase invoice <b>#4</b> placed', '2023-05-26 02:24:58', '2023-05-26 02:24:58'),
(1803, 71, 'New product name Test product 3 buy from supplier', '2023-05-26 02:24:58', '2023-05-26 02:24:58'),
(1804, 71, 'New product name Test product 4 buy from supplier', '2023-05-26 02:24:58', '2023-05-26 02:24:58'),
(1805, 71, 'Purchase invoice <b>#5</b> placed', '2023-05-26 02:24:59', '2023-05-26 02:24:59'),
(1806, 71, 'New product name Test product 3 buy from supplier', '2023-05-26 02:24:59', '2023-05-26 02:24:59'),
(1807, 71, 'New product name Test product 4 buy from supplier', '2023-05-26 02:24:59', '2023-05-26 02:24:59'),
(1808, 71, 'Purchase invoice #5 updated', '2023-05-26 02:25:36', '2023-05-26 02:25:36'),
(1809, 71, 'New supplier samiul islam added by Admin', '2023-05-26 02:30:50', '2023-05-26 02:30:50'),
(1810, 71, 'Purchase invoice <b>#6</b> placed', '2023-05-26 02:32:42', '2023-05-26 02:32:42'),
(1811, 71, 'New product name Test product 5 buy from supplier', '2023-05-26 02:32:42', '2023-05-26 02:32:42'),
(1812, 71, 'Income added for invoice #5', '2023-05-26 02:36:21', '2023-05-26 02:36:21'),
(1813, 71, 'Income updated for invoice #5', '2023-05-26 02:39:41', '2023-05-26 02:39:41'),
(1814, 71, 'Income updated for invoice #5', '2023-05-26 04:06:32', '2023-05-26 04:06:32'),
(1815, 71, 'Income updated for invoice #1', '2023-05-26 04:07:43', '2023-05-26 04:07:43'),
(1816, 71, 'New <b>product</b> name <b>Test product 1</b> updated by <b>Admin</b>', '2023-05-26 13:11:53', '2023-05-26 13:11:53'),
(1817, 71, 'New product/service unit <b>gauze</b> added by <b>Admin</b>', '2023-05-26 13:15:05', '2023-05-26 13:15:05'),
(1818, 71, 'New product/service unit <b>feet</b> added by <b>Admin</b>', '2023-05-26 13:17:41', '2023-05-26 13:17:41'),
(1819, 71, 'New product/service unit <b>feet</b> deleted by <b>Admin</b>', '2023-05-26 13:17:49', '2023-05-26 13:17:49'),
(1820, 71, 'Expense added for invoice #6', '2023-05-26 13:18:54', '2023-05-26 13:18:54'),
(1821, 71, 'Expense updated for invoice #6', '2023-05-26 14:25:54', '2023-05-26 14:25:54'),
(1822, 71, 'New product/service unit <b>sft</b> added by <b>Admin</b>', '2023-05-26 14:30:01', '2023-05-26 14:30:01'),
(1823, 71, 'Payment type title Nagad added by Admin', '2023-05-26 19:13:43', '2023-05-26 19:13:43'),
(1824, 73, 'New supplier Kazi Aolad added by Admin', '2023-05-27 00:00:29', '2023-05-27 00:00:29'),
(1825, 73, 'Purchase invoice <b>#1</b> placed', '2023-05-27 00:00:49', '2023-05-27 00:00:49'),
(1826, 73, 'New product name Test product 1 buy from supplier', '2023-05-27 00:00:49', '2023-05-27 00:00:49'),
(1827, 73, 'New product name Test product 2 buy from supplier', '2023-05-27 00:00:49', '2023-05-27 00:00:49'),
(1828, 73, 'New supplier Hasan Sumon added by Admin', '2023-05-27 00:34:20', '2023-05-27 00:34:20'),
(1829, 73, 'Purchase invoice <b>#2</b> placed', '2023-05-27 00:34:36', '2023-05-27 00:34:36'),
(1830, 73, 'New product name Test product 1 buy from supplier', '2023-05-27 00:34:36', '2023-05-27 00:34:36'),
(1831, 73, 'New product name Test product 2 buy from supplier', '2023-05-27 00:34:36', '2023-05-27 00:34:36'),
(1832, 73, 'Purchase invoice #2 updated', '2023-05-27 01:20:39', '2023-05-27 01:20:39'),
(1833, 73, 'New product name Test product 1 buy from supplier', '2023-05-27 01:20:39', '2023-05-27 01:20:39'),
(1834, 73, 'New product name Test product 2 buy from supplier', '2023-05-27 01:20:39', '2023-05-27 01:20:39'),
(1835, 73, 'New <b>service</b> name <b>Test Service 1</b> added by <b>Admin</b>', '2023-05-27 04:04:57', '2023-05-27 04:04:57'),
(1836, 73, 'New <b>service</b> name <b>Test Service 1</b> updated by <b>Admin</b>', '2023-05-27 04:05:16', '2023-05-27 04:05:16'),
(1837, 73, 'New <b>service</b> name <b>Test Service 1</b> updated by <b>Admin</b>', '2023-05-27 04:06:55', '2023-05-27 04:06:55'),
(1838, 73, 'New <b>product</b> name <b>Test product 1</b> updated by <b>Admin</b>', '2023-05-27 13:17:08', '2023-05-27 13:17:08'),
(1839, 73, 'New <b>product</b> name <b>Test product 1</b> updated by <b>Admin</b>', '2023-05-27 13:17:44', '2023-05-27 13:17:44'),
(1840, 73, 'New <b>product</b> name <b>Test product 2</b> updated by <b>Admin</b>', '2023-05-27 13:20:45', '2023-05-27 13:20:45'),
(1841, 73, 'Favorite order added by <b>Admin</b>', '2023-05-27 13:28:33', '2023-05-27 13:28:33'),
(1842, 73, 'New customer <b>salam added by <b>Admin</b>', '2023-05-27 13:29:23', '2023-05-27 13:29:23'),
(1843, 73, 'New customer <b>Alim added by <b>Admin</b>', '2023-05-27 13:31:18', '2023-05-27 13:31:18'),
(1844, 73, 'Order placed to <b>Alim</b>', '2023-05-27 13:32:04', '2023-05-27 13:32:04'),
(1845, 73, 'New customer <b>Zamil added by <b>Admin</b>', '2023-05-28 12:30:13', '2023-05-28 12:30:13'),
(1846, 73, 'Order placed to <b>Zamil</b>', '2023-05-28 12:30:23', '2023-05-28 12:30:23'),
(1847, 73, 'Order return to 1', '2023-05-28 12:55:44', '2023-05-28 12:55:44'),
(1848, 73, 'Customer name change from <b>Alim</br> to <b>Alim</b> by <b>Admin</b>', '2023-05-28 23:08:39', '2023-05-28 23:08:39'),
(1849, 73, 'Customer name change from <b>Alim</br> to <b>Alim</b> by <b>Admin</b>', '2023-05-28 23:12:30', '2023-05-28 23:12:30'),
(1850, 73, 'New customer <b>Zahid hasan added by <b>Admin</b>', '2023-05-28 23:16:15', '2023-05-28 23:16:15'),
(1851, 73, 'Customer name change from <b>Zahid hasan</br> to <b>Zahid hasan</b> by <b>Admin</b>', '2023-05-28 23:17:40', '2023-05-28 23:17:40'),
(1852, 73, 'Income added for invoice #1', '2023-05-28 23:26:31', '2023-05-28 23:26:31'),
(1853, 73, 'Income updated for invoice #1', '2023-05-28 23:28:27', '2023-05-28 23:28:27'),
(1854, 73, 'Income updated for invoice #1', '2023-05-28 23:30:11', '2023-05-28 23:30:11'),
(1855, 73, 'Expense added for invoice #2', '2023-05-28 23:44:47', '2023-05-28 23:44:47'),
(1856, 73, 'Expense updated for invoice #2', '2023-05-28 23:45:28', '2023-05-28 23:45:28'),
(1857, 73, 'Income added for invoice #3', '2023-05-29 03:48:01', '2023-05-29 03:48:01'),
(1858, 73, 'Customer name change from <b>Zahid hasan</br> to <b>Zahid hasan</b> by <b>Admin</b>', '2023-05-29 17:15:40', '2023-05-29 17:15:40'),
(1859, 73, 'Income updated for invoice #3', '2023-05-29 17:30:28', '2023-05-29 17:30:28'),
(1860, 73, 'Expense added for invoice #4', '2023-05-29 18:00:39', '2023-05-29 18:00:39'),
(1861, 73, 'Expense updated for invoice #4', '2023-05-29 18:02:09', '2023-05-29 18:02:09'),
(1862, 73, 'Expense updated for invoice #4', '2023-05-29 18:03:24', '2023-05-29 18:03:24'),
(1863, 48, 'Purchase invoice <b>#10</b> placed', '2023-05-29 18:21:12', '2023-05-29 18:21:12'),
(1864, 48, 'New product name Rice buy from supplier', '2023-05-29 18:21:12', '2023-05-29 18:21:12'),
(1865, 48, 'Order placed to <b>Asraful</b>', '2023-05-29 18:23:10', '2023-05-29 18:23:10'),
(1866, 48, 'Order return to 2', '2023-05-29 18:24:51', '2023-05-29 18:24:51'),
(1867, 73, 'Order placed to <b>salam</b>', '2023-05-29 23:19:29', '2023-05-29 23:19:29'),
(1868, 73, 'Order deleted for <b>salam</b>', '2023-05-29 23:23:58', '2023-05-29 23:23:58'),
(1869, 73, 'Purchase invoice #2 updated', '2023-05-29 23:34:08', '2023-05-29 23:34:08'),
(1870, 73, 'New product name Test product 1 buy from supplier', '2023-05-29 23:34:08', '2023-05-29 23:34:08'),
(1871, 73, 'New product name Test product 2 buy from supplier', '2023-05-29 23:34:08', '2023-05-29 23:34:08'),
(1872, 73, 'Purchase invoice <b>#1</b> returned', '2023-05-30 19:45:13', '2023-05-30 19:45:13'),
(1873, NULL, 'This message from owner.', '2023-06-08 04:25:03', '2023-06-08 04:25:10'),
(1874, NULL, 'This message from owner.', '2023-06-07 04:54:01', '2023-06-07 04:54:01'),
(1875, 60, 'Customer name change from <b>Al Amin selim</br> to <b>Al Amin selim</b> by <b>Admin</b>', '2023-06-07 23:43:33', '2023-06-07 23:43:33'),
(1876, 60, 'Customer name change from <b>Al Amin selim</br> to <b>Al Amin selim</b> by <b>Admin</b>', '2023-06-08 04:52:03', '2023-06-08 04:52:03'),
(1877, 65, 'New supplier tariqul islan added by Admin', '2023-06-14 05:14:30', '2023-06-14 05:14:30'),
(1878, 65, 'New customer <b>azad abul kalam added by <b>Admin</b>', '2023-06-14 05:15:04', '2023-06-14 05:15:04'),
(1879, 65, 'Customer name change from <b>azad abul kalam</br> to <b>azad abul kalam</b> by <b>Admin</b>', '2023-06-14 05:46:47', '2023-06-14 05:46:47'),
(1880, 65, 'Customer name change from <b>Mr Jamil chowdhury</br> to <b>Mr Jamil chowdhury</b> by <b>Admin</b>', '2023-06-14 06:01:41', '2023-06-14 06:01:41'),
(1881, 60, 'New user <b>Easin added', '2023-06-14 07:10:24', '2023-06-14 07:10:24'),
(1882, 60, 'New user <b>Foisal added', '2023-06-14 07:30:22', '2023-06-14 07:30:22'),
(1883, 65, 'Income added for invoice #14', '2023-06-15 05:54:46', '2023-06-15 05:54:46'),
(1884, 65, 'Expense added for invoice #15', '2023-06-15 15:08:05', '2023-06-15 15:08:05'),
(1885, 65, 'Order placed to <b>ab salam</b>', '2023-06-15 15:09:24', '2023-06-15 15:09:24'),
(1886, 65, 'Income added for invoice #16', '2023-06-15 15:10:30', '2023-06-15 15:10:30'),
(1887, 65, 'Income added for invoice #17', '2023-06-18 17:02:14', '2023-06-18 17:02:14'),
(1888, 65, 'New customer <b>Ahsan added by <b>Admin</b>', '2023-06-20 13:54:04', '2023-06-20 13:54:04'),
(1889, 65, 'New customer <b>Faysal ahmed added by <b>Admin</b>', '2023-06-20 13:55:02', '2023-06-20 13:55:02'),
(1890, 65, 'Customer name change from <b>Ahsan</br> to <b>Ahsan</b> by <b>Admin</b>', '2023-06-20 13:56:35', '2023-06-20 13:56:35'),
(1891, 65, 'Customer name change from <b>Faysal ahmed</br> to <b>Faysal ahmed</b> by <b>Admin</b>', '2023-06-20 13:57:16', '2023-06-20 13:57:16'),
(1892, 65, 'Income added for invoice #18', '2023-06-21 12:29:55', '2023-06-21 12:29:55'),
(1893, 65, 'Income updated for invoice #18', '2023-06-21 12:36:48', '2023-06-21 12:36:48'),
(1894, 65, 'New user <b>monoware added', '2023-06-21 12:45:10', '2023-06-21 12:45:10'),
(1895, 65, 'New customer <b>Rubel hossain added by <b>Admin</b>', '2023-06-22 05:19:30', '2023-06-22 05:19:30'),
(1896, 65, 'Income added for invoice #19', '2023-06-22 14:22:17', '2023-06-22 14:22:17'),
(1897, 65, 'Income updated for invoice #19', '2023-06-22 14:22:38', '2023-06-22 14:22:38'),
(1898, 65, 'Income added for invoice #20', '2023-06-22 14:23:46', '2023-06-22 14:23:46'),
(1899, 65, 'New customer <b>kabir mama added by <b>Admin</b>', '2023-06-23 05:24:58', '2023-06-23 05:24:58'),
(1900, 65, 'New customer <b>sagir mama added by <b>Admin</b>', '2023-06-23 05:42:32', '2023-06-23 05:42:32'),
(1901, 65, 'Customer name change from <b>sagir mama</br> to <b>sagir mama</b> by <b>Admin</b>', '2023-06-23 05:43:21', '2023-06-23 05:43:21'),
(1902, 65, 'New customer <b>saiful@gmail.com added by <b>Admin</b>', '2023-06-23 05:44:45', '2023-06-23 05:44:45'),
(1903, 65, 'Customer name change from <b>saiful@gmail.com</br> to <b>saiful@gmail.com</b> by <b>Admin</b>', '2023-06-23 05:45:11', '2023-06-23 05:45:11'),
(1904, 65, 'New <b>product</b> name <b>Test product 1</b> updated by <b>Admin</b>', '2023-06-23 05:46:51', '2023-06-23 05:46:51'),
(1905, 65, 'Order placed to <b>saiful@gmail.com</b>', '2023-06-23 05:47:46', '2023-06-23 05:47:46'),
(1906, 65, 'New customer <b>hassem added by <b>Admin</b>', '2023-06-24 18:18:59', '2023-06-24 18:18:59'),
(1907, 60, 'New customer <b>fgv added by <b>Admin</b>', '2023-06-25 06:41:49', '2023-06-25 06:41:49'),
(1908, 60, 'New customer <b>ccc added by <b>Admin</b>', '2023-06-25 07:02:43', '2023-06-25 07:02:43'),
(1909, 65, 'New supplier shadhin added by Admin', '2023-06-28 11:34:31', '2023-06-28 11:34:31'),
(1910, 65, 'Purchase invoice <b>#3</b> placed', '2023-06-28 11:35:01', '2023-06-28 11:35:01'),
(1911, 65, 'New product name Test product 3 buy from supplier', '2023-06-28 11:35:01', '2023-06-28 11:35:01'),
(1912, 65, 'New product name Test product 4 buy from supplier', '2023-06-28 11:35:01', '2023-06-28 11:35:01'),
(1913, 65, 'New customer <b>hasem Ali talukder added by <b>Admin</b>', '2023-06-28 15:15:28', '2023-06-28 15:15:28'),
(1914, 65, 'New supplier sabit ali added by Admin', '2023-06-28 15:16:51', '2023-06-28 15:16:51'),
(1915, 65, 'New supplier Tareque nadud added by Admin', '2023-06-28 15:19:01', '2023-06-28 15:19:01'),
(1916, 65, 'New supplier shafiul islam added by Admin', '2023-06-28 15:20:48', '2023-06-28 15:20:48'),
(1917, 65, 'New supplier jalal Uddin rumi added by Admin', '2023-06-28 15:21:28', '2023-06-28 15:21:28'),
(1918, 65, 'New customer <b>rausul islam added by <b>Admin</b>', '2023-06-28 15:22:19', '2023-06-28 15:22:19'),
(1919, 65, 'New customer <b>Sujata Ali vuiya added by <b>Admin</b>', '2023-06-28 15:22:52', '2023-06-28 15:22:52'),
(1920, 65, 'New customer <b>robin added by <b>Admin</b>', '2023-07-07 08:39:45', '2023-07-07 08:39:45'),
(1921, 65, 'Income added for invoice #21', '2023-07-07 08:40:24', '2023-07-07 08:40:24'),
(1922, 65, 'Income added for invoice #22', '2023-07-09 17:54:44', '2023-07-09 17:54:44'),
(1923, 65, 'New customer <b>dear added by <b>Admin</b>', '2023-07-09 17:56:15', '2023-07-09 17:56:15'),
(1924, 65, 'Income added for invoice #23', '2023-07-09 17:57:06', '2023-07-09 17:57:06'),
(1925, 65, 'Income added for invoice #24', '2023-07-09 17:58:17', '2023-07-09 17:58:17'),
(1926, 65, 'Order placed to <b>GUEST CUSTOMER</b>', '2023-07-09 18:01:59', '2023-07-09 18:01:59'),
(1927, 65, 'Expense added for invoice #25', '2023-07-09 18:04:06', '2023-07-09 18:04:06'),
(1928, 65, 'Order placed to <b>dear</b>', '2023-07-09 18:06:18', '2023-07-09 18:06:18'),
(1929, 65, 'Income added for invoice #26', '2023-07-09 18:07:28', '2023-07-09 18:07:28'),
(1930, 65, 'New customer <b>Zahid master added by <b>Admin</b>', '2023-07-15 09:30:33', '2023-07-15 09:30:33'),
(1931, 65, 'Income added for invoice #27', '2023-07-15 09:31:22', '2023-07-15 09:31:22'),
(1932, 65, 'Income updated for invoice #27', '2023-07-15 09:31:57', '2023-07-15 09:31:57'),
(1933, 65, 'Purchase invoice <b>#4</b> placed', '2023-07-15 09:36:15', '2023-07-15 09:36:15'),
(1934, 65, 'New product name Test product 5 buy from supplier', '2023-07-15 09:36:15', '2023-07-15 09:36:15'),
(1935, 65, 'Order placed to <b>GUEST CUSTOMER</b>', '2023-07-16 07:35:57', '2023-07-16 07:35:57'),
(1936, 65, 'Order placed to <b>Zahid master</b>', '2023-07-17 07:06:36', '2023-07-17 07:06:36'),
(1937, 65, 'Order deleted for <b>Zahid master</b>', '2023-07-17 07:08:27', '2023-07-17 07:08:27'),
(1938, 65, 'Order placed to <b>robin</b>', '2023-07-17 13:47:58', '2023-07-17 13:47:58'),
(1939, 65, 'New customer <b>Rasel ahmed added by <b>Admin</b>', '2023-07-17 13:50:55', '2023-07-17 13:50:55'),
(1940, 65, 'Order placed to <b>Rasel ahmed</b>', '2023-07-17 13:51:30', '2023-07-17 13:51:30'),
(1941, 65, 'New customer <b>majhar added by <b>Admin</b>', '2023-07-22 11:38:50', '2023-07-22 11:38:50'),
(1942, 65, 'Order placed to <b>majhar</b>', '2023-07-22 11:45:24', '2023-07-22 11:45:24'),
(1943, 65, 'New supplier hazratullah zazak added by Admin', '2023-07-22 11:46:49', '2023-07-22 11:46:49'),
(1944, 65, 'Favorite order added by <b>Admin</b>', '2023-07-24 06:52:46', '2023-07-24 06:52:46'),
(1945, 164, 'New customer <b>majhar added by <b>Admin</b>', '2023-07-29 05:58:01', '2023-07-29 05:58:01'),
(1946, 164, 'Customer name change from <b>majhar</br> to <b>majhar</b> by <b>Admin</b>', '2023-07-29 05:58:42', '2023-07-29 05:58:42'),
(1947, 164, 'Income added for invoice #1', '2023-07-29 06:24:06', '2023-07-29 06:24:06'),
(1948, 164, 'New user <b>majhar added', '2023-07-29 15:03:01', '2023-07-29 15:03:01'),
(1949, 164, 'New customer <b>hasan mollah added by <b>Admin</b>', '2023-07-30 05:15:36', '2023-07-30 05:15:36'),
(1950, 164, 'Income added for invoice #2', '2023-07-30 05:16:07', '2023-07-30 05:16:07'),
(1951, 164, 'User <b>majhar deleted', '2023-08-01 06:55:07', '2023-08-01 06:55:07'),
(1952, 60, 'Reminder <b>2</b> times brfore <b>3</b> days of expiration', '2023-08-01 07:08:00', '2023-08-01 07:08:00'),
(1953, 60, 'Reminder <b>2</b> times brfore <b>2</b> days of expiration', '2023-08-01 07:08:17', '2023-08-01 07:08:17'),
(1954, 60, 'New user <b>sohan added', '2023-08-01 09:42:01', '2023-08-01 09:42:01'),
(1955, 60, 'New user <b>sujan added', '2023-08-01 09:52:14', '2023-08-01 09:52:14'),
(1956, 164, 'Income added for invoice #3', '2023-08-01 12:41:51', '2023-08-01 12:41:51'),
(1957, 164, 'New supplier rausul islan added by Admin', '2023-08-01 12:44:54', '2023-08-01 12:44:54'),
(1958, 164, 'Expense added for invoice #4', '2023-08-01 12:45:09', '2023-08-01 12:45:09'),
(1959, 164, 'Purchase invoice <b>#1</b> placed', '2023-08-05 09:12:26', '2023-08-05 09:12:26'),
(1960, 164, 'New product name Test product 1 buy from supplier', '2023-08-05 09:12:26', '2023-08-05 09:12:26'),
(1961, 164, 'Order placed to <b>GUEST CUSTOMER</b>', '2023-08-05 09:14:10', '2023-08-05 09:14:10'),
(1962, 164, 'New <b>product</b> name <b>Test product 1</b> updated by <b>Admin</b>', '2023-08-05 09:14:52', '2023-08-05 09:14:52'),
(1963, 164, 'New customer <b>majhar added by <b>Admin</b>', '2023-08-05 09:15:52', '2023-08-05 09:15:52'),
(1964, 164, 'Order placed to <b>hasan mollah</b>', '2023-08-05 09:16:06', '2023-08-05 09:16:06'),
(1965, 164, 'Order placed to <b>majhar</b>', '2023-08-05 09:17:28', '2023-08-05 09:17:28'),
(1966, 164, 'Order placed to <b>majhar</b>', '2023-08-05 09:20:24', '2023-08-05 09:20:24'),
(1967, 164, 'New customer <b>rausul islam added by <b>Admin</b>', '2023-08-05 09:23:11', '2023-08-05 09:23:11'),
(1968, 164, 'Order placed to <b>rausul islam</b>', '2023-08-05 09:23:47', '2023-08-05 09:23:47'),
(1969, 164, 'Order placed to <b>rausul islam</b>', '2023-08-05 09:24:43', '2023-08-05 09:24:43'),
(1970, 164, 'New user <b>monurul added', '2023-08-06 11:07:05', '2023-08-06 11:07:05'),
(1971, 164, 'Reminder <b>0</b> times brfore <b>3</b> days of expiration', '2023-08-07 16:30:21', '2023-08-07 16:30:21'),
(1972, 164, 'Reminder <b>1</b> times brfore <b>3</b> days of expiration', '2023-08-07 16:30:37', '2023-08-07 16:30:37'),
(1973, 164, 'New supplier Monjurul islam added by majhar', '2023-08-08 08:22:14', '2023-08-08 08:22:14'),
(1974, 164, 'Purchase invoice <b>#2</b> placed', '2023-08-08 08:22:39', '2023-08-08 08:22:39'),
(1975, 164, 'New product name Test product 2 buy from supplier', '2023-08-08 08:22:39', '2023-08-08 08:22:39'),
(1976, 164, 'New product name Test product 3 buy from supplier', '2023-08-08 08:22:39', '2023-08-08 08:22:39'),
(1977, 164, 'New customer <b>zamilur reza added by <b>majhar</b>', '2023-08-08 08:25:13', '2023-08-08 08:25:13'),
(1978, 164, 'Order placed to <b>zamilur reza</b>', '2023-08-08 08:25:24', '2023-08-08 08:25:24'),
(1979, 164, 'Customer name change from <b>zamilur reza</br> to <b>zamilur reza</b> by <b>majhar</b>', '2023-08-08 08:27:17', '2023-08-08 08:27:17'),
(1980, NULL, 'we are here', '2023-08-09 06:03:49', '2023-08-09 06:03:49'),
(1981, 164, 'Income added for invoice #5', '2023-08-09 13:52:05', '2023-08-09 13:52:05'),
(1982, 164, 'Income added for invoice #6', '2023-08-09 13:52:41', '2023-08-09 13:52:41'),
(1983, 164, 'Income updated for invoice #1', '2023-08-09 13:53:51', '2023-08-09 13:53:51'),
(1984, 164, 'New customer <b>kakoli added by <b>majhar</b>', '2023-08-18 06:51:58', '2023-08-18 06:51:58'),
(1985, NULL, 'Hi user good morning', '2023-08-19 09:08:17', '2023-08-19 09:08:17'),
(1986, 164, 'New supplier Mahin khan added by majhar', '2023-08-19 11:26:10', '2023-08-19 11:26:10');
INSERT INTO `notifications` (`id`, `user_id`, `name`, `created_at`, `updated_at`) VALUES
(1987, 164, 'Purchase invoice <b>#3</b> placed', '2023-08-19 11:27:20', '2023-08-19 11:27:20'),
(1988, 164, 'New product name Test product 4 buy from supplier', '2023-08-19 11:27:20', '2023-08-19 11:27:20'),
(1989, 164, 'Income added for invoice #7', '2023-08-19 11:28:24', '2023-08-19 11:28:24'),
(1990, 164, 'New <b>product</b> name <b>Test product 4</b> updated by <b>majhar</b>', '2023-08-19 11:32:53', '2023-08-19 11:32:53'),
(1991, 164, 'New <b>product</b> name <b>Test product 4</b> updated by <b>majhar</b>', '2023-08-19 11:33:26', '2023-08-19 11:33:26'),
(1992, 164, 'Favorite order added by <b>majhar</b>', '2023-08-20 09:09:00', '2023-08-20 09:09:00'),
(1993, 164, 'Order placed to <b>GUEST CUSTOMER</b>', '2023-08-20 09:11:54', '2023-08-20 09:11:54'),
(1994, 164, 'Order placed to <b>GUEST CUSTOMER</b>', '2023-08-21 10:32:17', '2023-08-21 10:32:17'),
(1995, 164, 'New customer <b>rashid vai added by <b>majhar</b>', '2023-08-21 10:32:57', '2023-08-21 10:32:57'),
(1996, 164, 'Order placed to <b>rashid vai</b>', '2023-08-21 10:33:18', '2023-08-21 10:33:18'),
(1997, 164, 'Order placed to <b>hasan mollah</b>', '2023-08-23 14:06:33', '2023-08-23 14:06:33'),
(1998, 164, 'Payment type title Mutual Trust Bank added by majhar', '2023-08-23 14:12:36', '2023-08-23 14:12:36'),
(1999, 164, 'Expense title Transport added by majhar', '2023-08-23 14:16:07', '2023-08-23 14:16:07'),
(2000, 164, 'Income added for invoice #8', '2023-08-24 07:41:36', '2023-08-24 07:41:36'),
(2001, 205, 'New supplier Beximco added by Admin', '2023-08-24 10:59:34', '2023-08-24 10:59:34'),
(2002, 205, 'Purchase invoice <b>#1</b> placed', '2023-08-24 11:00:02', '2023-08-24 11:00:02'),
(2003, 205, 'New product name Napa 500 mg buy from supplier', '2023-08-24 11:00:02', '2023-08-24 11:00:02'),
(2004, 205, 'Order placed to <b>GUEST CUSTOMER</b>', '2023-08-24 11:03:48', '2023-08-24 11:03:48'),
(2005, 164, 'New supplier saroar chowdhury added by majhar', '2023-08-24 12:59:55', '2023-08-24 12:59:55'),
(2006, 164, 'Purchase invoice <b>#4</b> placed', '2023-08-24 13:01:23', '2023-08-24 13:01:23'),
(2007, 164, 'New product name Test product 5 buy from supplier', '2023-08-24 13:01:23', '2023-08-24 13:01:23'),
(2008, 164, 'New product name Test product 6 buy from supplier', '2023-08-24 13:01:23', '2023-08-24 13:01:23'),
(2009, 164, 'New supplier Shakhawat khan added by majhar', '2023-08-24 13:02:02', '2023-08-24 13:02:02'),
(2010, 164, 'Purchase invoice <b>#5</b> placed', '2023-08-24 13:03:19', '2023-08-24 13:03:19'),
(2011, 164, 'New product name Test product 7 buy from supplier', '2023-08-24 13:03:19', '2023-08-24 13:03:19'),
(2012, 164, 'New product name Test product 8 buy from supplier', '2023-08-24 13:03:19', '2023-08-24 13:03:19'),
(2013, 164, 'New supplier chowdhury mahin added by majhar', '2023-08-24 13:03:55', '2023-08-24 13:03:55'),
(2014, 164, 'Purchase invoice <b>#6</b> placed', '2023-08-24 13:05:22', '2023-08-24 13:05:22'),
(2015, 164, 'New product name Test product 9 buy from supplier', '2023-08-24 13:05:22', '2023-08-24 13:05:22'),
(2016, 164, 'New product name Test product 10 buy from supplier', '2023-08-24 13:05:22', '2023-08-24 13:05:22'),
(2017, 164, 'New supplier Hafizur Rahman added by majhar', '2023-08-24 13:05:53', '2023-08-24 13:05:53'),
(2018, 164, 'Purchase invoice <b>#7</b> placed', '2023-08-24 13:06:52', '2023-08-24 13:06:52'),
(2019, 164, 'New product name Test product 11 buy from supplier', '2023-08-24 13:06:52', '2023-08-24 13:06:52'),
(2020, 164, 'New product name Test product 13 buy from supplier', '2023-08-24 13:06:52', '2023-08-24 13:06:52'),
(2021, 164, 'Purchase invoice <b>#8</b> placed', '2023-08-24 14:13:03', '2023-08-24 14:13:03'),
(2022, 164, 'New product name Napa 500 mg tab buy from supplier', '2023-08-24 14:13:03', '2023-08-24 14:13:03'),
(2023, 164, 'New product name Algin 50 mg Tab buy from supplier', '2023-08-24 14:13:03', '2023-08-24 14:13:03'),
(2024, 164, 'Order placed to <b>GUEST CUSTOMER</b>', '2023-08-24 14:25:15', '2023-08-24 14:25:15'),
(2025, 164, 'New <b>product</b> name <b>Test product 1</b> updated by <b>majhar</b>', '2023-08-24 14:40:30', '2023-08-24 14:40:30'),
(2026, 164, 'New supplier ponds ins added by majhar', '2023-08-29 08:23:08', '2023-08-29 08:23:08'),
(2027, 164, 'Purchase invoice <b>#9</b> placed', '2023-08-29 08:23:32', '2023-08-29 08:23:32'),
(2028, 164, 'New product name ponds cream buy from supplier', '2023-08-29 08:23:32', '2023-08-29 08:23:32'),
(2029, 164, 'New <b>product</b> name <b>ponds cream</b> updated by <b>majhar</b>', '2023-08-29 08:25:02', '2023-08-29 08:25:02'),
(2030, 164, 'Order placed to <b>GUEST CUSTOMER</b>', '2023-08-29 08:25:50', '2023-08-29 08:25:50'),
(2031, 164, 'New customer <b>Robin added by <b>majhar</b>', '2023-08-29 08:27:56', '2023-08-29 08:27:56'),
(2032, 164, 'New customer <b>Robin added by <b>majhar</b>', '2023-08-29 08:28:35', '2023-08-29 08:28:35'),
(2033, 164, 'Order placed to <b>Robin</b>', '2023-08-29 08:29:00', '2023-08-29 08:29:00'),
(2034, 164, 'Customer name change from <b>Robin</br> to <b>Robin</b> by <b>majhar</b>', '2023-08-29 08:31:03', '2023-08-29 08:31:03'),
(2035, 207, 'New supplier Square added by Admin', '2023-08-29 08:52:38', '2023-08-29 08:52:38'),
(2036, 207, 'Purchase invoice <b>#1</b> placed', '2023-08-29 08:53:17', '2023-08-29 08:53:17'),
(2037, 207, 'New product name Meri buy from supplier', '2023-08-29 08:53:17', '2023-08-29 08:53:17'),
(2038, 207, 'New product name ponds cream buy from supplier', '2023-08-29 08:53:17', '2023-08-29 08:53:17'),
(2039, 207, 'New customer <b>sajib added by <b>Admin</b>', '2023-08-29 08:54:35', '2023-08-29 08:54:35'),
(2040, 207, 'Order placed to <b>sajib</b>', '2023-08-29 08:54:50', '2023-08-29 08:54:50'),
(2041, 164, 'Purchase invoice <b>#10</b> placed', '2023-08-30 05:18:16', '2023-08-30 05:18:16'),
(2042, 164, 'New product name Test product 1 buy from supplier', '2023-08-30 05:18:16', '2023-08-30 05:18:16'),
(2043, 164, 'Purchase invoice <b>#11</b> placed', '2023-08-30 06:11:22', '2023-08-30 06:11:22'),
(2044, 164, 'New product name Test product 1 buy from supplier', '2023-08-30 06:11:22', '2023-08-30 06:11:22'),
(2045, 164, 'Order placed to <b>GUEST CUSTOMER</b>', '2023-08-30 06:12:44', '2023-08-30 06:12:44'),
(2046, 164, 'Order placed to <b>GUEST CUSTOMER</b>', '2023-08-30 06:31:54', '2023-08-30 06:31:54'),
(2047, 164, 'Order placed to <b>GUEST CUSTOMER</b>', '2023-08-30 06:34:16', '2023-08-30 06:34:16'),
(2048, 164, 'Order placed to <b>GUEST CUSTOMER</b>', '2023-08-30 06:41:14', '2023-08-30 06:41:14'),
(2049, 164, 'New customer <b>harun added by <b>majhar</b>', '2023-08-30 06:43:51', '2023-08-30 06:43:51'),
(2050, 164, 'Order placed to <b>harun</b>', '2023-08-30 06:44:04', '2023-08-30 06:44:04'),
(2051, 164, 'Favorite order added by <b>majhar</b>', '2023-08-30 06:53:25', '2023-08-30 06:53:25'),
(2052, 164, 'Order placed to <b>GUEST CUSTOMER</b>', '2023-08-30 06:54:12', '2023-08-30 06:54:12'),
(2053, 164, 'New supplier adc added by majhar', '2023-08-30 07:14:37', '2023-08-30 07:14:37'),
(2054, 164, 'Order placed to <b>GUEST CUSTOMER</b>', '2023-08-30 07:18:44', '2023-08-30 07:18:44'),
(2055, 164, 'Order placed to <b>GUEST CUSTOMER</b>', '2023-08-30 07:36:57', '2023-08-30 07:36:57'),
(2056, 164, 'User <b>monjurul deleted', '2023-08-30 09:41:08', '2023-08-30 09:41:08'),
(2057, 164, 'Order placed to <b>harun</b>', '2023-08-30 12:46:06', '2023-08-30 12:46:06'),
(2058, 164, 'Purchase invoice <b>#12</b> placed', '2023-08-30 12:58:45', '2023-08-30 12:58:45'),
(2059, 164, 'New product name Test product 2 buy from supplier', '2023-08-30 12:58:45', '2023-08-30 12:58:45'),
(2060, 164, 'Purchase invoice #12 updated', '2023-08-30 12:59:35', '2023-08-30 12:59:35'),
(2061, 164, 'New product name Test product 2 buy from supplier', '2023-08-30 12:59:35', '2023-08-30 12:59:35'),
(2062, 164, 'New supplier Mamun sarker added by majhar', '2023-08-30 13:10:01', '2023-08-30 13:10:01'),
(2063, 164, 'Purchase invoice <b>#13</b> placed', '2023-08-30 13:13:57', '2023-08-30 13:13:57'),
(2064, 164, 'New product name Test product 1 buy from supplier', '2023-08-30 13:13:57', '2023-08-30 13:13:57'),
(2065, 164, 'Purchase invoice <b>#14</b> placed', '2023-08-30 13:17:52', '2023-08-30 13:17:52'),
(2066, 164, 'New product name Test product 2 buy from supplier', '2023-08-30 13:17:52', '2023-08-30 13:17:52'),
(2067, 164, 'Expense added for invoice #9', '2023-08-30 13:19:49', '2023-08-30 13:19:49'),
(2068, 164, 'New customer <b>khaked added by <b>majhar</b>', '2023-08-30 13:43:23', '2023-08-30 13:43:23'),
(2069, 164, 'Customer name change from <b>khaked</br> to <b>khaked</b> by <b>majhar</b>', '2023-08-30 13:44:22', '2023-08-30 13:44:22'),
(2070, 164, 'Order placed to <b>rashid vai</b>', '2023-08-30 13:55:55', '2023-08-30 13:55:55'),
(2071, 164, 'Order placed to <b>GUEST CUSTOMER</b>', '2023-08-30 14:02:13', '2023-08-30 14:02:13'),
(2072, 164, 'Purchase invoice <b>#15</b> placed', '2023-08-31 17:39:34', '2023-08-31 17:39:34'),
(2073, 164, 'New product name Test product 1 buy from supplier', '2023-08-31 17:39:34', '2023-08-31 17:39:34'),
(2074, 164, 'Purchase invoice <b>#16</b> placed', '2023-08-31 17:40:15', '2023-08-31 17:40:15'),
(2075, 164, 'New product name Test product 1 buy from supplier', '2023-08-31 17:40:15', '2023-08-31 17:40:15'),
(2076, 164, 'Income added for invoice #10', '2023-09-02 05:26:29', '2023-09-02 05:26:29'),
(2077, 164, 'New customer <b>hsan added by <b>majhar</b>', '2023-09-02 06:01:34', '2023-09-02 06:01:34'),
(2078, 164, 'Order placed to <b>hsan</b>', '2023-09-02 06:01:46', '2023-09-02 06:01:46'),
(2079, 164, 'New customer <b>karim added by <b>majhar</b>', '2023-09-02 06:26:44', '2023-09-02 06:26:44'),
(2080, 164, 'Order placed to <b>karim</b>', '2023-09-02 06:26:58', '2023-09-02 06:26:58'),
(2081, 164, 'New <b>service</b> name <b>Test service 1</b> added by <b>majhar</b>', '2023-09-02 13:50:18', '2023-09-02 13:50:18'),
(2082, 164, 'Purchase invoice <b>#17</b> placed', '2023-09-02 14:20:41', '2023-09-02 14:20:41'),
(2083, 164, 'New product name Test product 2 buy from supplier', '2023-09-02 14:20:41', '2023-09-02 14:20:41'),
(2084, 164, 'Income added for invoice #11', '2023-09-02 15:33:36', '2023-09-02 15:33:36'),
(2085, 164, 'Order return to 1', '2023-09-02 15:37:26', '2023-09-02 15:37:26'),
(2086, 164, 'Order return to 2', '2023-09-02 15:43:35', '2023-09-02 15:43:35'),
(2087, 164, 'Order invoice #2 returned', '2023-09-02 15:47:03', '2023-09-02 15:47:03'),
(2088, 164, 'Order placed to <b>GUEST CUSTOMER</b>', '2023-09-05 05:22:49', '2023-09-05 05:22:49'),
(2089, 164, 'Order placed to <b>Robin</b>', '2023-09-05 05:23:30', '2023-09-05 05:23:30'),
(2090, 164, 'Order placed to <b>karim</b>', '2023-09-05 05:26:27', '2023-09-05 05:26:27'),
(2091, 164, 'Payment type title Upay added by majhar', '2023-09-05 05:29:36', '2023-09-05 05:29:36'),
(2092, 164, 'Order return to 3', '2023-09-05 05:33:27', '2023-09-05 05:33:27'),
(2093, 164, 'Order invoice #3 returned', '2023-09-05 05:34:17', '2023-09-05 05:34:17'),
(2094, 164, 'Purchase invoice <b>#18</b> placed', '2023-09-05 05:35:47', '2023-09-05 05:35:47'),
(2095, 164, 'New product name Test product 1 buy from supplier', '2023-09-05 05:35:47', '2023-09-05 05:35:47'),
(2096, 164, 'New product name Test product 4 buy from supplier', '2023-09-05 05:35:47', '2023-09-05 05:35:47'),
(2097, 164, 'Purchase invoice <b>#19</b> placed', '2023-09-05 05:36:38', '2023-09-05 05:36:38'),
(2098, 164, 'New product name Algin 50 mg Tab buy from supplier', '2023-09-05 05:36:38', '2023-09-05 05:36:38'),
(2099, 164, 'New product name Test product 7 buy from supplier', '2023-09-05 05:36:38', '2023-09-05 05:36:38'),
(2100, 164, 'Purchase invoice <b>#20</b> placed', '2023-09-05 05:37:46', '2023-09-05 05:37:46'),
(2101, 164, 'New product name Test product 4 buy from supplier', '2023-09-05 05:37:46', '2023-09-05 05:37:46'),
(2102, 164, 'New product name Algin 50 mg Tab buy from supplier', '2023-09-05 05:37:46', '2023-09-05 05:37:46'),
(2103, 164, 'Purchase invoice <b>#21</b> placed', '2023-09-05 05:37:47', '2023-09-05 05:37:47'),
(2104, 164, 'New product name Test product 4 buy from supplier', '2023-09-05 05:37:47', '2023-09-05 05:37:47'),
(2105, 164, 'New product name Algin 50 mg Tab buy from supplier', '2023-09-05 05:37:47', '2023-09-05 05:37:47'),
(2106, 164, 'Purchase invoice <b>#22</b> placed', '2023-09-05 05:39:07', '2023-09-05 05:39:07'),
(2107, 164, 'New product name Test product 8 buy from supplier', '2023-09-05 05:39:07', '2023-09-05 05:39:07'),
(2108, 164, 'New product name Test product 9 buy from supplier', '2023-09-05 05:39:07', '2023-09-05 05:39:07'),
(2109, 164, 'New product name Test product 13 buy from supplier', '2023-09-05 05:39:07', '2023-09-05 05:39:07'),
(2110, 164, 'New user <b>cfc added', '2023-09-05 12:22:37', '2023-09-05 12:22:37'),
(2111, 164, 'New supplier farjana added by majhar', '2023-09-07 02:47:54', '2023-09-07 02:47:54'),
(2112, 164, 'Purchase invoice <b>#23</b> placed', '2023-09-07 02:48:49', '2023-09-07 02:48:49'),
(2113, 164, 'New product name Test product 10 buy from supplier', '2023-09-07 02:48:49', '2023-09-07 02:48:49'),
(2114, 164, 'New product name Test product 13 buy from supplier', '2023-09-07 02:48:49', '2023-09-07 02:48:49'),
(2115, 164, 'Purchase invoice <b>#24</b> placed', '2023-09-07 02:48:49', '2023-09-07 02:48:49'),
(2116, 164, 'New product name Test product 10 buy from supplier', '2023-09-07 02:48:49', '2023-09-07 02:48:49'),
(2117, 164, 'New product name Test product 13 buy from supplier', '2023-09-07 02:48:49', '2023-09-07 02:48:49'),
(2118, 164, 'New customer <b>Raisul Islam abir added by <b>majhar</b>', '2023-09-07 02:49:49', '2023-09-07 02:49:49'),
(2119, 164, 'Order placed to <b>Raisul Islam abir</b>', '2023-09-07 02:50:14', '2023-09-07 02:50:14'),
(2120, 164, 'Purchase invoice #24 updated', '2023-09-07 02:51:02', '2023-09-07 02:51:02'),
(2121, 164, 'New customer <b>naim hossen added by <b>majhar</b>', '2023-09-08 08:48:53', '2023-09-08 08:48:53'),
(2122, 164, 'New supplier Kobial added by majhar', '2023-09-08 08:54:35', '2023-09-08 08:54:35'),
(2123, 164, 'New supplier samiul added by majhar', '2023-09-08 08:55:49', '2023-09-08 08:55:49'),
(2124, 164, 'Income added for invoice #12', '2023-09-08 08:59:51', '2023-09-08 08:59:51'),
(2125, 164, 'Income updated for invoice #12', '2023-09-08 09:02:07', '2023-09-08 09:02:07'),
(2126, 164, 'New <b>product</b> name <b>Test product 1</b> updated by <b>majhar</b>', '2023-09-08 09:05:09', '2023-09-08 09:05:09'),
(2127, 164, 'Order invoice #2 returned', '2023-09-09 07:33:26', '2023-09-09 07:33:26'),
(2128, 164, 'Order invoice #2 returned', '2023-09-09 07:35:23', '2023-09-09 07:35:23'),
(2129, 164, 'Income added for invoice #13', '2023-09-09 09:39:00', '2023-09-09 09:39:00'),
(2130, 164, 'Expense added for invoice #14', '2023-09-09 09:39:51', '2023-09-09 09:39:51'),
(2131, 164, 'Expense added for invoice #15', '2023-09-09 09:41:22', '2023-09-09 09:41:22'),
(2132, 204, 'Reminder <b>0</b> times brfore <b>6</b> days of expiration', '2023-09-12 14:16:54', '2023-09-12 14:16:54'),
(2133, 204, 'Reminder <b>1</b> times brfore <b>6</b> days of expiration', '2023-09-12 14:16:58', '2023-09-12 14:16:58'),
(2134, 164, 'New customer <b>মাছুম বিল্লাহ added by <b>majhar</b>', '2023-09-13 11:07:01', '2023-09-13 11:07:01'),
(2135, 164, 'Income added for invoice #16', '2023-09-13 11:08:29', '2023-09-13 11:08:29'),
(2136, 164, 'Income added for invoice #17', '2023-09-13 11:10:21', '2023-09-13 11:10:21'),
(2137, 60, 'Purchase invoice <b>#6</b> placed', '2023-09-14 10:13:36', '2023-09-14 10:13:36'),
(2138, 60, 'New product name Test product 2 buy from supplier', '2023-09-14 10:13:36', '2023-09-14 10:13:36'),
(2139, 60, 'Purchase invoice <b>#7</b> placed', '2023-09-14 10:13:36', '2023-09-14 10:13:36'),
(2140, 60, 'New product name Test product 2 buy from supplier', '2023-09-14 10:13:36', '2023-09-14 10:13:36'),
(2141, 60, 'Purchase invoice <b>#8</b> placed', '2023-09-14 10:27:41', '2023-09-14 10:27:41'),
(2142, 60, 'Purchase invoice #8 updated', '2023-09-14 10:31:15', '2023-09-14 10:31:15'),
(2143, 60, 'New product name Test product 3 buy from supplier', '2023-09-14 10:31:15', '2023-09-14 10:31:15'),
(2144, 60, 'Purchase invoice #8 updated', '2023-09-14 10:31:15', '2023-09-14 10:31:15'),
(2145, 60, 'New product name Test product 3 buy from supplier', '2023-09-14 10:31:15', '2023-09-14 10:31:15'),
(2146, 60, 'Purchase invoice <b>#9</b> placed', '2023-09-14 10:31:52', '2023-09-14 10:31:52'),
(2147, 60, 'New product name Test product 2 buy from supplier', '2023-09-14 10:31:52', '2023-09-14 10:31:52'),
(2148, 60, 'Purchase invoice <b>#10</b> placed', '2023-09-14 10:32:26', '2023-09-14 10:32:26'),
(2149, 60, 'New product name Test product 5 buy from supplier', '2023-09-14 10:32:26', '2023-09-14 10:32:26'),
(2150, 60, 'Purchase invoice <b>#11</b> placed', '2023-09-14 10:32:26', '2023-09-14 10:32:26'),
(2151, 60, 'New product name Test product 5 buy from supplier', '2023-09-14 10:32:26', '2023-09-14 10:32:26'),
(2152, 60, 'Purchase invoice <b>#12</b> placed', '2023-09-14 10:33:10', '2023-09-14 10:33:10'),
(2153, 60, 'New product name Test product 1 buy from supplier', '2023-09-14 10:33:10', '2023-09-14 10:33:10'),
(2154, 60, 'Payment type title Rocket added by Admin', '2023-09-14 11:08:12', '2023-09-14 11:08:12'),
(2155, 60, 'Purchase invoice <b>#13</b> placed', '2023-09-14 12:29:11', '2023-09-14 12:29:11'),
(2156, 60, 'New product name Test product 1 buy from supplier', '2023-09-14 12:29:11', '2023-09-14 12:29:11'),
(2157, 164, 'Purchase invoice <b>#25</b> placed', '2023-09-20 06:43:00', '2023-09-20 06:43:00'),
(2158, 164, 'New product name Test product 3 buy from supplier', '2023-09-20 06:43:00', '2023-09-20 06:43:00'),
(2159, 164, 'New product name Test product 4 buy from supplier', '2023-09-20 06:43:00', '2023-09-20 06:43:00'),
(2160, 164, 'Purchase invoice <b>#26</b> placed', '2023-09-20 06:43:00', '2023-09-20 06:43:00'),
(2161, 164, 'New product name Test product 3 buy from supplier', '2023-09-20 06:43:00', '2023-09-20 06:43:00'),
(2162, 164, 'New product name Test product 4 buy from supplier', '2023-09-20 06:43:00', '2023-09-20 06:43:00'),
(2163, 164, 'Order placed to <b>GUEST CUSTOMER</b>', '2023-09-20 06:47:26', '2023-09-20 06:47:26'),
(2164, 164, 'New customer <b>Mr.saimun added by <b>majhar</b>', '2023-09-20 06:48:24', '2023-09-20 06:48:24'),
(2165, 164, 'Order placed to <b>Mr.saimun</b>', '2023-09-20 06:48:36', '2023-09-20 06:48:36'),
(2166, 164, 'Income added for invoice #18', '2023-09-20 06:59:20', '2023-09-20 06:59:20'),
(2167, 164, 'Purchase invoice <b>#27</b> placed', '2023-09-20 11:03:23', '2023-09-20 11:03:23'),
(2168, 164, 'New product name Napa 500 mg tab buy from supplier', '2023-09-20 11:03:23', '2023-09-20 11:03:23'),
(2169, 164, 'Purchase invoice <b>#27</b> placed', '2023-09-20 11:03:23', '2023-09-20 11:03:23'),
(2170, 164, 'New product name Algin 50 mg Tab buy from supplier', '2023-09-20 11:03:23', '2023-09-20 11:03:23'),
(2171, 164, 'New product name Napa 500 mg tab buy from supplier', '2023-09-20 11:03:23', '2023-09-20 11:03:23'),
(2172, 164, 'New product name Algin 50 mg Tab buy from supplier', '2023-09-20 11:03:23', '2023-09-20 11:03:23'),
(2173, 164, 'New supplier soudagor added by majhar', '2023-09-20 14:07:50', '2023-09-20 14:07:50'),
(2174, 164, 'Purchase invoice <b>#28</b> placed', '2023-09-20 14:08:36', '2023-09-20 14:08:36'),
(2175, 164, 'New product name Test product 2 buy from supplier', '2023-09-20 14:08:36', '2023-09-20 14:08:36'),
(2176, 164, 'New product name Test product 2 buy from supplier', '2023-09-20 14:08:36', '2023-09-20 14:08:36'),
(2177, 164, 'Purchase invoice <b>#29</b> placed', '2023-09-20 14:09:39', '2023-09-20 14:09:39'),
(2178, 164, 'New product name Test product 3 buy from supplier', '2023-09-20 14:09:39', '2023-09-20 14:09:39'),
(2179, 164, 'New product name Algin 50 mg Tab buy from supplier', '2023-09-20 14:09:39', '2023-09-20 14:09:39'),
(2180, 164, 'Payment type title সোনালী ব্যাংক added by majhar', '2023-09-21 13:00:14', '2023-09-21 13:00:14'),
(2181, 164, 'Order return to 4', '2023-09-21 13:04:39', '2023-09-21 13:04:39'),
(2182, 164, 'Purchase invoice <b>#30</b> placed', '2023-09-21 13:08:23', '2023-09-21 13:08:23'),
(2183, 164, 'New product name Test product 2 buy from supplier', '2023-09-21 13:08:23', '2023-09-21 13:08:23'),
(2184, 164, 'New product name Test product 4 buy from supplier', '2023-09-21 13:08:23', '2023-09-21 13:08:23'),
(2185, 164, 'New user <b>Hasan shahriar added', '2023-09-21 13:16:44', '2023-09-21 13:16:44'),
(2186, 164, 'New user <b>রাজিবুল ইসলাম added', '2023-09-21 13:18:12', '2023-09-21 13:18:12'),
(2187, 164, 'Order invoice #4 returned', '2023-09-21 13:54:00', '2023-09-21 13:54:00'),
(2188, 164, 'New customer <b>Aci Motors added by <b>majharul islam</b>', '2023-09-22 02:48:37', '2023-09-22 02:48:37'),
(2189, 164, 'New <b>service</b> name <b>Test service 2</b> added by <b>majharul islam</b>', '2023-09-22 02:54:23', '2023-09-22 02:54:23'),
(2190, 164, 'Order placed to <b>GUEST CUSTOMER</b>', '2023-09-22 02:56:20', '2023-09-22 02:56:20'),
(2191, 164, 'New customer <b>saman ali added by <b>majharul islam</b>', '2023-09-22 03:00:58', '2023-09-22 03:00:58'),
(2192, 164, 'Income added for invoice #19', '2023-09-22 03:02:57', '2023-09-22 03:02:57'),
(2193, 164, 'Expense added for invoice #20', '2023-09-22 03:06:33', '2023-09-22 03:06:33'),
(2194, 164, 'New supplier Tarequl islam added by majharul islam', '2023-09-22 03:52:19', '2023-09-22 03:52:19'),
(2195, 164, 'New supplier Samsul alamin added by majharul islam', '2023-09-22 03:52:53', '2023-09-22 03:52:53'),
(2196, 164, 'New customer <b>SABBIR Hossen added by <b>majharul islam</b>', '2023-09-22 03:54:02', '2023-09-22 03:54:02'),
(2197, 164, 'New customer <b>kaysar chiwdhury added by <b>majharul islam</b>', '2023-09-22 03:54:45', '2023-09-22 03:54:45'),
(2198, 164, 'Purchase invoice <b>#31</b> placed', '2023-09-22 14:45:59', '2023-09-22 14:45:59'),
(2199, 164, 'New product name Test product 1 buy from supplier', '2023-09-22 14:45:59', '2023-09-22 14:45:59'),
(2200, 164, 'Income added for invoice #21', '2023-09-22 14:46:36', '2023-09-22 14:46:36'),
(2201, 164, 'Order placed to <b>GUEST CUSTOMER</b>', '2023-09-22 14:48:35', '2023-09-22 14:48:35'),
(2202, 164, 'New customer <b>mamun sarker added by <b>majharul islam</b>', '2023-09-22 14:50:19', '2023-09-22 14:50:19'),
(2203, 164, 'Income added for invoice #22', '2023-09-22 14:50:51', '2023-09-22 14:50:51');

-- --------------------------------------------------------

--
-- Table structure for table `orders`
--

CREATE TABLE `orders` (
  `id` bigint(20) UNSIGNED NOT NULL,
  `user_id` bigint(20) UNSIGNED NOT NULL,
  `customer_id` bigint(20) UNSIGNED NOT NULL,
  `sales_man` varchar(255) NOT NULL,
  `order_type` varchar(255) NOT NULL,
  `invoice_no` bigint(20) UNSIGNED NOT NULL,
  `invoice_date` date NOT NULL,
  `discount` decimal(8,2) DEFAULT NULL,
  `discount_price` decimal(8,2) DEFAULT NULL,
  `vat_price` decimal(8,2) DEFAULT NULL,
  `total` decimal(8,2) NOT NULL,
  `payment_type_id` int(10) UNSIGNED NOT NULL,
  `received_amount` decimal(8,2) DEFAULT NULL,
  `balance` decimal(8,2) DEFAULT NULL,
  `note` varchar(255) DEFAULT NULL,
  `is_return` tinyint(1) NOT NULL DEFAULT 0,
  `created_at` timestamp NULL DEFAULT NULL,
  `updated_at` timestamp NULL DEFAULT NULL
) ENGINE=InnoDB DEFAULT CHARSET=utf8mb4 COLLATE=utf8mb4_unicode_ci;

--
-- Dumping data for table `orders`
--

INSERT INTO `orders` (`id`, `user_id`, `customer_id`, `sales_man`, `order_type`, `invoice_no`, `invoice_date`, `discount`, `discount_price`, `vat_price`, `total`, `payment_type_id`, `received_amount`, `balance`, `note`, `is_return`, `created_at`, `updated_at`) VALUES
(4, 5, 13, 'Md Hafiz Al Foisal - 2', 'Retail', 51, '2023-02-16', 0.00, 0.00, 0.00, 200.00, 1, 0.00, 100.00, NULL, 0, '2023-02-16 21:35:54', '2023-02-16 22:00:03'),
(5, 5, 15, 'Md Hafiz Al Foisal - 2', 'Retail', 552, '2023-02-19', 0.00, 0.00, 0.00, 280.00, 1, 0.00, 100.00, NULL, 0, '2023-02-19 21:09:37', '2023-02-25 16:33:03'),
(6, 5, 25, 'Md Hafiz Al Foisal - 2', 'Retail', 5553, '2023-02-19', 0.00, 0.00, 0.00, 25.00, 1, 0.00, 50.00, NULL, 0, '2023-02-19 21:46:36', '2023-02-25 16:30:48'),
(8, 5, 3, 'Md Hafiz Al Foisal - 2', 'Retail', 5555, '2023-02-24', 0.00, 0.00, 0.00, 20.00, 1, 0.00, 25.00, NULL, 0, '2023-02-24 16:25:01', '2023-02-25 16:34:40'),
(9, 5, 5, 'Md Hafiz Al Foisal - 2', 'Retail', 5556, '2023-02-24', 0.00, 0.00, 10.00, 10.00, 1, 0.00, 205.00, NULL, 0, '2023-02-24 23:27:06', '2023-02-25 16:35:11'),
(10, 5, 5, 'Md Hafiz Al Foisal - 2', 'Retail', 5557, '2023-02-24', 0.00, 0.00, 10.00, 15.00, 1, 0.00, 79.00, NULL, 0, '2023-02-24 23:28:00', '2023-02-25 16:34:27'),
(11, 5, 5, 'Md Hafiz Al Foisal - 2', 'Retail', 5558, '2023-02-24', 0.00, 0.00, 0.00, 60.00, 1, 0.00, 329.00, NULL, 0, '2023-02-24 23:28:23', '2023-02-25 16:33:50'),
(13, 5, 10, 'Md Hafiz Al Foisal - 2', 'Retail', 5560, '2023-02-24', 0.00, 0.00, 0.00, 70.00, 1, 0.00, 3085.00, NULL, 0, '2023-02-24 23:29:12', '2023-02-25 16:33:36'),
(14, 5, 11, 'Md Hafiz Al Foisal - 2', 'Retail', 5561, '2023-02-24', 0.00, 0.00, 10.00, 180.00, 1, 898.00, -403.00, NULL, 0, '2023-02-24 23:29:55', '2023-02-25 16:32:37'),
(15, 5, 5, 'Md Hafiz Al Foisal - 2', 'Retail', 5562, '2023-02-24', 0.00, 0.00, 0.00, 80.00, 1, 0.00, 423.00, NULL, 0, '2023-02-24 23:31:02', '2023-02-25 16:32:02'),
(16, 5, 10, 'Md Hafiz Al Foisal - 2', 'Retail', 5563, '2023-02-24', 0.00, 0.00, 0.00, 140.00, 1, 0.00, 50.00, NULL, 0, '2023-02-24 23:31:38', '2023-02-25 16:27:31'),
(17, 5, 3, 'Md Hafiz Al Foisal - 2', 'Retail', 5564, '2023-02-24', 0.00, 0.00, 10.00, 15.00, 1, 0.00, 1665.00, NULL, 0, '2023-02-24 23:32:03', '2023-02-25 16:25:45'),
(18, 5, 11, 'Md Hafiz Al Foisal - 2', 'Retail', 5565, '2023-02-24', 0.00, 0.00, 10.00, 40.00, 1, 0.00, 324.00, NULL, 0, '2023-02-24 23:32:27', '2023-02-25 16:31:35'),
(19, 5, 11, 'Md Hafiz Al Foisal - 2', 'Retail', 5566, '2023-02-24', 0.00, 0.00, 10.00, 10.00, 1, 0.00, 619.00, NULL, 0, '2023-02-24 23:33:32', '2023-02-25 16:31:23'),
(20, 5, 3, 'Md Hafiz Al Foisal - 2', 'Retail', 5567, '2023-02-24', 0.00, 0.00, 0.00, 70.00, 1, 0.00, 1735.00, NULL, 0, '2023-02-24 23:33:55', '2023-02-25 16:31:10'),
(21, 5, 35, 'Md Hafiz Al', 'Retail', 5568, '2023-02-27', 0.00, 0.00, 35.50, 125.00, 1, 50.00, 75.00, NULL, 0, '2023-02-27 14:11:24', '2023-02-27 14:11:24'),
(22, 39, 43, 'mazhar', 'Retail', 1, '2023-02-27', 0.00, 0.00, 90.00, 18620.00, 1, 10000.00, 14620.00, NULL, 0, '2023-02-27 20:08:17', '2023-02-27 20:08:17'),
(23, 39, 41, 'mazhar', 'Retail', 2, '2023-02-27', 0.60, 365.50, 8995.50, 68000.00, 1, 50000.00, 18000.00, NULL, 0, '2023-02-28 01:56:17', '2023-02-28 01:56:17'),
(24, 39, 41, 'mazhar', 'Retail', 3, '2023-03-01', 0.00, 0.00, 10.00, 550.00, 1, 21000.00, -20450.00, NULL, 0, '2023-03-01 21:12:22', '2023-03-03 04:55:09'),
(25, 39, 41, 'mazhar', 'Retail', 4, '2023-03-01', 0.00, 0.00, 0.00, 71960.00, 1, 89960.00, 0.00, NULL, 0, '2023-03-01 21:18:00', '2023-03-01 21:18:00'),
(26, 39, 41, 'mazhar', 'Retail', 5, '2023-03-01', 0.00, 0.00, 315.00, 131205.00, 1, 50000.00, 99205.00, NULL, 0, '2023-03-01 21:19:17', '2023-03-01 21:19:17'),
(27, 39, 41, 'mazhar', 'Retail', 6, '2023-03-01', 0.00, 0.00, 105.00, 3835.00, 1, 835.00, 21000.00, NULL, 0, '2023-03-01 21:21:46', '2023-03-01 21:21:46'),
(28, 39, 46, 'mazhar', 'Retail', 7, '2023-03-01', 0.00, 0.00, 315.00, 6205.00, 1, 205.00, 6000.00, NULL, 0, '2023-03-01 21:23:30', '2023-03-01 21:23:30'),
(29, 39, 41, 'mazhar', 'Retail', 8, '2023-03-01', 0.00, 0.00, 315.00, 6205.00, 1, 205.00, 6000.00, NULL, 0, '2023-03-01 21:31:42', '2023-03-01 21:31:42'),
(30, 39, 47, 'mazhar', 'Retail', 9, '2023-03-01', 0.00, 0.00, 0.00, 17990.00, 2, 990.00, 37000.00, NULL, 0, '2023-03-01 21:33:28', '2023-03-01 21:33:28'),
(31, 39, 47, 'mazhar', 'Retail', 10, '2023-03-01', 0.00, 0.00, 0.00, 17990.00, 1, 20000.00, 17990.00, NULL, 0, '2023-03-01 21:38:12', '2023-03-01 21:38:12'),
(32, 39, 42, 'mazhar', 'Retail', 11, '2023-03-02', 0.00, 0.00, 540.00, 540.00, 2, 5380.00, 380.00, NULL, 0, '2023-03-02 05:28:05', '2023-03-02 17:56:43'),
(33, 39, 41, 'mazhar', 'Retail', 12, '2023-03-02', 0.00, 0.00, 0.00, 250.00, 1, 6250.00, 0.00, NULL, 0, '2023-03-02 20:07:41', '2023-03-02 20:07:41'),
(34, 39, 41, 'mazhar', 'Retail', 13, '2023-03-02', 1.10, 50.00, 450.00, 4900.00, 1, 900.00, 4000.00, NULL, 0, '2023-03-02 22:35:21', '2023-03-02 22:35:21'),
(35, 39, 41, 'mazhar', 'Retail', 14, '2023-03-02', 0.00, 0.00, 810.00, 6210.00, 1, 6210.00, 0.00, NULL, 0, '2023-03-02 22:44:43', '2023-03-02 22:44:43'),
(36, 39, 41, 'mazhar', 'Retail', 15, '2023-03-02', 0.00, 0.00, 250.00, 5200.00, 1, 5200.00, 0.00, NULL, 0, '2023-03-02 23:07:06', '2023-03-02 23:07:06'),
(37, 39, 41, 'mazhar', 'Retail', 16, '2023-03-02', 0.00, 0.00, 137.50, 827.50, 1, 827.50, 0.00, NULL, 0, '2023-03-03 03:31:48', '2023-03-03 03:31:48'),
(38, 39, 43, 'mazhar', 'Retail', 17, '2023-03-02', 0.10, 0.50, 137.50, 827.00, 1, 247.00, 5200.00, NULL, 0, '2023-03-03 03:47:04', '2023-03-03 03:47:04'),
(39, 39, 43, 'mazhar', 'Retail', 18, '2023-03-02', 0.00, 0.00, 2475.00, 14895.00, 2, 2000.00, 17515.00, NULL, 0, '2023-03-03 03:58:33', '2023-03-03 03:58:33'),
(40, 39, 43, 'mazhar', 'Retail', 19, '2023-03-02', 0.00, 0.00, 0.00, 17990.00, 1, 990.00, 17000.00, NULL, 0, '2023-03-03 04:02:51', '2023-03-03 04:02:51'),
(41, 39, 50, 'mazhar', 'Retail', 20, '2023-03-02', 0.00, 0.00, 0.00, 21380.00, 1, 580.00, 26000.00, NULL, 0, '2023-03-03 04:04:25', '2023-03-03 04:04:25'),
(42, 39, 44, 'mazhar', 'Retail', 21, '2023-03-02', 0.00, 0.00, 6700.00, 67000.00, 4, 420.00, 66580.00, NULL, 0, '2023-03-03 04:05:31', '2023-03-03 04:05:31'),
(43, 39, 44, 'mazhar', 'Retail', 22, '2023-03-02', 0.00, 0.00, 0.00, 17990.00, 1, 990.00, 17000.00, NULL, 0, '2023-03-03 04:17:34', '2023-03-03 04:17:34'),
(44, 39, 43, 'mazhar', 'Retail', 23, '2023-03-03', 0.00, 0.00, 6300.00, 316380.00, 1, 33380.00, 300000.00, NULL, 0, '2023-03-03 16:28:12', '2023-03-03 16:28:12'),
(45, 39, 41, 'mazhar', 'Retail', 24, '2023-03-03', 0.00, 0.00, 300.00, 149380.00, 1, 2000.00, 167830.00, NULL, 0, '2023-03-03 16:33:01', '2023-03-03 16:33:01'),
(46, 39, 41, 'mazhar', 'Retail', 25, '2023-03-03', 0.00, 0.00, 300.00, 6390.00, 1, 220.00, 174000.00, NULL, 0, '2023-03-03 16:48:27', '2023-03-03 16:48:27'),
(47, 39, 41, 'mazhar', 'Retail', 26, '2023-03-03', 0.00, 0.00, 6000.00, 60000.00, 1, 4000.00, 230000.00, NULL, 0, '2023-03-03 16:50:55', '2023-03-03 16:50:55'),
(48, 39, 41, 'mazhar', 'Retail', 27, '2023-03-03', 13.00, 7000.00, 3000.00, 50000.00, 1, 25000.00, 25000.00, NULL, 0, '2023-03-03 19:11:55', '2023-03-03 19:11:55'),
(49, 39, 46, 'mazhar', 'Retail', 28, '2023-03-03', 0.00, 0.00, 300.00, 131390.00, 1, 2390.00, 135000.00, NULL, 0, '2023-03-03 19:21:22', '2023-03-03 19:21:22'),
(50, 39, 55, 'mazhar', 'Retail', 29, '2023-03-03', 0.00, 0.00, 700.00, 7000.00, 1, 3500.00, 3500.00, NULL, 0, '2023-03-03 19:33:39', '2023-03-03 19:33:39'),
(51, 5, 35, 'Md Hafiz Al', 'Retail', 5569, '2023-03-21', 0.00, 0.00, 3.00, 22.80, 1, 22.80, 0.00, NULL, 0, '2023-03-21 08:44:17', '2023-03-21 08:44:17'),
(52, 5, 10, 'Md Hafiz Al', 'Retail', 5570, '2023-03-28', 0.00, 0.00, 0.00, 575.00, 2, 400.00, 175.00, NULL, 0, '2023-03-28 05:02:09', '2023-03-28 05:02:09'),
(53, 5, 35, 'Md Hafiz Al', 'Retail', 5571, '2023-03-29', 0.00, 0.00, 0.00, 104.00, 1, 104.00, 0.00, NULL, 0, '2023-03-29 05:29:00', '2023-03-29 05:29:00'),
(54, 41, 59, 'Admin', 'Retail', 1, '2023-04-01', 0.00, 0.00, 0.00, 90.00, 1, 0.00, 90.00, NULL, 0, '2023-04-01 06:38:33', '2023-04-01 06:38:33'),
(55, 41, 59, 'Admin', 'Retail', 2, '2023-04-01', 0.00, 0.00, 0.00, 150.00, 1, 0.00, 150.00, NULL, 0, '2023-04-01 06:39:06', '2023-04-01 06:39:06'),
(56, 41, 59, 'Admin', 'Retail', 3, '2023-04-01', 0.00, 0.00, 0.00, 210.00, 1, 210.00, 0.00, NULL, 0, '2023-04-01 06:40:25', '2023-04-01 06:40:25'),
(57, 41, 56, 'Admin', 'Retail', 4, '2023-04-02', 0.00, 0.00, 0.00, 40.00, 1, 40.00, 0.00, NULL, 0, '2023-04-02 12:58:23', '2023-04-02 12:58:23'),
(58, 45, 65, 'Admin', 'Retail', 1, '2023-04-03', 0.00, 0.00, 1120.00, 11200.00, 1, 200.00, 11000.00, NULL, 0, '2023-04-03 12:40:02', '2023-04-03 12:40:02'),
(59, 45, 66, 'Admin', 'Retail', 2, '2023-04-03', 0.00, 0.00, 1260.00, 13860.00, 1, 13000.00, 860.00, NULL, 0, '2023-04-03 12:49:21', '2023-04-03 12:49:21'),
(60, 45, 67, 'Admin', 'Retail', 3, '2023-04-03', 0.20, 20.00, 1020.00, 11200.00, 2, 0.00, 11000.00, NULL, 0, '2023-04-03 13:21:19', '2023-04-03 13:21:19'),
(62, 45, 78, 'Admin', 'Retail', 4, '2023-04-04', 0.00, 0.00, 272.00, 2992.00, 2, 2000.00, 992.00, NULL, 0, '2023-04-04 16:58:32', '2023-04-04 16:58:32'),
(63, 45, 82, 'Admin', 'Retail', 5, '2023-04-05', 0.00, 0.00, 288.00, 3168.00, 1, 1500.00, 1668.00, NULL, 0, '2023-04-05 07:09:57', '2023-04-05 07:09:57'),
(64, 45, 65, 'Admin', 'Retail', 6, '2023-04-05', 0.00, 0.00, 1152.00, 12672.00, 1, 0.00, 12672.00, NULL, 0, '2023-04-05 16:56:15', '2023-04-05 16:56:15'),
(65, 45, 67, 'Admin', 'Retail', 7, '2023-04-05', 0.00, 0.00, 288.00, 3168.00, 1, 0.00, 3168.00, NULL, 0, '2023-04-05 17:01:28', '2023-04-05 17:01:28'),
(66, 45, 88, 'Admin', 'Retail', 8, '2023-04-05', 0.00, 0.00, 300.00, 3000.00, 1, 0.00, 3000.00, NULL, 0, '2023-04-05 21:33:29', '2023-04-05 21:33:29'),
(67, 45, 65, 'Admin', 'Retail', 9, '2023-04-06', 0.00, 0.00, 1440.00, 15840.00, 1, 1000.00, 14840.00, NULL, 0, '2023-04-06 11:27:46', '2023-04-06 11:27:46'),
(68, 45, 66, 'Admin', 'Retail', 10, '2023-04-07', 5.00, 144.00, 288.00, 3024.00, 1, 0.00, 3024.00, NULL, 0, '2023-04-07 12:44:35', '2023-04-07 12:44:35'),
(69, 45, 64, 'Admin', 'Retail', 11, '2023-04-09', 0.00, 0.00, 5760.00, 63360.00, 1, 63360.00, 0.00, NULL, 0, '2023-04-09 15:32:51', '2023-04-09 15:32:51'),
(70, 45, 69, 'Admin', 'Retail', 12, '2023-04-10', 0.00, 0.00, 288.00, 3168.00, 15, 1680.00, 1488.00, NULL, 0, '2023-04-10 17:27:55', '2023-04-10 17:27:55'),
(71, 45, 88, 'Admin', 'Retail', 13, '2023-04-12', 0.00, 0.00, 288.00, 3168.00, 1, 2000.00, 1168.00, NULL, 0, '2023-04-12 21:35:51', '2023-04-12 21:35:51'),
(72, 45, 88, 'Admin', 'Retail', 14, '2023-04-12', 0.00, 0.00, 576.00, 9336.00, 1, 200.00, 9136.00, NULL, 0, '2023-04-12 21:37:55', '2023-04-12 21:37:55'),
(73, 45, 96, 'Admin', 'Retail', 15, '2023-04-13', 0.00, 0.00, 525.00, 7025.00, 15, 5000.00, 2025.00, NULL, 0, '2023-04-13 08:55:45', '2023-04-13 08:55:45'),
(74, 45, 96, 'Admin', 'Retail', 16, '2023-04-13', 0.00, 0.00, 320.00, 3520.00, 15, 0.00, 3520.00, NULL, 0, '2023-04-13 09:06:55', '2023-04-13 09:06:55'),
(75, 45, 81, 'Admin', 'Retail', 17, '2023-04-13', 0.00, 0.00, 525.00, 7025.00, 2, 0.00, 7025.00, NULL, 0, '2023-04-13 09:08:18', '2023-04-13 09:08:18'),
(76, 45, 67, 'Admin', 'Retail', 18, '2023-04-14', 0.00, 0.00, 544.00, 5984.00, 2, 5000.00, 984.00, NULL, 0, '2023-04-14 09:49:58', '2023-04-14 09:49:58'),
(77, 45, 65, 'Admin', 'Retail', 19, '2023-04-16', 0.00, 0.00, 525.00, 28025.00, 2, 500.00, 27525.00, NULL, 0, '2023-04-16 10:18:45', '2023-04-16 10:18:45'),
(79, 45, 68, 'Admin', 'Retail', 20, '2023-04-19', 0.00, 0.00, 272.00, 5992.00, 1, 0.00, 5992.00, NULL, 0, '2023-04-19 03:42:57', '2023-04-19 03:42:57'),
(80, 45, 95, 'Admin', 'Retail', 21, '2023-04-19', 0.00, 0.00, 272.00, 5992.00, 3, 0.00, 5992.00, NULL, 0, '2023-04-19 04:26:53', '2023-04-19 04:26:53'),
(81, 47, 101, 'Admin', 'Retail', 1, '2023-04-19', 2.00, 6.86, 6.85, 342.99, 1, 250.00, 92.99, NULL, 0, '2023-04-19 20:24:18', '2023-04-19 20:24:18'),
(82, 50, 100, 'Admin', 'Retail', 1, '2023-04-20', 0.00, 0.00, 0.00, 100.00, 2, 100.00, 0.00, NULL, 0, '2023-04-20 00:20:34', '2023-04-20 00:20:34'),
(83, 50, 100, 'Admin', 'Retail', 2, '2023-04-20', 0.00, 0.00, 0.00, 50.00, 3, 50.00, 0.00, NULL, 0, '2023-04-20 00:21:41', '2023-04-20 00:21:41'),
(84, 49, 102, 'Admin', 'Retail', 1, '2023-04-20', 2.30, 5.00, 5.01, 221.91, 1, 300.00, -78.09, NULL, 0, '2023-04-20 02:18:00', '2023-04-20 02:38:15'),
(85, 49, 102, 'Admin', 'Retail', 2, '2023-04-20', 0.00, 0.00, 11.40, 581.40, 1, 561.40, 20.00, NULL, 0, '2023-04-20 03:01:20', '2023-04-20 03:01:20'),
(88, 49, 102, 'Admin', 'Retail', 3, '2023-04-20', 0.00, 0.00, 4.05, 142.05, 1, 125.00, 17.05, NULL, 0, '2023-04-20 05:04:31', '2023-04-20 05:04:56'),
(89, 48, 105, 'Admin', 'Retail', 1, '2023-04-20', 0.00, 0.00, 20.45, 1067.95, 1, 1000.00, 67.95, NULL, 0, '2023-04-20 10:44:16', '2023-04-20 10:44:16'),
(90, 48, 105, 'Admin', 'Retail', 2, '2023-04-20', 1.00, 11.00, 0.00, 1089.00, 2, 1000.00, 89.00, NULL, 1, '2023-04-20 11:01:25', '2023-05-15 23:18:11'),
(91, 48, 107, 'Admin', 'Retail', 3, '2023-04-20', 0.00, 0.00, 43.10, 3973.70, 3, 3500.00, 473.70, NULL, 0, '2023-04-20 11:13:59', '2023-04-20 11:13:59'),
(92, 47, 108, 'Admin', 'Retail', 2, '2023-04-24', 0.00, 0.00, 1.89, 64.89, 1, 0.00, 64.89, NULL, 0, '2023-04-24 16:29:31', '2023-04-24 16:29:31'),
(93, 47, 110, 'Admin', 'Retail', 3, '2023-04-26', 0.70, 0.68, 2.18, 93.00, 1, 0.00, 93.00, NULL, 0, '2023-04-26 08:32:12', '2023-04-26 08:32:12'),
(94, 48, 105, 'Admin', 'Retail', 4, '2023-04-29', 5.00, 2.53, 0.40, 48.47, 1, 0.00, 48.47, NULL, 0, '2023-04-29 07:22:12', '2023-04-29 07:22:12'),
(95, 58, 113, 'Admin', 'Retail', 1, '2023-04-29', 1.00, 17.22, 6.45, 1710.98, 1, 1700.00, 10.98, NULL, 0, '2023-04-29 21:36:28', '2023-04-29 21:36:28'),
(96, 59, 116, 'Admin', 'Retail', 1, '2023-05-01', 3.80, 33.00, 133.00, 960.00, 1, 500.00, 460.00, NULL, 0, '2023-05-02 02:23:45', '2023-05-02 02:23:45'),
(97, 59, 118, 'Admin', 'Retail', 2, '2023-05-02', 1.20, 9.80, 93.80, 930.00, 3, 600.00, 330.00, NULL, 0, '2023-05-02 14:59:52', '2023-05-02 14:59:52'),
(99, 60, 120, 'Admin', 'Retail', 1, '2023-05-02', 1.70, 18.75, 209.45, 1300.00, 1, 300.00, 1000.00, NULL, 0, '2023-05-03 02:55:23', '2023-05-03 02:55:23'),
(100, 60, 120, 'Admin', 'Retail', 2, '2023-05-03', 0.70, 15.50, 306.90, 2650.00, 1, 2650.00, 0.00, NULL, 0, '2023-05-03 15:54:50', '2023-05-03 15:54:50'),
(101, 60, 122, 'Admin', 'Retail', 3, '2023-05-03', 3.20, 50.61, 184.91, 1700.00, 1, 1200.00, 500.00, NULL, 0, '2023-05-03 16:38:48', '2023-05-03 17:32:27'),
(102, 62, 124, 'Admin', 'Retail', 1, '2023-05-04', 3.30, 7.50, 22.50, 240.00, 1, 0.00, 240.00, NULL, 0, '2023-05-04 17:55:02', '2023-05-04 17:55:02'),
(103, 60, 125, 'Admin', 'Retail', 4, '2023-05-04', 0.00, 0.00, 105.17, 946.17, 1, 0.00, 946.17, NULL, 0, '2023-05-04 20:48:14', '2023-05-04 20:48:14'),
(104, 60, 122, 'Admin', 'Retail', 5, '2023-05-04', 0.00, 0.00, 32.06, 322.56, 1, 0.00, 322.56, NULL, 0, '2023-05-04 20:52:47', '2023-05-04 20:52:47'),
(105, 60, 120, 'Admin', 'Retail', 6, '2023-05-04', 0.00, 0.00, 32.06, 322.56, 1, 0.00, 322.56, NULL, 0, '2023-05-04 20:54:09', '2023-05-04 20:54:09'),
(107, 60, 126, 'Admin', 'Retail', 7, '2023-05-05', 2.20, 5.55, 39.69, 290.00, 1, 0.00, 290.00, NULL, 0, '2023-05-06 01:15:00', '2023-05-06 01:15:00'),
(108, 60, 126, 'Admin', 'Retail', 8, '2023-05-05', 11.10, 10.00, 0.00, 80.00, 1, 0.00, 80.00, NULL, 0, '2023-05-06 02:33:24', '2023-05-06 02:34:28'),
(109, 60, 127, 'Admin', 'Retail', 9, '2023-05-06', 2.40, 24.20, 102.20, 1100.00, 1, 200.00, 900.00, NULL, 0, '2023-05-06 14:58:09', '2023-05-06 14:58:09'),
(110, 60, 129, 'Admin', 'Retail', 10, '2023-05-06', 2.40, 2.42, 10.22, 110.00, 1, 0.00, 110.00, NULL, 0, '2023-05-06 17:44:31', '2023-05-06 17:44:31'),
(111, 63, 130, 'Admin', 'Retail', 1, '2023-05-06', 0.00, 0.00, 0.00, 80.00, 1, 80.00, 0.00, NULL, 0, '2023-05-06 18:22:24', '2023-05-06 18:22:24'),
(112, 63, 132, 'Admin', 'Retail', 2, '2023-05-06', 1.40, 8.50, 83.50, 700.00, 1, 200.00, 500.00, NULL, 0, '2023-05-07 02:40:39', '2023-05-07 02:40:39'),
(113, 64, 134, 'Admin', 'Retail', 1, '2023-05-07', 0.00, 0.00, 0.00, 700.00, 1, 200.00, 500.00, NULL, 0, '2023-05-07 04:19:59', '2023-05-07 04:19:59'),
(114, 64, 135, 'Admin', 'Retail', 2, '2023-05-07', 0.70, 2.50, 42.50, 390.00, 1, 0.00, 390.00, NULL, 0, '2023-05-07 15:02:02', '2023-05-07 15:02:02'),
(115, 64, 136, 'Admin', 'Retail', 3, '2023-05-07', 4.30, 6.75, 11.25, 160.00, 1, 100.00, 60.00, NULL, 0, '2023-05-07 17:47:56', '2023-05-07 17:47:56'),
(116, 48, 98, 'Admin', 'Retail', 5, '2023-05-07', 0.00, 0.00, 15.34, 1014.14, 1, 1014.14, 0.00, NULL, 0, '2023-05-07 19:38:01', '2023-05-07 19:38:01'),
(134, 64, 141, 'Admin', 'Retail', 4, '2023-05-11', 0.70, 4.50, 94.50, 720.00, 1, 700.00, 20.00, NULL, 0, '2023-05-12 03:50:43', '2023-05-12 03:50:43'),
(135, 64, 133, 'Admin', 'Retail', 5, '2023-05-11', 14.00, 138.50, 148.50, 1000.00, 1, 1000.00, 0.00, NULL, 0, '2023-05-12 03:59:26', '2023-05-12 03:59:26'),
(136, 64, 141, 'Admin', 'Retail', 6, '2023-05-12', 1.20, 9.40, 113.40, 860.00, 1, 260.00, 600.00, NULL, 0, '2023-05-12 04:10:50', '2023-05-12 04:10:50'),
(137, 64, 133, 'Admin', 'Retail', 7, '2023-05-12', 0.00, 0.00, 58.50, 486.00, 1, 486.00, 0.00, NULL, 0, '2023-05-12 04:20:33', '2023-05-12 04:20:33'),
(138, 64, 133, 'Admin', 'Retail', 8, '2023-05-12', 1.30, 0.65, 7.65, 58.00, 1, 58.00, 0.00, NULL, 0, '2023-05-12 04:39:56', '2023-05-12 04:39:56'),
(139, 64, 133, 'Admin', 'Retail', 9, '2023-05-12', 0.00, 0.00, 75.00, 575.00, 1, 575.00, 0.00, NULL, 0, '2023-05-12 04:44:58', '2023-05-12 04:44:58'),
(140, 64, 133, 'Admin', 'Retail', 10, '2023-05-12', 1.50, 6.45, 63.45, 480.00, 1, 480.00, 0.00, NULL, 0, '2023-05-12 20:10:27', '2023-05-12 20:10:27'),
(141, 65, 147, 'Admin', 'Retail', 1, '2023-05-15', 2.10, 6.50, 31.50, 340.00, 1, 340.00, 0.00, NULL, 0, '2023-05-15 15:07:34', '2023-05-15 15:07:34'),
(142, 65, 148, 'Admin', 'Retail', 2, '2023-05-15', 0.40, 1.70, 50.70, 460.00, 1, 200.00, 260.00, NULL, 0, '2023-05-15 15:16:02', '2023-05-15 15:16:02'),
(143, 65, 150, 'Admin', 'Retail', 3, '2023-05-16', 1.50, 3.85, 32.85, 290.00, 1, 90.00, 200.00, NULL, 0, '2023-05-16 04:11:15', '2023-05-16 04:11:15'),
(144, 65, 150, 'Admin', 'Retail', 4, '2023-05-16', 4.00, 14.90, 45.90, 400.00, 1, 200.00, 200.00, NULL, 0, '2023-05-16 04:12:01', '2023-05-16 04:12:01'),
(145, 66, 153, 'Admin', 'Retail', 1, '2023-05-19', 1.50, 19.40, 204.40, 1500.00, 1, 1000.00, 500.00, NULL, 0, '2023-05-20 00:17:33', '2023-05-20 00:17:33'),
(146, 66, 153, 'Admin', 'Retail', 2, '2023-05-19', 1.70, 31.40, 287.00, 2050.00, 1, 1050.00, 1000.00, NULL, 0, '2023-05-20 01:54:33', '2023-05-20 03:11:06'),
(147, 66, 154, 'Admin', 'Retail', 3, '2023-05-20', 2.70, 93.60, 564.80, 4000.00, 1, 2000.00, 2000.00, NULL, 1, '2023-05-20 15:32:20', '2023-05-21 21:42:24'),
(148, 66, 155, 'Admin', 'Retail', 4, '2023-05-20', 4.30, 99.20, 379.20, 2600.00, 1, 2000.00, 600.00, NULL, 1, '2023-05-20 16:14:51', '2023-05-20 17:39:25'),
(149, 66, 151, 'Admin', 'Retail', 5, '2023-05-20', 0.00, 0.00, 0.00, 1500.00, 1, 1500.00, 0.00, NULL, 0, '2023-05-20 18:36:51', '2023-05-20 18:39:34'),
(151, 66, 155, 'Admin', 'Retail', 6, '2023-05-20', 2.20, 19.20, 139.20, 1000.00, 1, 500.00, 500.00, NULL, 1, '2023-05-21 02:26:54', '2023-05-21 21:19:07'),
(153, 66, 155, 'Admin', 'Retail', 7, '2023-05-21', 0.90, 0.88, 14.88, 110.00, 1, 0.00, 110.00, NULL, 0, '2023-05-21 22:04:23', '2023-05-21 22:06:14'),
(154, 73, 167, 'Admin', 'Retail', 1, '2023-05-27', 1.60, 24.60, 264.60, 1800.00, 1, 400.00, 1400.00, NULL, 0, '2023-05-27 13:32:04', '2023-05-28 22:47:30'),
(155, 73, 168, 'Admin', 'Retail', 2, '2023-05-28', 2.20, 68.40, 518.40, 3600.00, 1, 3000.00, 600.00, NULL, 1, '2023-05-28 12:30:23', '2023-05-28 12:55:44'),
(156, 48, 106, 'Admin', 'Retail', 6, '2023-05-29', 10.00, 9.15, 37.49, 1915.34, 1, 20.00, 1895.34, NULL, 1, '2023-05-29 18:23:10', '2023-05-29 18:24:51'),
(158, 65, 150, 'Admin', 'Retail', 5, '2023-06-15', 1.30, 9.50, 109.50, 830.00, 1, 0.00, 830.00, NULL, 0, '2023-06-15 15:09:24', '2023-06-15 15:09:24'),
(159, 65, 201, 'Admin', 'Retail', 6, '2023-06-23', 3.90, 17.50, 67.50, 500.00, 1, 0.00, 500.00, NULL, 0, '2023-06-23 05:47:46', '2023-06-23 05:47:46'),
(160, 65, 146, 'Admin', 'Retail', 7, '2023-07-10', 1.30, 9.50, 109.50, 830.00, 17, 830.00, 0.00, NULL, 0, '2023-07-09 18:01:59', '2023-07-09 18:01:59'),
(161, 65, 209, 'Admin', 'Retail', 8, '2023-07-10', 3.80, 39.50, 109.50, 1100.00, 1, 0.00, 1100.00, NULL, 0, '2023-07-09 18:06:18', '2023-07-09 18:06:18'),
(162, 65, 146, 'Admin', 'Retail', 9, '2023-07-16', 0.00, 0.00, 10.95, 113.95, 1, 113.95, 0.00, NULL, 0, '2023-07-16 07:35:57', '2023-07-16 07:35:57'),
(164, 65, 208, 'Admin', 'Retail', 10, '2023-07-17', 1.30, 9.50, 109.50, 830.00, 1, 600.00, 230.00, NULL, 0, '2023-07-17 13:47:58', '2023-07-17 13:47:58'),
(165, 65, 211, 'Admin', 'Retail', 11, '2023-07-17', 1.30, 9.50, 109.50, 830.00, 1, 0.00, 830.00, NULL, 0, '2023-07-17 13:51:30', '2023-07-17 13:51:30'),
(166, 65, 212, 'Admin', 'Retail', 12, '2023-07-22', 0.00, 0.00, 84.00, 1424.00, 1, 0.00, 1424.00, NULL, 0, '2023-07-22 11:45:24', '2023-07-22 11:45:24'),
(167, 164, 213, 'Admin', 'Retail', 1, '2023-08-05', 0.00, 0.00, 0.00, 300.00, 1, 300.00, 0.00, NULL, 0, '2023-08-05 09:14:10', '2023-08-05 09:14:10'),
(168, 164, 215, 'Admin', 'Retail', 2, '2023-08-05', 0.00, 0.00, 0.00, 3000.00, 1, 2000.00, 1000.00, NULL, 0, '2023-08-05 09:16:06', '2023-08-05 09:16:06'),
(169, 164, 217, 'Admin', 'Retail', 3, '2023-08-05', 0.00, 0.00, 0.00, 300.00, 1, 200.00, 100.00, NULL, 0, '2023-08-05 09:17:28', '2023-08-05 09:17:28'),
(170, 164, 217, 'Admin', 'Retail', 4, '2023-08-05', 0.00, 0.00, 0.00, 600.00, 1, 0.00, 600.00, NULL, 0, '2023-08-05 09:20:24', '2023-08-05 09:20:24'),
(171, 164, 218, 'Admin', 'Retail', 5, '2023-08-05', 0.00, 0.00, 0.00, 900.00, 1, 0.00, 900.00, NULL, 0, '2023-08-05 09:23:47', '2023-08-05 09:23:47'),
(172, 164, 218, 'Admin', 'Retail', 6, '2023-08-05', 0.00, 0.00, 0.00, 600.00, 1, 200.00, 400.00, NULL, 0, '2023-08-05 09:24:43', '2023-08-05 09:24:43'),
(173, 164, 219, 'majhar', 'Retail', 7, '2023-08-08', 2.00, 50.00, 150.00, 2600.00, 1, 2600.00, 0.00, NULL, 0, '2023-08-08 08:25:24', '2023-08-08 08:25:24'),
(174, 164, 213, 'majhar', 'Retail', 8, '2023-08-20', 0.00, 0.00, 7.50, 167.50, 1, 167.50, 0.00, NULL, 0, '2023-08-20 09:11:54', '2023-08-20 09:11:54'),
(175, 164, 213, 'majhar', 'Retail', 9, '2023-08-21', 0.00, 0.00, 7.50, 147.50, 1, 147.50, 0.00, NULL, 0, '2023-08-21 10:32:17', '2023-08-21 10:32:17'),
(176, 164, 235, 'majhar', 'Retail', 10, '2023-08-21', 0.00, 0.00, 7.50, 417.50, 1, 0.00, 417.50, NULL, 0, '2023-08-21 10:33:18', '2023-08-21 10:33:18'),
(177, 164, 215, 'majhar', 'Retail', 11, '2023-08-23', 0.00, 0.00, 75.00, 875.00, 1, 0.00, 875.00, NULL, 0, '2023-08-23 14:06:33', '2023-08-23 14:06:33'),
(178, 205, 240, 'Admin', 'Retail', 1, '2023-08-24', 0.00, 0.00, 0.00, 15.00, 1, 15.00, 0.00, NULL, 0, '2023-08-24 11:03:48', '2023-08-24 11:03:48'),
(179, 164, 213, 'majhar', 'Retail', 12, '2023-08-24', 47.60, 5.00, 0.00, 115.00, 1, 115.00, 0.00, NULL, 0, '2023-08-24 14:25:15', '2023-08-24 14:25:15'),
(180, 164, 213, 'majhar', 'Retail', 13, '2023-08-29', 0.00, 0.00, 33.75, 258.75, 1, 258.75, 0.00, NULL, 0, '2023-08-29 08:25:50', '2023-08-29 08:25:50'),
(181, 164, 243, 'majhar', 'Retail', 14, '2023-08-29', 0.00, 0.00, 168.75, 1293.75, 1, 1000.00, 293.75, NULL, 0, '2023-08-29 08:29:00', '2023-08-29 08:29:00'),
(182, 207, 245, 'Admin', 'Retail', 1, '2023-08-29', 0.00, 0.00, 0.00, 360.00, 1, 300.00, 60.00, NULL, 0, '2023-08-29 08:54:50', '2023-08-29 08:54:50'),
(183, 164, 213, 'majhar', 'Retail', 15, '2023-08-30', 0.00, 0.00, 0.00, 700.00, 1, 700.00, 0.00, NULL, 0, '2023-08-30 06:12:44', '2023-08-30 06:12:44'),
(184, 164, 213, 'majhar', 'Retail', 16, '2023-08-30', 0.00, 0.00, 7.50, 817.50, 1, 817.50, 0.00, NULL, 0, '2023-08-30 06:31:54', '2023-08-30 06:31:54'),
(185, 164, 213, 'majhar', 'Retail', 17, '2023-08-30', 2.20, 17.50, 7.50, 800.00, 1, 800.00, 0.00, NULL, 0, '2023-08-30 06:34:16', '2023-08-30 06:34:16'),
(186, 164, 213, 'majhar', 'Retail', 18, '2023-08-30', 0.00, 0.00, 0.00, 830.00, 1, 830.00, 0.00, NULL, 0, '2023-08-30 06:41:14', '2023-08-30 06:41:14'),
(187, 164, 246, 'majhar', 'Retail', 19, '2023-08-30', 0.00, 0.00, 7.50, 207.50, 1, 0.00, 207.50, NULL, 0, '2023-08-30 06:44:04', '2023-08-30 06:44:04'),
(188, 164, 213, 'majhar', 'Retail', 20, '2023-08-30', 0.00, 0.00, 7.50, 817.50, 1, 817.50, 0.00, NULL, 0, '2023-08-30 06:54:12', '2023-08-30 06:54:12'),
(189, 164, 213, 'majhar', 'Retail', 21, '2023-08-30', 0.00, 0.00, 67.50, 7577.50, 1, 7577.50, 0.00, NULL, 0, '2023-08-30 07:18:44', '2023-08-30 07:18:44'),
(190, 164, 213, 'majhar', 'Retail', 22, '2023-08-30', 0.00, 0.00, 7.50, 867.50, 1, 867.50, 0.00, NULL, 0, '2023-08-30 07:36:57', '2023-08-30 07:36:57'),
(191, 164, 246, 'majhar', 'Retail', 23, '2023-08-30', 0.00, 2.50, 1012.50, 7760.00, 1, 7760.00, 0.00, NULL, 1, '2023-08-30 12:46:06', '2023-09-02 15:43:35'),
(192, 164, 235, 'majhar', 'Retail', 24, '2023-08-30', 0.00, 0.00, 0.00, 180.00, 1, 0.00, 180.00, NULL, 1, '2023-08-30 13:55:55', '2023-09-21 13:04:39'),
(193, 164, 213, 'majhar', 'Retail', 25, '2023-08-30', 0.00, 0.00, 0.00, 60.00, 1, 60.00, 0.00, NULL, 0, '2023-08-30 14:02:13', '2023-08-30 14:02:13'),
(194, 164, 248, 'majhar', 'Retail', 26, '2023-09-02', 0.00, 0.00, 0.00, 5100.00, 1, 3000.00, 2100.00, NULL, 1, '2023-09-02 06:01:46', '2023-09-02 15:37:26'),
(195, 164, 250, 'majhar', 'Retail', 27, '2023-09-02', 0.00, 0.00, 0.00, 126.00, 1, 100.00, 26.00, NULL, 0, '2023-09-02 06:26:58', '2023-09-02 06:26:58'),
(196, 164, 213, 'majhar', 'Retail', 28, '2023-09-05', 0.00, 0.00, 0.00, 810.00, 1, 810.00, 0.00, NULL, 0, '2023-09-05 05:22:49', '2023-09-05 05:22:49'),
(197, 164, 243, 'majhar', 'Retail', 29, '2023-09-05', 0.00, 0.00, 0.00, 160.00, 1, 0.00, 160.00, NULL, 0, '2023-09-05 05:23:30', '2023-09-05 05:23:30'),
(198, 164, 250, 'majhar', 'Retail', 30, '2023-09-05', 0.00, 0.00, 0.00, 810.00, 1, 0.00, 810.00, NULL, 1, '2023-09-05 05:26:27', '2023-09-05 05:33:27'),
(199, 164, 253, 'majhar', 'Retail', 31, '2023-09-07', 0.00, 0.00, 0.00, 860.00, 1, 800.00, 60.00, NULL, 0, '2023-09-07 02:50:14', '2023-09-07 02:50:14'),
(200, 164, 213, 'majhar', 'Retail', 32, '2023-09-20', 0.00, 0.00, 0.00, 400.00, 1, 400.00, 0.00, NULL, 0, '2023-09-20 06:47:26', '2023-09-20 06:47:26'),
(201, 164, 256, 'majhar', 'Retail', 33, '2023-09-20', 0.00, 0.00, 0.00, 810.00, 1, 0.00, 810.00, NULL, 0, '2023-09-20 06:48:36', '2023-09-20 06:48:36'),
(202, 164, 213, 'majharul islam', 'Retail', 34, '2023-09-22', 7.00, 600.00, 0.00, 8000.00, 1, 8000.00, 0.00, NULL, 0, '2023-09-22 02:56:20', '2023-09-22 02:56:20'),
(203, 164, 213, 'majharul islam', 'Retail', 35, '2023-09-22', 0.00, 0.00, 0.00, 98000.00, 1, 98000.00, 0.00, NULL, 0, '2023-09-22 14:48:35', '2023-09-22 14:48:35');

-- --------------------------------------------------------

--
-- Table structure for table `order_details`
--

CREATE TABLE `order_details` (
  `id` bigint(20) UNSIGNED NOT NULL,
  `order_id` bigint(20) UNSIGNED NOT NULL,
  `product_id` bigint(20) UNSIGNED NOT NULL,
  `name` varchar(255) NOT NULL,
  `type` varchar(98) NOT NULL DEFAULT 'product',
  `quantity` int(10) UNSIGNED NOT NULL,
  `unit_price` decimal(8,2) NOT NULL,
  `buying_price` decimal(8,2) NOT NULL,
  `vat` decimal(8,2) DEFAULT NULL,
  `vat_price` decimal(8,2) DEFAULT NULL,
  `warrenty` varchar(255) DEFAULT NULL,
  `discount` double NOT NULL DEFAULT 0,
  `discount_price` double NOT NULL DEFAULT 0,
  `is_retail` tinyint(1) DEFAULT NULL,
  `created_at` timestamp NULL DEFAULT NULL,
  `updated_at` timestamp NULL DEFAULT NULL
) ENGINE=InnoDB DEFAULT CHARSET=utf8mb4 COLLATE=utf8mb4_unicode_ci;

--
-- Dumping data for table `order_details`
--

INSERT INTO `order_details` (`id`, `order_id`, `product_id`, `name`, `type`, `quantity`, `unit_price`, `buying_price`, `vat`, `vat_price`, `warrenty`, `discount`, `discount_price`, `is_retail`, `created_at`, `updated_at`) VALUES
(2, 4, 2, '2 Potol', 'product', 2, 50.00, 30.00, NULL, 0.00, '3 day', 0, 0, NULL, '2023-02-16 21:35:54', '2023-02-16 21:35:54'),
(5, 5, 3, '3 Kumra', 'product', 4, 70.00, 50.00, NULL, 0.00, '5 day', 0, 0, NULL, '2023-02-19 21:09:37', '2023-02-23 18:05:29'),
(11, 8, 7, '6 lebu', 'product', 1, 20.00, 10.00, NULL, 0.00, '3 day', 0, 0, NULL, '2023-02-24 16:25:01', '2023-02-24 16:25:01'),
(15, 10, 1, '1 Alu', 'product', 1, 25.00, 15.00, 10.00, 0.00, '5 day', 0, 0, NULL, '2023-02-24 23:28:00', '2023-02-24 23:28:00'),
(18, 11, 5, '4 kamala', 'product', 1, 60.00, 40.00, NULL, 0.00, '3 day', 0, 0, NULL, '2023-02-24 23:28:23', '2023-02-24 23:28:23'),
(22, 13, 15, 'Choklate', 'product', 1, 70.00, 50.00, NULL, 0.00, '3 day', 0, 0, NULL, '2023-02-24 23:29:12', '2023-02-24 23:29:12'),
(25, 15, 18, 'Mojo', 'product', 1, 80.00, 70.00, NULL, 0.00, '3 day', 0, 0, NULL, '2023-02-24 23:31:02', '2023-02-24 23:31:02'),
(26, 16, 16, 'Cini', 'product', 1, 140.00, 120.00, NULL, 0.00, '3 day', 0, 0, NULL, '2023-02-24 23:31:38', '2023-02-24 23:31:38'),
(28, 17, 1, '1 Alu', 'product', 1, 25.00, 15.00, 10.00, 0.00, '5 day', 0, 0, NULL, '2023-02-24 23:32:03', '2023-02-24 23:32:03'),
(33, 18, 2, '2 Potol', 'product', 1, 50.00, 30.00, 10.00, 0.00, '3 day', 0, 0, NULL, '2023-02-24 23:32:27', '2023-02-24 23:32:27'),
(36, 19, 7, '6 lebu', 'product', 1, 20.00, 10.00, NULL, 0.00, '3 day', 0, 0, NULL, '2023-02-24 23:33:32', '2023-02-24 23:33:32'),
(37, 20, 15, 'Choklate', 'product', 1, 70.00, 50.00, NULL, 0.00, '3 day', 0, 0, NULL, '2023-02-24 23:33:55', '2023-02-24 23:33:55'),
(39, 6, 1, '1 Alu', 'product', 1, 25.00, 15.00, 0.00, 0.00, '5 day', 0, 0, NULL, '2023-02-25 16:30:34', '2023-02-25 16:30:34'),
(43, 14, 1, '1 Alu', 'product', 1, 25.00, 15.00, 0.00, 10.00, '5 day', 0, 0, NULL, '2023-02-25 16:32:37', '2023-02-25 16:32:37'),
(44, 14, 3, '3 Kumra', 'product', 1, 70.00, 50.00, NULL, 0.00, '5 day', 0, 0, NULL, '2023-02-25 16:32:37', '2023-02-25 16:32:37'),
(45, 14, 5, '4 kamala', 'product', 1, 60.00, 40.00, NULL, 0.00, '3 day', 0, 0, NULL, '2023-02-25 16:32:37', '2023-02-25 16:32:37'),
(46, 14, 6, '5 banana', 'product', 1, 15.00, 10.00, NULL, 0.00, '3 day', 0, 0, NULL, '2023-02-25 16:32:37', '2023-02-25 16:32:37'),
(47, 21, 20, 'sosha', 'product', 5, 12.90, 10.00, 1.00, 7.10, '5 month', 0, 0, NULL, '2023-02-27 14:11:24', '2023-02-27 14:11:24'),
(48, 21, 1, '1 Alu', 'product', 1, 25.00, 15.00, 13.00, 0.00, '5 day', 0, 0, NULL, '2023-02-27 14:11:24', '2023-02-27 14:11:24'),
(49, 22, 23, 'bicycle 500', 'product', 1, 17990.00, 15000.00, NULL, 0.00, '1 day', 0, 0, NULL, '2023-02-27 20:08:18', '2023-02-27 20:08:18'),
(50, 22, 24, 'bicycle handle', 'product', 1, 540.00, 500.00, 15.00, 90.00, '1 day', 0, 0, NULL, '2023-02-27 20:08:18', '2023-02-27 20:08:18'),
(51, 23, 23, 'bicycle 500', 'product', 3, 17990.00, 15000.00, 15.00, 2698.50, '1 day', 0, 0, NULL, '2023-02-28 01:56:17', '2023-02-28 01:56:17'),
(52, 23, 24, 'bicycle handle', 'product', 10, 540.00, 500.00, 15.00, 90.00, '1 day', 0, 0, NULL, '2023-02-28 01:56:17', '2023-02-28 01:56:17'),
(55, 25, 23, 'bicycle 500', 'product', 4, 17990.00, 18000.00, NULL, 0.00, '1 day', 0, 0, NULL, '2023-03-01 21:18:00', '2023-03-01 21:18:00'),
(56, 26, 26, 'Kurti long', 'product', 1, 3190.00, 2200.00, 480.00, 15.00, '10 month', 0, 0, NULL, '2023-03-01 21:19:17', '2023-03-01 21:19:17'),
(57, 26, 27, 'three peace', 'product', 1, 2700.00, 2000.00, 15.00, 300.00, '6 year', 0, 0, NULL, '2023-03-01 21:19:17', '2023-03-01 21:19:17'),
(58, 26, 28, 'motor cycle', 'product', 1, 125000.00, 100000.00, NULL, 0.00, '10 year', 0, 0, NULL, '2023-03-01 21:19:17', '2023-03-01 21:19:17'),
(59, 27, 24, 'bicycle handle', 'product', 1, 540.00, 500.00, NULL, 90.00, '1 day', 0, 0, NULL, '2023-03-01 21:21:46', '2023-03-01 21:21:46'),
(60, 27, 26, 'Kurti long', 'product', 1, 3190.00, 2200.00, 480.00, 15.00, '10 month', 0, 0, NULL, '2023-03-01 21:21:46', '2023-03-01 21:21:46'),
(61, 28, 26, 'Kurti long', 'product', 1, 3190.00, 2200.00, 480.00, 15.00, '10 month', 0, 0, NULL, '2023-03-01 21:23:30', '2023-03-01 21:23:30'),
(62, 28, 27, 'three peace', 'product', 1, 2700.00, 2000.00, 15.00, 300.00, '6 year', 0, 0, NULL, '2023-03-01 21:23:30', '2023-03-01 21:23:30'),
(63, 29, 26, 'Kurti long', 'product', 1, 3190.00, 2200.00, 480.00, 15.00, '10 month', 0, 0, NULL, '2023-03-01 21:31:42', '2023-03-01 21:31:42'),
(64, 29, 27, 'three peace', 'product', 1, 2700.00, 2000.00, 15.00, 300.00, '6 year', 0, 0, NULL, '2023-03-01 21:31:42', '2023-03-01 21:31:42'),
(65, 30, 23, 'bicycle 500', 'product', 1, 17990.00, 18000.00, NULL, 0.00, '1 day', 0, 0, NULL, '2023-03-01 21:33:28', '2023-03-01 21:33:28'),
(66, 31, 23, 'bicycle 500', 'product', 1, 17990.00, 18000.00, NULL, 0.00, '1 day', 0, 0, NULL, '2023-03-01 21:38:12', '2023-03-01 21:38:12'),
(68, 33, 38, 'treming', 'service', 1, 250.00, 0.00, NULL, 0.00, '3 day', 0, 0, NULL, '2023-03-02 20:07:41', '2023-03-02 20:07:41'),
(69, 34, 25, 'hair straightener', 'service', 1, 4500.00, 0.00, 10.00, 450.00, '3 month', 0, 0, NULL, '2023-03-02 22:35:21', '2023-03-02 22:35:21'),
(70, 35, 24, 'bicycle handle', 'product', 10, 540.00, 500.00, 15.00, 81.00, '1 day', 0, 0, NULL, '2023-03-02 22:44:43', '2023-03-02 22:44:43'),
(71, 36, 24, 'bicycle handle', 'product', 10, 495.00, 450.00, 137.50, 25.00, '1 day', 0, 0, NULL, '2023-03-02 23:07:06', '2023-03-02 23:07:06'),
(72, 37, 24, 'bicycle handle', 'product', 1, 690.00, 450.00, 25.00, 137.50, '1 day', 0, 0, NULL, '2023-03-03 03:31:48', '2023-03-03 03:31:48'),
(73, 38, 24, 'bicycle handle', 'product', 1, 690.00, 450.00, 25.00, 137.50, '1 day', 0, 0, NULL, '2023-03-03 03:47:04', '2023-03-03 03:47:04'),
(74, 39, 24, 'bicycle handle', 'product', 18, 690.00, 450.00, 25.00, 137.50, '1 day', 0, 0, NULL, '2023-03-03 03:58:33', '2023-03-03 03:58:33'),
(75, 40, 23, 'bicycle 500', 'product', 1, 17990.00, 18000.00, NULL, 0.00, '1 day', 0, 0, NULL, '2023-03-03 04:02:51', '2023-03-03 04:02:51'),
(76, 41, 23, 'bicycle 500', 'product', 1, 17990.00, 18000.00, NULL, 0.00, '1 day', 0, 0, NULL, '2023-03-03 04:04:25', '2023-03-03 04:04:25'),
(77, 41, 26, 'Kurti long', 'product', 1, 3390.00, 2000.00, NULL, 0.00, '10 day', 0, 0, NULL, '2023-03-03 04:04:25', '2023-03-03 04:04:25'),
(78, 42, 34, 'Mac book Pro 12', 'product', 1, 27000.00, 20000.00, 10.00, 3000.00, '3 day', 0, 0, NULL, '2023-03-03 04:05:31', '2023-03-03 04:05:31'),
(79, 42, 33, 'Apple watch', 'product', 1, 27000.00, 20000.00, 10.00, 3000.00, '5 day', 0, 0, NULL, '2023-03-03 04:05:31', '2023-03-03 04:05:31'),
(80, 42, 32, 'blezer blue 48', 'product', 1, 6300.00, 6000.00, 10.00, 700.00, '10 day', 0, 0, NULL, '2023-03-03 04:05:31', '2023-03-03 04:05:31'),
(81, 43, 23, 'bicycle 500', 'product', 1, 17990.00, 18000.00, NULL, 0.00, '1 day', 0, 0, NULL, '2023-03-03 04:17:34', '2023-03-03 04:17:34'),
(82, 24, 24, 'bicycle handle', 'product', 1, 540.00, 500.00, 0.00, 10.00, '1 day', 0, 0, NULL, '2023-03-03 04:55:09', '2023-03-03 04:55:09'),
(83, 44, 23, 'bicycle 500', 'product', 1, 17990.00, 18000.00, NULL, 0.00, '1 day', 0, 0, NULL, '2023-03-03 16:28:12', '2023-03-03 16:28:12'),
(84, 44, 26, 'Kurti long', 'product', 1, 3390.00, 2000.00, NULL, 0.00, '10 day', 0, 0, NULL, '2023-03-03 16:28:12', '2023-03-03 16:28:12'),
(85, 44, 27, 'three peace', 'product', 1, 2700.00, 2000.00, 15.00, 300.00, '6 year', 0, 0, NULL, '2023-03-03 16:28:12', '2023-03-03 16:28:12'),
(86, 44, 28, 'motor cycle', 'product', 1, 125000.00, 100000.00, NULL, 0.00, '10 year', 0, 0, NULL, '2023-03-03 16:28:12', '2023-03-03 16:28:12'),
(87, 44, 29, 'Samsung A73', 'product', 1, 80000.00, 70000.00, NULL, 0.00, '3 day', 0, 0, NULL, '2023-03-03 16:28:12', '2023-03-03 16:28:12'),
(88, 44, 33, 'Apple watch', 'product', 1, 27000.00, 20000.00, 10.00, 3000.00, '5 day', 0, 0, NULL, '2023-03-03 16:28:12', '2023-03-03 16:28:12'),
(89, 44, 34, 'Mac book Pro 12', 'product', 1, 27000.00, 20000.00, 10.00, 3000.00, '3 day', 0, 0, NULL, '2023-03-03 16:28:12', '2023-03-03 16:28:12'),
(90, 44, 35, 'Mac book Pro 14', 'product', 1, 27000.00, 2000.00, NULL, 0.00, '3 day', 0, 0, NULL, '2023-03-03 16:28:12', '2023-03-03 16:28:12'),
(91, 45, 23, 'bicycle 500', 'product', 1, 17990.00, 18000.00, NULL, 0.00, '1 day', 0, 0, NULL, '2023-03-03 16:33:01', '2023-03-03 16:33:01'),
(92, 45, 26, 'Kurti long', 'product', 1, 3390.00, 2000.00, NULL, 0.00, '10 day', 0, 0, NULL, '2023-03-03 16:33:01', '2023-03-03 16:33:01'),
(93, 45, 27, 'three peace', 'product', 1, 2700.00, 2000.00, 15.00, 300.00, '6 year', 0, 0, NULL, '2023-03-03 16:33:01', '2023-03-03 16:33:01'),
(94, 45, 28, 'motor cycle', 'product', 1, 125000.00, 100000.00, NULL, 0.00, '10 year', 0, 0, NULL, '2023-03-03 16:33:01', '2023-03-03 16:33:01'),
(95, 46, 26, 'Kurti long', 'product', 1, 3390.00, 2000.00, NULL, 0.00, '10 day', 0, 0, NULL, '2023-03-03 16:48:27', '2023-03-03 16:48:27'),
(96, 46, 27, 'three peace', 'product', 1, 2700.00, 2000.00, 15.00, 300.00, '6 year', 0, 0, NULL, '2023-03-03 16:48:27', '2023-03-03 16:48:27'),
(97, 47, 34, 'Mac book Pro 12', 'product', 1, 27000.00, 20000.00, 10.00, 3000.00, '3 day', 0, 0, NULL, '2023-03-03 16:50:55', '2023-03-03 16:50:55'),
(98, 47, 33, 'Apple watch', 'product', 1, 27000.00, 20000.00, 10.00, 3000.00, '5 day', 0, 0, NULL, '2023-03-03 16:50:55', '2023-03-03 16:50:55'),
(99, 48, 34, 'Mac book Pro 12', 'product', 1, 27000.00, 20000.00, 10.00, 3000.00, '3 day', 0, 0, NULL, '2023-03-03 19:11:55', '2023-03-03 19:11:55'),
(100, 48, 35, 'Mac book Pro 14', 'product', 1, 27000.00, 2000.00, NULL, 0.00, '3 day', 0, 0, NULL, '2023-03-03 19:11:55', '2023-03-03 19:11:55'),
(101, 49, 27, 'three peace', 'product', 1, 2700.00, 2000.00, 15.00, 300.00, '6 year', 0, 0, NULL, '2023-03-03 19:21:23', '2023-03-03 19:21:23'),
(102, 49, 26, 'Kurti long', 'product', 1, 3390.00, 2000.00, NULL, 0.00, '10 day', 0, 0, NULL, '2023-03-03 19:21:23', '2023-03-03 19:21:23'),
(103, 49, 28, 'motor cycle', 'product', 1, 125000.00, 100000.00, NULL, 0.00, '10 year', 0, 0, NULL, '2023-03-03 19:21:23', '2023-03-03 19:21:23'),
(104, 50, 36, 'hp laptop 12 hour backup', 'product', 1, 6300.00, 5000.00, 10.00, 700.00, '3 day', 0, 0, NULL, '2023-03-03 19:33:39', '2023-03-03 19:33:39'),
(105, 51, 1, '1 Alu', 'product', 1, 19.80, 15.00, 13.60, 3.00, '5 day', 0, 0, NULL, '2023-03-21 08:44:17', '2023-03-21 08:44:17'),
(106, 52, 1, '1 Alu', 'product', 5, 55.00, 40.00, NULL, 0.00, '3 day', 0, 0, NULL, '2023-03-28 05:02:09', '2023-03-28 05:02:09'),
(107, 52, 3, '3 Kumra', 'product', 5, 60.00, 50.00, NULL, 0.00, '5 day', 0, 0, NULL, '2023-03-28 05:02:09', '2023-03-28 05:02:09'),
(108, 53, 1, '1 Alu', 'product', 1, 54.00, 40.00, 10.00, 0.00, '3 day', 0, 0, NULL, '2023-03-29 05:29:00', '2023-03-29 05:29:00'),
(109, 53, 2, '2 Potol', 'product', 1, 50.00, 30.00, 15.00, 0.00, '3 day', 0, 0, NULL, '2023-03-29 05:29:00', '2023-03-29 05:29:00'),
(110, 54, 47, 'Alu', 'product', 1, 30.00, 20.00, NULL, 0.00, NULL, 0, 0, NULL, '2023-04-01 06:38:33', '2023-04-01 06:38:33'),
(111, 54, 49, 'Banana', 'product', 6, 10.00, 5.00, NULL, 0.00, NULL, 0, 0, NULL, '2023-04-01 06:38:33', '2023-04-01 06:38:33'),
(112, 55, 47, 'Alu', 'product', 5, 30.00, 20.00, NULL, 0.00, NULL, 0, 0, NULL, '2023-04-01 06:39:06', '2023-04-01 06:39:06'),
(113, 56, 47, 'Alu', 'product', 5, 30.00, 20.00, NULL, 0.00, NULL, 0, 0, NULL, '2023-04-01 06:40:25', '2023-04-01 06:40:25'),
(114, 56, 49, 'Banana', 'product', 6, 10.00, 5.00, NULL, 0.00, NULL, 0, 0, NULL, '2023-04-01 06:40:25', '2023-04-01 06:40:25'),
(115, 57, 47, 'Alu', 'product', 1, 30.00, 20.00, NULL, 0.00, NULL, 0, 0, NULL, '2023-04-02 12:58:23', '2023-04-02 12:58:23'),
(116, 57, 49, 'Banana', 'product', 1, 10.00, 5.00, NULL, 0.00, NULL, 0, 0, NULL, '2023-04-02 12:58:23', '2023-04-02 12:58:23'),
(117, 58, 50, 'pakisthani Kurti vol 3', 'product', 4, 2520.00, 2000.00, 10.00, 280.00, '3 day', 0, 0, NULL, '2023-04-03 12:40:02', '2023-04-03 12:40:02'),
(118, 59, 50, 'pakisthani Kurti vol 3', 'product', 5, 2520.00, 2000.00, 10.00, 252.00, '3 day', 0, 0, NULL, '2023-04-03 12:49:21', '2023-04-03 12:49:21'),
(119, 60, 50, 'pakisthani Kurti vol 3', 'product', 4, 2550.00, 2000.00, 10.00, 255.00, '3 day', 0, 0, NULL, '2023-04-03 13:21:19', '2023-04-03 13:21:19'),
(121, 62, 50, 'pakisthani Kurti vol 3', 'product', 1, 2720.00, 2600.00, 10.00, 272.00, '3 day', 0, 0, NULL, '2023-04-04 16:58:32', '2023-04-04 16:58:32'),
(122, 63, 50, 'pakisthani Kurti vol 3', 'product', 1, 2880.00, 2600.00, 10.00, 288.00, '3 month', 0, 0, NULL, '2023-04-05 07:09:57', '2023-04-05 07:09:57'),
(123, 64, 50, 'pakisthani Kurti vol 3', 'product', 4, 2880.00, 2600.00, 10.00, 288.00, '3 month', 0, 0, NULL, '2023-04-05 16:56:15', '2023-04-05 16:56:15'),
(124, 65, 50, 'pakisthani Kurti vol 3', 'product', 1, 2880.00, 2600.00, 10.00, 288.00, '3 month', 0, 0, NULL, '2023-04-05 17:01:28', '2023-04-05 17:01:28'),
(125, 66, 51, 'car wash', 'service', 1, 2700.00, 0.00, 10.00, 300.00, NULL, 0, 0, NULL, '2023-04-05 21:33:29', '2023-04-05 21:33:29'),
(126, 67, 50, 'pakisthani Kurti vol 3', 'product', 5, 2880.00, 2600.00, 10.00, 288.00, '3 month', 0, 0, NULL, '2023-04-06 11:27:46', '2023-04-06 11:27:46'),
(127, 68, 50, 'pakisthani Kurti vol 3', 'product', 1, 2880.00, 2600.00, 10.00, 288.00, '3 month', 0, 0, NULL, '2023-04-07 12:44:35', '2023-04-07 12:44:35'),
(128, 69, 50, 'pakisthani Kurti vol 3', 'product', 20, 2880.00, 2600.00, 10.00, 288.00, '3 month', 0, 0, NULL, '2023-04-09 15:32:51', '2023-04-09 15:32:51'),
(129, 70, 50, 'pakisthani Kurti vol 3', 'product', 1, 2880.00, 2600.00, 10.00, 288.00, '3 month', 0, 0, NULL, '2023-04-10 17:27:55', '2023-04-10 17:27:55'),
(130, 71, 50, 'pakisthani Kurti vol 3', 'product', 1, 2880.00, 2600.00, 10.00, 288.00, '3 month', 0, 0, NULL, '2023-04-12 21:35:51', '2023-04-12 21:35:51'),
(131, 72, 50, 'pakisthani Kurti vol 3', 'product', 2, 2880.00, 2600.00, 10.00, 288.00, '3 month', 0, 0, NULL, '2023-04-12 21:37:55', '2023-04-12 21:37:55'),
(132, 72, 52, 'kanji vorom long', 'product', 1, 3000.00, 2000.00, NULL, 0.00, NULL, 0, 0, NULL, '2023-04-12 21:37:55', '2023-04-12 21:37:55'),
(133, 73, 52, 'kanji vorom long', 'product', 1, 3000.00, 2000.00, NULL, 0.00, NULL, 0, 0, NULL, '2023-04-13 08:55:45', '2023-04-13 08:55:45'),
(134, 73, 53, 'Indians Ene\'s 4pcs', 'product', 1, 3500.00, 2500.00, 15.00, 525.00, NULL, 0, 0, NULL, '2023-04-13 08:55:45', '2023-04-13 08:55:45'),
(135, 74, 50, 'pakisthani Kurti vol 3', 'product', 1, 3200.00, 2600.00, 10.00, 320.00, '3 month', 0, 0, NULL, '2023-04-13 09:06:55', '2023-04-13 09:06:55'),
(136, 75, 52, 'kanji vorom long', 'product', 1, 3000.00, 2000.00, NULL, 0.00, NULL, 0, 0, NULL, '2023-04-13 09:08:18', '2023-04-13 09:08:18'),
(137, 75, 53, 'Indians Ene\'s 4pcs', 'product', 1, 3500.00, 2500.00, 15.00, 525.00, NULL, 0, 0, NULL, '2023-04-13 09:08:18', '2023-04-13 09:08:18'),
(138, 76, 50, 'pakisthani Kurti vol 3', 'product', 2, 2720.00, 2600.00, 10.00, 272.00, '3 month', 0, 0, NULL, '2023-04-14 09:49:58', '2023-04-14 09:49:58'),
(139, 77, 52, 'kanji vorom long', 'product', 8, 3000.00, 2000.00, NULL, 0.00, NULL, 0, 0, NULL, '2023-04-16 10:18:45', '2023-04-16 10:18:45'),
(140, 77, 53, 'Indians Ene\'s 4pcs', 'product', 1, 3500.00, 2500.00, 15.00, 525.00, NULL, 0, 0, NULL, '2023-04-16 10:18:45', '2023-04-16 10:18:45'),
(142, 79, 50, 'pakisthani Kurti vol 3', 'product', 1, 3200.00, 2255.17, 0.00, 272.00, '3 month', 0, 480, NULL, '2023-04-19 03:42:57', '2023-04-19 03:42:57'),
(143, 79, 52, 'kanji vorom long', 'product', 1, 3000.00, 2000.00, 0.00, 0.00, NULL, 0, 0, NULL, '2023-04-19 03:42:57', '2023-04-19 03:42:57'),
(144, 80, 50, 'pakisthani Kurti vol 3', 'product', 1, 3200.00, 2255.17, 0.00, 272.00, '3 month', 0, 480, NULL, '2023-04-19 04:26:53', '2023-04-19 04:26:53'),
(145, 80, 52, 'kanji vorom long', 'product', 1, 3000.00, 2000.00, 0.00, 0.00, NULL, 0, 0, NULL, '2023-04-19 04:26:53', '2023-04-19 04:26:53'),
(146, 81, 57, 'Rice', 'product', 5, 70.00, 60.00, 0.00, 1.37, NULL, 0, 1.4, NULL, '2023-04-19 20:24:18', '2023-04-19 20:24:18'),
(147, 82, 61, 'Mango', 'product', 2, 50.00, 20.00, 0.00, 0.00, NULL, 0, 0, NULL, '2023-04-20 00:20:34', '2023-04-20 00:20:34'),
(148, 83, 61, 'Mango', 'product', 1, 50.00, 20.00, 0.00, 0.00, NULL, 0, 0, NULL, '2023-04-20 00:21:41', '2023-04-20 00:21:41'),
(153, 84, 59, 'Muri', 'product', 2, 85.00, 70.00, 2.00, 1.65, '5 day', 3, 2.55, NULL, '2023-04-20 02:38:15', '2023-04-20 02:38:15'),
(154, 84, 62, 'Maggu', 'product', 1, 60.00, 40.00, 3.00, 1.71, NULL, 5, 3, NULL, '2023-04-20 02:38:15', '2023-04-20 02:38:15'),
(155, 85, 63, 'Cofffee', 'product', 1, 600.00, 400.00, 2.00, 11.40, NULL, 5, 30, NULL, '2023-04-20 03:01:20', '2023-04-20 03:01:20'),
(164, 88, 59, 'Muri', 'product', 1, 90.00, 70.00, 5.00, 4.05, '5 day', 10, 9, NULL, '2023-04-20 05:04:56', '2023-04-20 05:04:56'),
(165, 88, 60, 'Salt', 'product', 1, 60.00, 50.00, 0.00, 0.00, NULL, 5, 3, NULL, '2023-04-20 05:04:56', '2023-04-20 05:04:56'),
(166, 89, 66, 'Rice', 'product', 15, 70.00, 60.00, 2.00, 1.33, NULL, 5, 3.5, NULL, '2023-04-20 10:44:16', '2023-04-20 10:44:16'),
(167, 89, 67, 'Pepsi 250 ml', 'product', 2, 25.00, 20.00, 1.00, 0.25, NULL, 0, 0, NULL, '2023-04-20 10:44:16', '2023-04-20 10:44:16'),
(168, 90, 69, 'Egg', 'product', 100, 11.00, 9.00, 0.00, 0.00, '3 day', 0, 0, NULL, '2023-04-20 11:01:25', '2023-04-20 11:01:25'),
(169, 91, 70, 'Darcini', 'product', 5, 600.00, 500.00, 1.00, 5.88, NULL, 2, 12, NULL, '2023-04-20 11:13:59', '2023-04-20 11:13:59'),
(170, 91, 68, 'Coca-Cola 500 ML', 'product', 1, 40.00, 35.00, 1.00, 0.40, NULL, 1, 0.4, NULL, '2023-04-20 11:13:59', '2023-04-20 11:13:59'),
(171, 91, 69, 'Egg', 'product', 26, 11.00, 9.00, 0.00, 0.00, '3 day', 0, 0, NULL, '2023-04-20 11:13:59', '2023-04-20 11:13:59'),
(172, 91, 66, 'Rice', 'product', 10, 70.00, 60.00, 2.00, 1.33, NULL, 5, 3.5, NULL, '2023-04-20 11:13:59', '2023-04-20 11:13:59'),
(173, 92, 57, 'Rice', 'product', 1, 70.00, 60.00, 3.00, 1.89, '3 day', 10, 7, NULL, '2023-04-24 16:29:31', '2023-04-24 16:29:31'),
(174, 93, 58, 'Alu', 'product', 1, 30.00, 20.00, 1.00, 0.29, '6 month', 5, 1.5, NULL, '2023-04-26 08:32:12', '2023-04-26 08:32:12'),
(175, 93, 57, 'Rice', 'product', 1, 70.00, 60.00, 3.00, 1.89, '3 day', 10, 7, NULL, '2023-04-26 08:32:12', '2023-04-26 08:32:12'),
(176, 94, 68, 'Coca-Cola 500 ML', 'product', 1, 40.00, 35.00, 1.00, 0.40, NULL, 1, 0.4, NULL, '2023-04-29 07:22:12', '2023-04-29 07:22:12'),
(177, 94, 69, 'Egg', 'product', 1, 11.00, 9.00, 0.00, 0.00, '3 day', 0, 0, NULL, '2023-04-29 07:22:12', '2023-04-29 07:22:12'),
(178, 95, 74, 'Minicate Rice', 'product', 20, 70.00, 65.00, 0.00, 0.00, '3 month', 0, 0, NULL, '2023-04-29 21:36:28', '2023-04-29 21:36:28'),
(179, 95, 75, 'Atta', 'product', 5, 65.00, 60.00, 2.00, 1.29, '3 month', 1, 0.65, NULL, '2023-04-29 21:36:28', '2023-04-29 21:36:28'),
(180, 96, 81, 'Test product 1', 'product', 10, 50.00, 27.07, 14.00, 6.16, '1 year', 12, 6, NULL, '2023-05-02 02:23:45', '2023-05-02 02:23:45'),
(181, 96, 82, 'Test product 2', 'product', 10, 50.00, 31.80, 17.00, 7.14, '6 year', 16, 8, NULL, '2023-05-02 02:23:45', '2023-05-02 02:23:45'),
(182, 97, 81, 'Test product 1', 'product', 10, 48.00, 27.07, 15.00, 6.48, '1 year', 10, 4.8, NULL, '2023-05-02 14:59:52', '2023-05-02 14:59:52'),
(183, 97, 82, 'Test product 2', 'product', 10, 46.00, 31.80, 7.00, 2.90, '6 year', 10, 4.6, NULL, '2023-05-02 14:59:52', '2023-05-02 14:59:52'),
(188, 99, 83, 'Test product 1', 'product', 5, 70.00, 48.85, 20.00, 11.20, '7 year', 20, 14, NULL, '2023-05-03 02:55:23', '2023-05-03 02:55:23'),
(189, 99, 84, 'Test product 2', 'product', 5, 50.00, 35.00, 17.00, 7.31, '3 year', 14, 7, NULL, '2023-05-03 02:55:23', '2023-05-03 02:55:23'),
(190, 99, 85, 'Test product 3', 'product', 5, 70.00, 45.00, 18.00, 10.71, '4 year', 15, 10.5, NULL, '2023-05-03 02:55:23', '2023-05-03 02:55:23'),
(191, 99, 86, 'Test product 4', 'product', 5, 72.00, 50.00, 20.00, 12.67, '4 year', 12, 8.64, NULL, '2023-05-03 02:55:23', '2023-05-03 02:55:23'),
(192, 100, 83, 'Test product 1', 'product', 10, 70.00, 48.85, 0.00, 0.00, '7 year', 0, 0, NULL, '2023-05-03 15:54:50', '2023-05-03 15:54:50'),
(193, 100, 84, 'Test product 2', 'product', 10, 50.00, 35.00, 17.00, 7.31, '3 year', 14, 7, NULL, '2023-05-03 15:54:50', '2023-05-03 15:54:50'),
(194, 100, 85, 'Test product 3', 'product', 10, 70.00, 45.00, 18.00, 10.71, '4 year', 15, 10.5, NULL, '2023-05-03 15:54:50', '2023-05-03 15:54:50'),
(195, 100, 86, 'Test product 4', 'product', 10, 72.00, 50.00, 20.00, 12.67, '4 year', 12, 8.64, NULL, '2023-05-03 15:54:50', '2023-05-03 15:54:50'),
(200, 101, 83, 'Test product 1', 'product', 5, 70.00, 48.85, 0.00, 0.00, '7 year', 0, 0, NULL, '2023-05-03 17:32:27', '2023-05-03 17:32:27'),
(201, 101, 84, 'Test product 2', 'product', 5, 50.00, 35.00, 10.00, 4.25, '3 year', 15, 7.5, NULL, '2023-05-03 17:32:27', '2023-05-03 17:32:27'),
(202, 101, 85, 'Test product 3', 'product', 6, 70.00, 45.00, 10.00, 6.16, '4 year', 12, 8.4, NULL, '2023-05-03 17:32:27', '2023-05-03 17:32:27'),
(203, 101, 86, 'Test product 4', 'product', 10, 72.00, 50.00, 20.00, 12.67, '4 year', 12, 8.64, NULL, '2023-05-03 17:32:27', '2023-05-03 17:32:27'),
(204, 102, 87, 'Test product 1', 'product', 3, 30.00, 25.00, 10.00, 2.70, NULL, 10, 3, NULL, '2023-05-04 17:55:02', '2023-05-04 17:55:02'),
(205, 102, 88, 'Test product 2', 'product', 4, 40.00, 35.00, 10.00, 3.60, NULL, 10, 4, NULL, '2023-05-04 17:55:02', '2023-05-04 17:55:02'),
(206, 103, 83, 'Test product 1', 'product', 6, 100.00, 48.85, 10.00, 9.00, '7 year', 10, 10, NULL, '2023-05-04 20:48:14', '2023-05-04 20:48:14'),
(207, 103, 84, 'Test product 2', 'product', 7, 50.00, 35.00, 17.00, 7.31, '3 year', 14, 7, NULL, '2023-05-04 20:48:14', '2023-05-04 20:48:14'),
(208, 104, 83, 'Test product 1', 'product', 5, 55.00, 48.85, 10.00, 4.95, '7 year', 10, 5.5, NULL, '2023-05-04 20:52:47', '2023-05-04 20:52:47'),
(209, 104, 84, 'Test product 2', 'product', 1, 50.00, 35.00, 17.00, 7.31, '3 year', 14, 7, NULL, '2023-05-04 20:52:47', '2023-05-04 20:52:47'),
(210, 105, 83, 'Test product 1', 'product', 5, 55.00, 48.85, 10.00, 4.95, '7 year', 10, 5.5, NULL, '2023-05-04 20:54:09', '2023-05-04 20:54:09'),
(211, 105, 84, 'Test product 2', 'product', 1, 50.00, 35.00, 17.00, 7.31, '3 year', 14, 7, NULL, '2023-05-04 20:54:09', '2023-05-04 20:54:09'),
(216, 107, 83, 'Test product 1', 'product', 1, 100.00, 48.85, 10.00, 9.00, '7 year', 10, 10, NULL, '2023-05-06 01:15:00', '2023-05-06 01:15:00'),
(217, 107, 84, 'Test product 2', 'product', 1, 50.00, 35.00, 17.00, 7.31, '3 year', 14, 7, NULL, '2023-05-06 01:15:00', '2023-05-06 01:15:00'),
(218, 107, 85, 'Test product 3', 'product', 1, 70.00, 45.00, 18.00, 10.71, '4 year', 15, 10.5, NULL, '2023-05-06 01:15:00', '2023-05-06 01:15:00'),
(219, 107, 86, 'Test product 4', 'product', 1, 72.00, 50.00, 20.00, 12.67, '4 year', 12, 8.64, NULL, '2023-05-06 01:15:00', '2023-05-06 01:15:00'),
(221, 108, 83, 'Test product 1', 'product', 1, 100.00, 48.85, 0.00, 0.00, '7 year', 10, 10, NULL, '2023-05-06 02:34:28', '2023-05-06 02:34:28'),
(222, 109, 91, 'Test product 5', 'product', 10, 50.00, 20.00, 10.00, 4.10, '1 year', 18, 9, NULL, '2023-05-06 14:58:10', '2023-05-06 14:58:10'),
(223, 109, 92, 'Test product 6', 'product', 10, 68.00, 40.00, 10.00, 6.12, NULL, 10, 6.8, NULL, '2023-05-06 14:58:10', '2023-05-06 14:58:10'),
(224, 110, 91, 'Test product 5', 'product', 1, 50.00, 20.00, 10.00, 4.10, '1 year', 18, 9, NULL, '2023-05-06 17:44:31', '2023-05-06 17:44:31'),
(225, 110, 92, 'Test product 6', 'product', 1, 68.00, 40.00, 10.00, 6.12, NULL, 10, 6.8, NULL, '2023-05-06 17:44:31', '2023-05-06 17:44:31'),
(226, 111, 94, 'Test product 2', 'product', 1, 40.00, 30.00, 0.00, 0.00, NULL, 0, 0, NULL, '2023-05-06 18:22:24', '2023-05-06 18:22:24'),
(227, 111, 95, 'Test product 3', 'product', 1, 40.00, 30.00, 0.00, 0.00, NULL, 0, 0, NULL, '2023-05-06 18:22:24', '2023-05-06 18:22:24'),
(228, 112, 93, 'Test product 1', 'product', 5, 50.00, 30.00, 10.00, 4.50, '3 year', 10, 5, NULL, '2023-05-07 02:40:39', '2023-05-07 02:40:39'),
(229, 112, 94, 'Test product 2', 'product', 5, 40.00, 30.00, 18.00, 6.48, '3 day', 10, 4, NULL, '2023-05-07 02:40:39', '2023-05-07 02:40:39'),
(230, 112, 95, 'Test product 3', 'product', 5, 50.00, 30.00, 13.00, 5.72, '7 year', 12, 6, NULL, '2023-05-07 02:40:39', '2023-05-07 02:40:39'),
(231, 113, 96, 'Test product 1', 'product', 10, 30.00, 50.00, 0.00, 0.00, NULL, 0, 0, NULL, '2023-05-07 04:19:59', '2023-05-07 04:19:59'),
(232, 113, 97, 'Test product 2', 'product', 10, 40.00, 30.00, 0.00, 0.00, NULL, 0, 0, NULL, '2023-05-07 04:19:59', '2023-05-07 04:19:59'),
(233, 114, 96, 'Test product 1', 'product', 5, 30.00, 50.00, 15.00, 4.50, NULL, 0, 0, NULL, '2023-05-07 15:02:02', '2023-05-07 15:02:02'),
(234, 114, 97, 'Test product 2', 'product', 5, 40.00, 30.00, 10.00, 4.00, NULL, 0, 0, NULL, '2023-05-07 15:02:02', '2023-05-07 15:02:02'),
(235, 115, 96, 'Test product 1', 'product', 1, 30.00, 50.00, 0.00, 0.00, NULL, 0, 0, NULL, '2023-05-07 17:47:56', '2023-05-07 17:47:56'),
(236, 115, 97, 'Test product 2', 'product', 1, 40.00, 30.00, 0.00, 0.00, NULL, 0, 0, NULL, '2023-05-07 17:47:56', '2023-05-07 17:47:56'),
(237, 115, 98, 'Test product 3', 'product', 1, 60.00, 50.00, 15.00, 8.10, '5 month', 10, 6, NULL, '2023-05-07 17:47:56', '2023-05-07 17:47:56'),
(238, 115, 99, 'Test product 4', 'product', 1, 15.00, 10.00, 10.00, 1.35, '10 year', 10, 1.5, NULL, '2023-05-07 17:47:56', '2023-05-07 17:47:56'),
(239, 115, 100, 'Test product 5', 'product', 1, 20.00, 5.00, 10.00, 1.80, NULL, 10, 2, NULL, '2023-05-07 17:47:56', '2023-05-07 17:47:56'),
(240, 116, 66, 'Rice', 'product', 8, 70.00, 59.08, 2.00, 1.33, '3 day', 5, 3.5, NULL, '2023-05-07 19:38:01', '2023-05-07 19:38:01'),
(241, 116, 67, 'Pepsi 250 ml', 'product', 6, 25.00, 20.00, 1.00, 0.25, NULL, 0, 0, NULL, '2023-05-07 19:38:01', '2023-05-07 19:38:01'),
(242, 116, 68, 'Coca-Cola 500 ML', 'product', 8, 40.00, 35.00, 1.00, 0.40, NULL, 1, 0.4, NULL, '2023-05-07 19:38:01', '2023-05-07 19:38:01'),
(243, 134, 105, 'Test product 8', 'product', 10, 40.00, 30.00, 15.00, 5.40, NULL, 10, 4, 1, '2023-05-12 03:50:43', '2023-05-12 03:50:43'),
(244, 134, 106, 'Test product 9', 'product', 10, 30.00, 20.00, 15.00, 4.05, NULL, 10, 3, 1, '2023-05-12 03:50:43', '2023-05-12 03:50:43'),
(245, 135, 107, 'Test product 8', 'product', 20, 40.00, 30.00, 15.00, 5.40, NULL, 10, 4, 1, '2023-05-12 03:59:26', '2023-05-12 03:59:26'),
(246, 135, 108, 'Test product 9', 'product', 10, 30.00, 20.00, 15.00, 4.05, NULL, 10, 3, 1, '2023-05-12 03:59:26', '2023-05-12 03:59:26'),
(247, 136, 96, 'Test product 1', 'product', 6, 60.00, 50.00, 15.00, 7.65, '5 month', 15, 9, 1, '2023-05-12 04:10:50', '2023-05-12 04:10:50'),
(248, 136, 97, 'Test product 2', 'product', 5, 40.00, 30.00, 15.00, 5.40, '3 day', 10, 4, 1, '2023-05-12 04:10:50', '2023-05-12 04:10:50'),
(249, 136, 98, 'Test product 3', 'product', 5, 60.00, 50.00, 15.00, 8.10, '5 month', 10, 6, 1, '2023-05-12 04:10:50', '2023-05-12 04:10:50'),
(250, 137, 99, 'Test product 4', 'product', 5, 15.00, 64.72, 10.00, 1.35, '10 year', 10, 1.5, 1, '2023-05-12 04:20:33', '2023-05-12 04:20:33'),
(251, 137, 100, 'Test product 5', 'product', 5, 10.00, 5.00, 10.00, 0.90, NULL, 10, 1, 1, '2023-05-12 04:20:33', '2023-05-12 04:20:33'),
(252, 137, 105, 'Test product 8', 'product', 5, 40.00, 30.00, 15.00, 5.40, NULL, 10, 4, 1, '2023-05-12 04:20:33', '2023-05-12 04:20:33'),
(253, 137, 106, 'Test product 9', 'product', 5, 30.00, 20.00, 15.00, 4.05, NULL, 10, 3, 1, '2023-05-12 04:20:33', '2023-05-12 04:20:33'),
(254, 138, 96, 'Test product 1', 'product', 1, 60.00, 50.00, 15.00, 7.65, '5 month', 15, 9, 1, '2023-05-12 04:39:56', '2023-05-12 04:39:56'),
(255, 139, 109, 'Test service 1', 'service', 1, 500.00, 0.00, 15.00, 75.00, '10 day', 0, 0, 1, '2023-05-12 04:44:59', '2023-05-12 04:44:59'),
(256, 140, 96, 'Test product 1', 'product', 3, 60.00, 50.00, 15.00, 7.65, '5 month', 15, 9, 1, '2023-05-12 20:10:27', '2023-05-12 20:10:27'),
(257, 140, 97, 'Test product 2', 'product', 3, 40.00, 30.00, 15.00, 5.40, '3 day', 10, 4, 1, '2023-05-12 20:10:27', '2023-05-12 20:10:27'),
(258, 140, 98, 'Test product 3', 'product', 3, 60.00, 50.00, 15.00, 8.10, '5 month', 10, 6, 1, '2023-05-12 20:10:27', '2023-05-12 20:10:27'),
(259, 141, 111, 'Test product 2', 'product', 10, 35.00, 25.00, 10.00, 3.15, NULL, 10, 3.5, 1, '2023-05-15 15:07:34', '2023-05-15 15:07:34'),
(260, 142, 110, 'Test product 1', 'product', 4, 30.00, 45.00, 20.00, 4.80, NULL, 20, 6, 1, '2023-05-15 15:16:02', '2023-05-15 15:16:02'),
(261, 142, 111, 'Test product 2', 'product', 10, 35.00, 25.00, 10.00, 3.15, NULL, 10, 3.5, 1, '2023-05-15 15:16:02', '2023-05-15 15:16:02'),
(262, 143, 110, 'Test product 1', 'product', 3, 50.00, 45.00, 15.00, 6.75, '1 year', 10, 5, 1, '2023-05-16 04:11:15', '2023-05-16 04:11:15'),
(263, 143, 111, 'Test product 2', 'product', 4, 35.00, 25.00, 10.00, 3.15, NULL, 10, 3.5, 1, '2023-05-16 04:11:15', '2023-05-16 04:11:15'),
(264, 144, 110, 'Test product 1', 'product', 4, 50.00, 45.00, 15.00, 6.75, '1 year', 10, 5, 1, '2023-05-16 04:12:01', '2023-05-16 04:12:01'),
(265, 144, 111, 'Test product 2', 'product', 6, 35.00, 25.00, 10.00, 3.15, NULL, 10, 3.5, 1, '2023-05-16 04:12:01', '2023-05-16 04:12:01'),
(266, 145, 113, 'Test product 2', 'product', 10, 70.00, 40.00, 18.00, 10.08, '3 year', 20, 14, 1, '2023-05-20 00:17:33', '2023-05-20 00:17:33'),
(267, 145, 114, 'Test product 3', 'product', 10, 50.00, 33.75, 15.00, 6.52, '10 month', 13, 6.5, 1, '2023-05-20 00:17:33', '2023-05-20 00:17:33'),
(268, 145, 112, 'Test product 1', 'product', 10, 40.00, 26.50, 12.00, 3.84, '1 year', 20, 8, 1, '2023-05-20 00:17:33', '2023-05-20 00:17:33'),
(272, 146, 114, 'Test product 3', 'product', 20, 50.00, 33.75, 15.00, 6.75, '10 month', 10, 5, 0, '2023-05-20 03:11:06', '2023-05-20 03:11:06'),
(273, 146, 115, 'Test product 4', 'product', 20, 52.00, 40.00, 17.00, 7.60, NULL, 14, 7.28, 0, '2023-05-20 03:11:06', '2023-05-20 03:11:06'),
(274, 147, 114, 'Test product 3', 'product', 40, 50.00, 33.75, 15.00, 6.52, '10 month', 13, 6.5, 1, '2023-05-20 15:32:20', '2023-05-20 15:32:20'),
(275, 147, 115, 'Test product 4', 'product', 40, 52.00, 40.00, 17.00, 7.60, NULL, 14, 7.28, 1, '2023-05-20 15:32:20', '2023-05-20 15:32:20'),
(279, 148, 112, 'Test product 1', 'product', 20, 40.00, 26.50, 12.00, 3.84, '1 year', 20, 8, 0, '2023-05-20 16:54:12', '2023-05-20 16:54:12'),
(280, 148, 113, 'Test product 2', 'product', 30, 70.00, 40.00, 18.00, 10.08, '3 year', 20, 14, 0, '2023-05-20 16:54:12', '2023-05-20 16:54:12'),
(284, 149, 112, 'Test product 1', 'product', 10, 40.00, 26.50, 0.00, 0.00, '1 year', 0, 0, 0, '2023-05-20 18:39:34', '2023-05-20 18:39:34'),
(285, 149, 117, 'Test product 5', 'product', 10, 60.00, 35.00, 0.00, 0.00, '5 month', 0, 0, 0, '2023-05-20 18:39:34', '2023-05-20 18:39:34'),
(286, 149, 115, 'Test product 4', 'product', 10, 50.00, 40.00, 0.00, 0.00, NULL, 0, 0, 1, '2023-05-20 18:39:34', '2023-05-20 18:39:34'),
(289, 151, 112, 'Test product 1', 'product', 10, 40.00, 26.50, 12.00, 3.84, '1 year', 20, 8, 1, '2023-05-21 02:26:54', '2023-05-21 02:26:54'),
(290, 151, 113, 'Test product 2', 'product', 10, 70.00, 40.00, 18.00, 10.08, '3 year', 20, 14, 1, '2023-05-21 02:26:54', '2023-05-21 02:26:54'),
(295, 153, 112, 'Test product 1', 'product', 1, 50.00, 26.50, 12.00, 4.80, '1 year', 20, 10, 1, '2023-05-21 22:06:14', '2023-05-21 22:06:14'),
(296, 153, 113, 'Test product 2', 'product', 1, 70.00, 40.00, 18.00, 10.08, '3 year', 20, 14, 1, '2023-05-21 22:06:14', '2023-05-21 22:06:14'),
(299, 155, 130, 'Test product 1', 'product', 30, 60.00, 20.00, 15.00, 8.10, '5 year', 10, 6, 1, '2023-05-28 12:30:23', '2023-05-28 12:30:23'),
(300, 155, 131, 'Test product 2', 'product', 30, 60.00, 35.00, 18.00, 9.18, '1 year', 15, 9, 1, '2023-05-28 12:30:23', '2023-05-28 12:30:23'),
(301, 154, 130, 'Test product 1', 'product', 10, 60.00, 20.00, 15.00, 8.10, '5 year', 10, 6, 1, '2023-05-28 22:47:30', '2023-05-28 22:47:30'),
(302, 154, 131, 'Test product 2', 'product', 20, 60.00, 35.00, 18.00, 9.18, '1 year', 15, 9, 0, '2023-05-28 22:47:30', '2023-05-28 22:47:30'),
(303, 156, 66, 'Rice', 'product', 28, 70.00, 59.08, 2.00, 1.33, '3 day', 5, 3.5, 1, '2023-05-29 18:23:10', '2023-05-29 18:23:10'),
(304, 156, 67, 'Pepsi 250 ml', 'product', 1, 25.00, 20.00, 1.00, 0.25, NULL, 0, 0, 1, '2023-05-29 18:23:10', '2023-05-29 18:23:10'),
(307, 158, 110, 'Test product 1', 'product', 10, 50.00, 45.00, 15.00, 6.75, '1 year', 10, 5, 1, '2023-06-15 15:09:24', '2023-06-15 15:09:24'),
(308, 158, 111, 'Test product 2', 'product', 10, 35.00, 25.00, 15.00, 4.20, '1 year', 20, 7, 1, '2023-06-15 15:09:24', '2023-06-15 15:09:24'),
(309, 159, 110, 'Test product 1', 'product', 10, 50.00, 45.00, 15.00, 6.75, '1 year', 10, 5, 1, '2023-06-23 05:47:46', '2023-06-23 05:47:46'),
(310, 160, 110, 'Test product 1', 'product', 10, 50.00, 45.00, 15.00, 6.75, '1 year', 10, 5, 1, '2023-07-09 18:01:59', '2023-07-09 18:01:59'),
(311, 160, 111, 'Test product 2', 'product', 10, 35.00, 25.00, 15.00, 4.20, '1 year', 20, 7, 1, '2023-07-09 18:01:59', '2023-07-09 18:01:59'),
(312, 161, 110, 'Test product 1', 'product', 10, 50.00, 45.00, 15.00, 6.75, '1 year', 10, 5, 1, '2023-07-09 18:06:18', '2023-07-09 18:06:18'),
(313, 161, 111, 'Test product 2', 'product', 10, 35.00, 25.00, 15.00, 4.20, '1 year', 20, 7, 1, '2023-07-09 18:06:18', '2023-07-09 18:06:18'),
(314, 161, 133, 'Test product 3', 'product', 10, 30.00, 20.00, 0.00, 0.00, NULL, 0, 0, 1, '2023-07-09 18:06:18', '2023-07-09 18:06:18'),
(315, 162, 110, 'Test product 1', 'product', 1, 50.00, 45.00, 15.00, 6.75, '1 year', 10, 5, 1, '2023-07-16 07:35:57', '2023-07-16 07:35:57'),
(316, 162, 111, 'Test product 2', 'product', 1, 35.00, 25.00, 15.00, 4.20, '1 year', 20, 7, 1, '2023-07-16 07:35:57', '2023-07-16 07:35:57'),
(317, 162, 133, 'Test product 3', 'product', 1, 30.00, 20.00, 0.00, 0.00, NULL, 0, 0, 1, '2023-07-16 07:35:57', '2023-07-16 07:35:57'),
(321, 164, 110, 'Test product 1', 'product', 10, 50.00, 45.00, 15.00, 6.75, '1 year', 10, 5, 1, '2023-07-17 13:47:58', '2023-07-17 13:47:58'),
(322, 164, 111, 'Test product 2', 'product', 10, 35.00, 25.00, 15.00, 4.20, '1 year', 20, 7, 1, '2023-07-17 13:47:58', '2023-07-17 13:47:58'),
(323, 165, 110, 'Test product 1', 'product', 10, 50.00, 45.00, 15.00, 6.75, '1 year', 10, 5, 1, '2023-07-17 13:51:30', '2023-07-17 13:51:30'),
(324, 165, 111, 'Test product 2', 'product', 10, 35.00, 25.00, 15.00, 4.20, '1 year', 20, 7, 1, '2023-07-17 13:51:30', '2023-07-17 13:51:30'),
(325, 166, 111, 'Test product 2', 'product', 20, 35.00, 25.00, 15.00, 4.20, '1 year', 20, 7, 1, '2023-07-22 11:45:24', '2023-07-22 11:45:24'),
(326, 166, 133, 'Test product 3', 'product', 26, 30.00, 20.00, 0.00, 0.00, NULL, 0, 0, 1, '2023-07-22 11:45:24', '2023-07-22 11:45:24'),
(327, 167, 136, 'Test product 1', 'product', 10, 30.00, 20.00, 0.00, 0.00, NULL, 0, 0, 1, '2023-08-05 09:14:10', '2023-08-05 09:14:10'),
(328, 168, 136, 'Test product 1', 'product', 100, 30.00, 20.00, 0.00, 0.00, '3 day', 0, 0, 1, '2023-08-05 09:16:06', '2023-08-05 09:16:06'),
(329, 169, 136, 'Test product 1', 'product', 10, 30.00, 20.00, 0.00, 0.00, '3 day', 0, 0, 1, '2023-08-05 09:17:28', '2023-08-05 09:17:28'),
(330, 170, 136, 'Test product 1', 'product', 20, 30.00, 20.00, 0.00, 0.00, '3 day', 0, 0, 1, '2023-08-05 09:20:24', '2023-08-05 09:20:24'),
(331, 171, 136, 'Test product 1', 'product', 30, 30.00, 20.00, 0.00, 0.00, '3 day', 0, 0, 1, '2023-08-05 09:23:47', '2023-08-05 09:23:47'),
(332, 172, 136, 'Test product 1', 'product', 20, 30.00, 20.00, 0.00, 0.00, '3 day', 0, 0, 1, '2023-08-05 09:24:43', '2023-08-05 09:24:43'),
(333, 173, 136, 'Test product 1', 'product', 10, 30.00, 20.00, 0.00, 0.00, '3 day', 0, 0, 1, '2023-08-08 08:25:24', '2023-08-08 08:25:24'),
(334, 173, 137, 'Test product 2', 'product', 20, 50.00, 30.00, 15.00, 7.50, NULL, 0, 0, 1, '2023-08-08 08:25:24', '2023-08-08 08:25:24'),
(335, 173, 138, 'Test product 3', 'product', 20, 60.00, 40.00, 0.00, 0.00, NULL, 0, 0, 1, '2023-08-08 08:25:24', '2023-08-08 08:25:24'),
(336, 174, 139, 'Test product 4', 'product', 1, 50.00, 30.00, 0.00, 0.00, '3 day', 0, 0, 1, '2023-08-20 09:11:54', '2023-08-20 09:11:54'),
(337, 174, 138, 'Test product 3', 'product', 1, 60.00, 40.00, 0.00, 0.00, NULL, 0, 0, 1, '2023-08-20 09:11:54', '2023-08-20 09:11:54'),
(338, 174, 137, 'Test product 2', 'product', 1, 50.00, 30.00, 15.00, 7.50, NULL, 0, 0, 1, '2023-08-20 09:11:54', '2023-08-20 09:11:54'),
(339, 175, 136, 'Test product 1', 'product', 1, 30.00, 20.00, 0.00, 0.00, '3 day', 0, 0, 1, '2023-08-21 10:32:17', '2023-08-21 10:32:17'),
(340, 175, 137, 'Test product 2', 'product', 1, 50.00, 30.00, 15.00, 7.50, NULL, 0, 0, 1, '2023-08-21 10:32:17', '2023-08-21 10:32:17'),
(341, 175, 138, 'Test product 3', 'product', 1, 60.00, 40.00, 0.00, 0.00, NULL, 0, 0, 1, '2023-08-21 10:32:17', '2023-08-21 10:32:17'),
(342, 176, 136, 'Test product 1', 'product', 10, 30.00, 20.00, 0.00, 0.00, '3 day', 0, 0, 1, '2023-08-21 10:33:18', '2023-08-21 10:33:18'),
(343, 176, 137, 'Test product 2', 'product', 1, 50.00, 30.00, 15.00, 7.50, NULL, 0, 0, 1, '2023-08-21 10:33:18', '2023-08-21 10:33:18'),
(344, 176, 138, 'Test product 3', 'product', 1, 60.00, 40.00, 0.00, 0.00, NULL, 0, 0, 1, '2023-08-21 10:33:18', '2023-08-21 10:33:18'),
(345, 177, 136, 'Test product 1', 'product', 10, 30.00, 20.00, 0.00, 0.00, '3 day', 0, 0, 1, '2023-08-23 14:06:33', '2023-08-23 14:06:33'),
(346, 177, 137, 'Test product 2', 'product', 10, 50.00, 30.00, 15.00, 7.50, NULL, 0, 0, 1, '2023-08-23 14:06:33', '2023-08-23 14:06:33'),
(347, 178, 140, 'Napa 500 mg', 'product', 10, 1.50, 1.25, 0.00, 0.00, NULL, 0, 0, 1, '2023-08-24 11:03:48', '2023-08-24 11:03:48'),
(348, 179, 149, 'Napa 500 mg tab', 'product', 20, 1.50, 1.25, 0.00, 0.00, NULL, 0, 0, 1, '2023-08-24 14:25:15', '2023-08-24 14:25:15'),
(349, 179, 150, 'Algin 50 mg Tab', 'product', 10, 9.00, 7.00, 0.00, 0.00, NULL, 0, 0, 1, '2023-08-24 14:25:15', '2023-08-24 14:25:15'),
(350, 180, 151, 'ponds cream', 'product', 1, 250.00, 200.00, 15.00, 33.75, '3 day', 10, 25, 1, '2023-08-29 08:25:50', '2023-08-29 08:25:50'),
(351, 181, 151, 'ponds cream', 'product', 5, 250.00, 200.00, 15.00, 33.75, '3 day', 10, 25, 1, '2023-08-29 08:29:00', '2023-08-29 08:29:00'),
(352, 182, 152, 'Meri', 'product', 1, 60.00, 50.00, 0.00, 0.00, NULL, 0, 0, 1, '2023-08-29 08:54:50', '2023-08-29 08:54:50'),
(353, 182, 153, 'ponds cream', 'product', 1, 300.00, 250.00, 0.00, 0.00, NULL, 0, 0, 1, '2023-08-29 08:54:50', '2023-08-29 08:54:50'),
(354, 183, 136, 'Test product 1', 'product', 1, 700.00, 118.06, 0.00, 0.00, '3 day', 0, 0, 1, '2023-08-30 06:12:44', '2023-08-30 06:12:44'),
(355, 184, 136, 'Test product 1', 'product', 1, 700.00, 118.06, 0.00, 0.00, '3 day', 0, 0, 1, '2023-08-30 06:31:54', '2023-08-30 06:31:54'),
(356, 184, 137, 'Test product 2', 'product', 1, 50.00, 30.00, 15.00, 7.50, NULL, 0, 0, 1, '2023-08-30 06:31:54', '2023-08-30 06:31:54'),
(357, 184, 138, 'Test product 3', 'product', 1, 60.00, 40.00, 0.00, 0.00, NULL, 0, 0, 1, '2023-08-30 06:31:54', '2023-08-30 06:31:54'),
(358, 185, 136, 'Test product 1', 'product', 1, 700.00, 118.06, 0.00, 0.00, '3 day', 0, 0, 1, '2023-08-30 06:34:16', '2023-08-30 06:34:16'),
(359, 185, 137, 'Test product 2', 'product', 1, 50.00, 30.00, 15.00, 7.50, NULL, 0, 0, 1, '2023-08-30 06:34:16', '2023-08-30 06:34:16'),
(360, 185, 138, 'Test product 3', 'product', 1, 60.00, 40.00, 0.00, 0.00, NULL, 0, 0, 1, '2023-08-30 06:34:16', '2023-08-30 06:34:16'),
(361, 186, 136, 'Test product 1', 'product', 1, 700.00, 118.06, 0.00, 0.00, '3 day', 0, 0, 1, '2023-08-30 06:41:14', '2023-08-30 06:41:14'),
(362, 186, 138, 'Test product 3', 'product', 1, 60.00, 40.00, 0.00, 0.00, NULL, 0, 0, 1, '2023-08-30 06:41:14', '2023-08-30 06:41:14'),
(363, 186, 141, 'Test product 5', 'product', 1, 70.00, 50.00, 0.00, 0.00, NULL, 0, 0, 1, '2023-08-30 06:41:14', '2023-08-30 06:41:14'),
(364, 187, 137, 'Test product 2', 'product', 1, 50.00, 30.00, 15.00, 7.50, NULL, 0, 0, 1, '2023-08-30 06:44:04', '2023-08-30 06:44:04'),
(365, 187, 139, 'Test product 4', 'product', 1, 50.00, 30.00, 0.00, 0.00, '3 day', 0, 0, 1, '2023-08-30 06:44:04', '2023-08-30 06:44:04'),
(366, 187, 141, 'Test product 5', 'product', 1, 70.00, 50.00, 0.00, 0.00, NULL, 0, 0, 1, '2023-08-30 06:44:04', '2023-08-30 06:44:04'),
(367, 187, 142, 'Test product 6', 'product', 1, 30.00, 20.00, 0.00, 0.00, NULL, 0, 0, 1, '2023-08-30 06:44:04', '2023-08-30 06:44:04'),
(368, 188, 136, 'Test product 1', 'product', 1, 700.00, 118.06, 0.00, 0.00, '3 day', 0, 0, 0, '2023-08-30 06:54:12', '2023-08-30 06:54:12'),
(369, 188, 137, 'Test product 2', 'product', 1, 50.00, 30.00, 15.00, 7.50, NULL, 0, 0, 0, '2023-08-30 06:54:12', '2023-08-30 06:54:12'),
(370, 188, 138, 'Test product 3', 'product', 1, 60.00, 40.00, 0.00, 0.00, NULL, 0, 0, 0, '2023-08-30 06:54:12', '2023-08-30 06:54:12'),
(371, 189, 136, 'Test product 1', 'product', 10, 700.00, 118.06, 0.00, 0.00, '3 day', 0, 0, 1, '2023-08-30 07:18:44', '2023-08-30 07:18:44'),
(372, 189, 137, 'Test product 2', 'product', 10, 45.00, 30.00, 15.00, 6.75, NULL, 0, 0, 1, '2023-08-30 07:18:44', '2023-08-30 07:18:44'),
(373, 189, 138, 'Test product 3', 'product', 1, 60.00, 40.00, 0.00, 0.00, NULL, 0, 0, 1, '2023-08-30 07:18:44', '2023-08-30 07:18:44'),
(374, 190, 137, 'Test product 2', 'product', 1, 50.00, 30.00, 15.00, 7.50, NULL, 0, 0, 1, '2023-08-30 07:36:57', '2023-08-30 07:36:57'),
(375, 190, 136, 'Test product 1', 'product', 1, 700.00, 118.06, 0.00, 0.00, '3 day', 0, 0, 1, '2023-08-30 07:36:57', '2023-08-30 07:36:57'),
(376, 190, 138, 'Test product 3', 'product', 1, 60.00, 40.00, 0.00, 0.00, NULL, 0, 0, 1, '2023-08-30 07:36:57', '2023-08-30 07:36:57'),
(377, 190, 139, 'Test product 4', 'product', 1, 50.00, 30.00, 0.00, 0.00, '3 day', 0, 0, 1, '2023-08-30 07:36:57', '2023-08-30 07:36:57'),
(378, 191, 151, 'ponds cream', 'product', 30, 250.00, 200.00, 15.00, 33.75, '3 day', 10, 25, 1, '2023-08-30 12:46:06', '2023-08-30 12:46:06'),
(379, 192, 138, 'Test product 3', 'product', 1, 60.00, 40.00, 0.00, 0.00, NULL, 0, 0, 1, '2023-08-30 13:55:55', '2023-08-30 13:55:55'),
(380, 192, 139, 'Test product 4', 'product', 1, 50.00, 30.00, 0.00, 0.00, '3 day', 0, 0, 1, '2023-08-30 13:55:55', '2023-08-30 13:55:55'),
(381, 192, 141, 'Test product 5', 'product', 1, 70.00, 50.00, 0.00, 0.00, NULL, 0, 0, 1, '2023-08-30 13:55:55', '2023-08-30 13:55:55'),
(382, 193, 138, 'Test product 3', 'product', 1, 60.00, 40.00, 0.00, 0.00, NULL, 0, 0, 1, '2023-08-30 14:02:13', '2023-08-30 14:02:13'),
(383, 194, 136, 'Test product 1', 'product', 6, 700.00, 247.18, 0.00, 0.00, '3 day', 0, 0, 1, '2023-09-02 06:01:46', '2023-09-02 06:01:46'),
(384, 194, 137, 'Test product 2', 'product', 6, 50.00, 30.00, 0.00, 0.00, NULL, 0, 0, 1, '2023-09-02 06:01:46', '2023-09-02 06:01:46'),
(385, 194, 138, 'Test product 3', 'product', 5, 60.00, 40.00, 0.00, 0.00, NULL, 0, 0, 1, '2023-09-02 06:01:46', '2023-09-02 06:01:46'),
(386, 194, 139, 'Test product 4', 'product', 6, 50.00, 30.00, 0.00, 0.00, '3 day', 0, 0, 1, '2023-09-02 06:01:46', '2023-09-02 06:01:46'),
(387, 195, 148, 'Test product 13', 'product', 4, 30.00, 20.00, 0.00, 0.00, NULL, 0, 0, 1, '2023-09-02 06:26:58', '2023-09-02 06:26:58'),
(388, 195, 149, 'Napa 500 mg tab', 'product', 4, 1.50, 1.25, 0.00, 0.00, NULL, 0, 0, 1, '2023-09-02 06:26:58', '2023-09-02 06:26:58'),
(389, 196, 136, 'Test product 1', 'product', 1, 700.00, 247.18, 0.00, 0.00, '3 day', 0, 0, 1, '2023-09-05 05:22:49', '2023-09-05 05:22:49'),
(390, 196, 137, 'Test product 2', 'product', 1, 50.00, 30.00, 0.00, 0.00, NULL, 0, 0, 1, '2023-09-05 05:22:49', '2023-09-05 05:22:49'),
(391, 196, 138, 'Test product 3', 'product', 1, 60.00, 40.00, 0.00, 0.00, NULL, 0, 0, 1, '2023-09-05 05:22:49', '2023-09-05 05:22:49'),
(392, 197, 137, 'Test product 2', 'product', 1, 50.00, 30.00, 0.00, 0.00, NULL, 0, 0, 1, '2023-09-05 05:23:30', '2023-09-05 05:23:30'),
(393, 197, 138, 'Test product 3', 'product', 1, 60.00, 40.00, 0.00, 0.00, NULL, 0, 0, 1, '2023-09-05 05:23:30', '2023-09-05 05:23:30'),
(394, 197, 139, 'Test product 4', 'product', 1, 50.00, 30.00, 0.00, 0.00, '3 day', 0, 0, 1, '2023-09-05 05:23:30', '2023-09-05 05:23:30'),
(395, 198, 136, 'Test product 1', 'product', 1, 700.00, 247.18, 0.00, 0.00, '3 day', 0, 0, 1, '2023-09-05 05:26:27', '2023-09-05 05:26:27'),
(396, 198, 137, 'Test product 2', 'product', 1, 50.00, 30.00, 0.00, 0.00, NULL, 0, 0, 1, '2023-09-05 05:26:27', '2023-09-05 05:26:27'),
(397, 198, 138, 'Test product 3', 'product', 1, 60.00, 40.00, 0.00, 0.00, NULL, 0, 0, 1, '2023-09-05 05:26:27', '2023-09-05 05:26:27'),
(398, 199, 136, 'Test product 1', 'product', 1, 700.00, 247.18, 0.00, 0.00, '3 day', 0, 0, 1, '2023-09-07 02:50:14', '2023-09-07 02:50:14'),
(399, 199, 137, 'Test product 2', 'product', 1, 50.00, 30.00, 0.00, 0.00, NULL, 0, 0, 1, '2023-09-07 02:50:14', '2023-09-07 02:50:14'),
(400, 199, 138, 'Test product 3', 'product', 1, 60.00, 40.00, 0.00, 0.00, NULL, 0, 0, 1, '2023-09-07 02:50:14', '2023-09-07 02:50:14'),
(401, 199, 139, 'Test product 4', 'product', 1, 50.00, 30.00, 0.00, 0.00, '3 day', 0, 0, 1, '2023-09-07 02:50:14', '2023-09-07 02:50:14'),
(402, 200, 147, 'Test product 11', 'product', 10, 40.00, 30.00, 0.00, 0.00, NULL, 0, 0, 1, '2023-09-20 06:47:26', '2023-09-20 06:47:26'),
(403, 201, 136, 'Test product 1', 'product', 1, 700.00, 247.18, 0.00, 0.00, '3 day', 0, 0, 1, '2023-09-20 06:48:36', '2023-09-20 06:48:36'),
(404, 201, 137, 'Test product 2', 'product', 1, 50.00, 30.00, 0.00, 0.00, NULL, 0, 0, 1, '2023-09-20 06:48:36', '2023-09-20 06:48:36'),
(405, 201, 138, 'Test product 3', 'product', 1, 60.00, 40.00, 0.00, 0.00, NULL, 0, 0, 1, '2023-09-20 06:48:36', '2023-09-20 06:48:36'),
(406, 202, 136, 'Test product 1', 'product', 10, 700.00, 247.18, 0.00, 0.00, '3 day', 0, 0, 1, '2023-09-22 02:56:20', '2023-09-22 02:56:20'),
(407, 202, 137, 'Test product 2', 'product', 10, 50.00, 30.00, 0.00, 0.00, NULL, 0, 0, 1, '2023-09-22 02:56:20', '2023-09-22 02:56:20'),
(408, 202, 138, 'Test product 3', 'product', 10, 60.00, 40.00, 0.00, 0.00, NULL, 0, 0, 1, '2023-09-22 02:56:20', '2023-09-22 02:56:20'),
(409, 202, 139, 'Test product 4', 'product', 10, 50.00, 30.00, 0.00, 0.00, '3 day', 0, 0, 1, '2023-09-22 02:56:20', '2023-09-22 02:56:20'),
(410, 203, 136, 'Test product 1', 'product', 140, 700.00, 241.85, 0.00, 0.00, '3 day', 0, 0, 1, '2023-09-22 14:48:35', '2023-09-22 14:48:35');

-- --------------------------------------------------------

--
-- Table structure for table `packages`
--

CREATE TABLE `packages` (
  `id` bigint(20) UNSIGNED NOT NULL,
  `en_name` varchar(255) NOT NULL,
  `bn_name` varchar(255) DEFAULT NULL,
  `price` decimal(8,2) NOT NULL,
  `discount` decimal(8,2) DEFAULT NULL,
  `discount_price` decimal(8,2) DEFAULT NULL,
  `duration` int(10) UNSIGNED NOT NULL,
  `user_limit` int(10) UNSIGNED NOT NULL,
  `image` varchar(255) NOT NULL,
  `status` tinyint(4) NOT NULL DEFAULT 1,
  `created_at` timestamp NULL DEFAULT NULL,
  `updated_at` timestamp NULL DEFAULT NULL
) ENGINE=InnoDB DEFAULT CHARSET=utf8mb4 COLLATE=utf8mb4_unicode_ci;

--
-- Dumping data for table `packages`
--

INSERT INTO `packages` (`id`, `en_name`, `bn_name`, `price`, `discount`, `discount_price`, `duration`, `user_limit`, `image`, `status`, `created_at`, `updated_at`) VALUES
(1, 'Jamidari Package', 'জমিদারি প্যাকেজ', 2400.00, NULL, NULL, 365, 2, 'images/package/1768014534663460.png', 1, '2022-11-19 07:18:55', '2023-09-20 06:31:27'),
(2, 'Jamidari Package', 'জমিদারি প্যাকেজ', 4000.00, NULL, NULL, 730, 2, 'images/package/1768014523436862.png', 1, '2022-11-19 07:18:55', '2023-09-20 06:33:37'),
(3, 'Nababi Package', 'নবাবী প্যাকেজ', 4000.00, NULL, NULL, 365, 5, 'images/package/1773729896592159.jpeg', 1, '2023-02-26 23:06:38', '2023-09-20 06:33:14'),
(4, 'Otithi', 'ওতিথি', 0.00, NULL, NULL, 90, 1, 'images/package/1776357993351796.png', 1, '2023-06-06 21:53:41', '2023-09-07 06:09:55'),
(5, 'Nababi Package', 'নবাবী প্যাকেজ', 7000.00, NULL, NULL, 730, 5, 'images/package/1773729934538596.jpeg', 1, '2023-06-25 07:15:19', '2023-09-20 06:41:35');

-- --------------------------------------------------------

--
-- Table structure for table `package_features`
--

CREATE TABLE `package_features` (
  `id` bigint(20) UNSIGNED NOT NULL,
  `en_name` varchar(255) NOT NULL,
  `bn_name` varchar(255) DEFAULT NULL,
  `status` tinyint(4) NOT NULL,
  `created_at` timestamp NULL DEFAULT NULL,
  `updated_at` timestamp NULL DEFAULT NULL
) ENGINE=InnoDB DEFAULT CHARSET=utf8mb4 COLLATE=utf8mb4_unicode_ci;

--
-- Dumping data for table `package_features`
--

INSERT INTO `package_features` (`id`, `en_name`, `bn_name`, `status`, `created_at`, `updated_at`) VALUES
(1, 'If customer\'s name and address are added to the balance at the time of sale, the balance ledger will automatically be opened in the name of that customer. You can pay the reminder in any media.', 'বাকিতে বিক্রির সময় কাষ্টমারের নাম, ঠিকানা যোগ করলে স্বয়ংক্রিয়ভাবে ঐ কাস্টমারের নামে বাকীর লেজার ওপেন হয়ে যাবে। যে কোন মিডিয়ায় বাকীর তাগাদা দিতে পারবেন।', 1, '2022-11-19 05:45:30', '2023-08-07 08:18:17'),
(2, 'Stock:Stock will be generated automatically as soon as the purchase is accounted for. You can see stock updates at any time. It always takes hours to match stocks, here you can match stocks in seconds.', 'স্টক:ক্রয়ের হিসাব রাখার সাথে সাথে স্বয়ংক্রিয়ভাবে স্টক তৈরি হয়ে যাবে। যে কোন সময় স্টকের আপডেট দেখতে পারবেন। সব সময় স্টক মিলাতে ঘন্টার পর ঘন্টা লেগে যায়  এখানে কয়েক সেকেন্ডের মধ্যেই স্টকের হিসাব মিলাতে পারবেন।', 1, '2022-11-19 05:47:22', '2023-08-10 07:36:35'),
(3, 'You can sell thousands of money in a few seconds.', 'কয়েক সেকেন্ডের মধ্যে হাজার হাজার টাকার বিক্রি সম্পন্ন করতে পারবেন।', 1, '2022-11-19 05:48:15', '2023-08-07 08:20:45'),
(4, 'You can keep account of purchase and sale very easily.', 'খুব সহজেই ক্রয়-বিক্রয়ের হিসাব রাখতে পারবেন।', 1, '2022-11-19 05:48:42', '2023-08-07 08:16:58'),
(5, 'A profit and loss ledger will be generated automatically.', 'স্বয়ংক্রিয়ভাবে লাভ-ক্ষতির লেজার তৈরি হয়ে যাবে।', 1, '2023-08-05 06:39:55', '2023-08-07 08:18:51'),
(6, 'You can monitor your business from anywhere in the world.', 'পৃথিবীর যে কোন জায়গা থেকে আপনার ব্যবসা মনিটর করতে পারবেন।', 1, '2023-08-07 08:16:14', '2023-08-07 08:16:14'),
(7, 'Even if the phone is lost or damaged, no problem, you will not lose your account.', 'ফোন হারিয়ে বা নষ্ট হয়ে গেলেও সমস্যা নাই আপনার হিসাব হারাবেনা।', 1, '2023-08-07 08:26:06', '2023-08-07 08:26:06'),
(8, 'Your business information is 100% safe and secure.', 'আপনার ব্যবসার তথ্য ১০০% নিরাপদ এবং সুরক্ষিত।', 1, '2023-08-07 08:27:30', '2023-08-07 08:27:30'),
(9, 'Purchase: You can keep your business purchase account. How much from any supplier? You can keep track of which products you have bought.', 'ক্রয়:আপনার ব্যবসার ক্রয় হিসাব রাখতে পারবেন। কোন সাপ্লায়ের কাছ থেকে কত টাকার কোন পণ্য কিনেছেন তার হিসাব রাখতে পারবেন।', 1, '2023-08-10 06:51:27', '2023-08-10 06:51:27'),
(10, 'Sales', 'বিক্রয়', 1, '2023-08-10 08:04:21', '2023-09-05 06:51:58'),
(11, 'Feature', 'ফিচার', 1, '2023-09-05 05:56:06', '2023-09-05 05:56:06'),
(12, 'fghkkyhhhhhhhhhh', 'fghkkyhhhhhhhhhhhhhhhhhhhhhh', 1, '2023-09-07 06:05:59', '2023-09-20 06:26:43');

-- --------------------------------------------------------

--
-- Table structure for table `package_package_feature`
--

CREATE TABLE `package_package_feature` (
  `id` bigint(20) UNSIGNED NOT NULL,
  `package_id` bigint(20) UNSIGNED NOT NULL,
  `package_feature_id` bigint(20) UNSIGNED NOT NULL,
  `created_at` timestamp NULL DEFAULT NULL,
  `updated_at` timestamp NULL DEFAULT NULL
) ENGINE=InnoDB DEFAULT CHARSET=utf8mb4 COLLATE=utf8mb4_unicode_ci;

--
-- Dumping data for table `package_package_feature`
--

INSERT INTO `package_package_feature` (`id`, `package_id`, `package_feature_id`, `created_at`, `updated_at`) VALUES
(2, 1, 2, NULL, NULL),
(3, 1, 3, NULL, NULL),
(9, 3, 1, NULL, NULL),
(10, 3, 2, NULL, NULL),
(11, 3, 3, NULL, NULL),
(12, 3, 4, NULL, NULL),
(13, 4, 1, NULL, NULL),
(14, 4, 2, NULL, NULL),
(15, 4, 3, NULL, NULL),
(16, 4, 4, NULL, NULL),
(17, 1, 1, NULL, NULL),
(18, 1, 4, NULL, NULL),
(19, 5, 1, NULL, NULL),
(20, 5, 2, NULL, NULL),
(21, 5, 3, NULL, NULL),
(22, 5, 4, NULL, NULL),
(23, 2, 5, NULL, NULL),
(24, 1, 5, NULL, NULL),
(25, 1, 6, NULL, NULL),
(26, 1, 7, NULL, NULL),
(27, 1, 8, NULL, NULL),
(28, 2, 1, NULL, NULL),
(29, 2, 2, NULL, NULL),
(30, 2, 3, NULL, NULL),
(31, 2, 4, NULL, NULL),
(32, 2, 6, NULL, NULL),
(33, 2, 7, NULL, NULL),
(34, 2, 8, NULL, NULL),
(35, 3, 5, NULL, NULL),
(36, 3, 6, NULL, NULL),
(37, 3, 7, NULL, NULL),
(38, 3, 8, NULL, NULL),
(39, 5, 5, NULL, NULL),
(40, 5, 6, NULL, NULL),
(41, 5, 7, NULL, NULL),
(42, 5, 8, NULL, NULL),
(43, 4, 5, NULL, NULL),
(44, 4, 6, NULL, NULL),
(45, 4, 7, NULL, NULL),
(46, 4, 8, NULL, NULL),
(47, 4, 9, NULL, NULL),
(48, 1, 9, NULL, NULL);

-- --------------------------------------------------------

--
-- Table structure for table `pages`
--

CREATE TABLE `pages` (
  `id` bigint(20) UNSIGNED NOT NULL,
  `en_name` varchar(255) NOT NULL,
  `en_details` longtext NOT NULL,
  `bn_name` varchar(255) DEFAULT NULL,
  `bn_details` longtext DEFAULT NULL,
  `slug` varchar(255) NOT NULL,
  `status` tinyint(4) NOT NULL DEFAULT 1,
  `created_at` timestamp NULL DEFAULT NULL,
  `updated_at` timestamp NULL DEFAULT NULL
) ENGINE=InnoDB DEFAULT CHARSET=utf8mb4 COLLATE=utf8mb4_unicode_ci;

--
-- Dumping data for table `pages`
--

INSERT INTO `pages` (`id`, `en_name`, `en_details`, `bn_name`, `bn_details`, `slug`, `status`, `created_at`, `updated_at`) VALUES
(1, 'Refund policy and Cencelation policy', '<p><font color=\"#000000\"><b>Refund policy and Cencelation Policy</b></font></p><p><font color=\"#000000\"><b>If you are dissatisfied at any time,during your first month using our mobile application</b></font></p><p><font color=\"#000000\"><b>“gmanager”,please let us know your concern.We will do our our best to address your</b></font></p><p><font color=\"#000000\"><b>concern,provide a solution,workaround or give a timeline for a provide a solution that meet your</b></font></p><p><font color=\"#000000\"><b>needs.If you are still not satisfied, we will gladly offer you a full refund for your purchase,and</b></font></p><p><font color=\"#000000\"><b>downgrade your account to the free plan for that service with limited or no access.</b></font></p><p><font color=\"#000000\"><b>The refund request should be satisfied via email.Refund policy will be applicable only for</b></font></p><p><font color=\"#000000\"><b>purchase equal.</b></font></p><p><font color=\"#000000\"><b>Any query please drop us an e-mail at gmanagerhrm@gmail.com</b></font></p><p><br></p><p><font color=\"#000000\"><b><br></b></font></p><p><br></p><p><br></p>', 'Refund policy and Cencelation Policy', '<p><font color=\"#000000\"><span style=\"font-weight: bolder;\">Refund policy and Cencelation Policy</span></font></p><p><font color=\"#000000\"><span style=\"font-weight: bolder;\">If you are dissatisfied at any time,during your first month using our mobile application</span></font></p><p><font color=\"#000000\"><span style=\"font-weight: bolder;\">“gmanager”,please let us know your concern.We will do our our best to address your</span></font></p><p><font color=\"#000000\"><span style=\"font-weight: bolder;\">concern,provide a solution,workaround or give a timeline for a provide a solution that meet your</span></font></p><p><font color=\"#000000\"><span style=\"font-weight: bolder;\">needs.If you are still not satisfied, we will gladly offer you a full refund for your purchase,and</span></font></p><p><font color=\"#000000\"><span style=\"font-weight: bolder;\">downgrade your account to the free plan for that service with limited or no access.</span></font></p><p><font color=\"#000000\"><span style=\"font-weight: bolder;\">The refund request should be satisfied via email.Refund policy will be applicable only for</span></font></p><p><font color=\"#000000\"><span style=\"font-weight: bolder;\">purchase equal.</span></font></p><p><font color=\"#000000\"><span style=\"font-weight: bolder;\">Any query please drop us an e-mail at gmanagerhrm@gmail.com</span></font></p><p><br></p><p><font color=\"#000000\"><span style=\"font-weight: bolder;\"><br></span></font></p><p><br></p><p><br></p>', 'refund-policy-and-cencelation-policy', 1, '2023-06-08 11:37:53', '2023-09-08 13:38:04'),
(2, 'Terms and conditions', '<p style=\"background-color: rgba(0, 0, 0, 0.05);\"><font color=\"#000000\"><span style=\"font-weight: bolder;\">100% Advance payment compulsory-govt vat+application charge</span></font></p><p style=\"background-color: rgba(0, 0, 0, 0.05);\"><font color=\"#000000\"><span style=\"font-weight: bolder;\">If any amount incurred towards govt. fees such amount will be deducted from from fees.</span></font></p>', 'শর্তাবলী', '<pre class=\"tw-data-text tw-text-large tw-ta\" data-placeholder=\"Translation\" id=\"tw-target-text\" dir=\"ltr\" style=\"unicode-bidi: isolate; font-size: 28px; line-height: 32px; background-color: rgb(248, 249, 250); border: none; padding: 2px 0.14em 2px 0px; position: relative; margin-top: -2px; margin-bottom: -2px; resize: none; font-family: inherit; overflow: hidden; width: 270px; text-wrap: wrap; overflow-wrap: break-word; color: rgb(32, 33, 36);\"><p style=\"color: rgb(33, 37, 41); font-size: 16px; white-space-collapse: collapse; background-color: rgba(0, 0, 0, 0.05);\"><font color=\"#000000\"><span style=\"font-weight: bolder;\">100% Advance payment compulsory-govt vat+application charge</span></font></p><p style=\"color: rgb(33, 37, 41); font-size: 16px; white-space-collapse: collapse; background-color: rgba(0, 0, 0, 0.05);\"><font color=\"#000000\"><span style=\"font-weight: bolder;\">If any amount incurred towards govt. fees such amount will be deducted from from fees.</span></font></p></pre>', 'terms-and-conditions', 1, '2023-06-08 11:37:53', '2023-08-14 05:14:37'),
(3, 'Privacy policy', '<p style=\"background-color: rgba(0, 0, 0, 0.05);\"><br></p><p style=\"background-color: rgba(0, 0, 0, 0.05);\"><font color=\"#000000\"><span style=\"font-weight: bolder;\">&nbsp;Legal Disclaimer</span></font></p><p style=\"background-color: rgba(0, 0, 0, 0.05);\"><font color=\"#000000\"><span style=\"font-weight: bolder;\">Though we make every effort to preserve user privacy, we may need to disclose personal information when</span></font></p><p style=\"background-color: rgba(0, 0, 0, 0.05);\"><font color=\"#000000\"><span style=\"font-weight: bolder;\">required by law wherein we have a good-faith belief that such action is necessary to comply with a current</span></font></p><p style=\"background-color: rgba(0, 0, 0, 0.05);\"><font color=\"#000000\"><span style=\"font-weight: bolder;\">judicial proceeding, a court order or legal process served on our Web site. For example, HostBooks may</span></font></p><p style=\"background-color: rgba(0, 0, 0, 0.05);\"><font color=\"#000000\"><span style=\"font-weight: bolder;\">disclose personal information to law enforcement, other government officials, or third parties in response to</span></font></p><p style=\"background-color: rgba(0, 0, 0, 0.05);\"><font color=\"#000000\"><span style=\"font-weight: bolder;\">criminal or civil subpoenas.</span></font></p>', 'Privacy policy', '<p><br></p><p style=\"background-color: rgba(0, 0, 0, 0.05);\"><font color=\"#000000\"><span style=\"font-weight: bolder;\">&nbsp;Legal Disclaimer</span></font></p><p style=\"background-color: rgba(0, 0, 0, 0.05);\"><font color=\"#000000\"><span style=\"font-weight: bolder;\">Though we make every effort to preserve user privacy, we may need to disclose personal information when</span></font></p><p style=\"background-color: rgba(0, 0, 0, 0.05);\"><font color=\"#000000\"><span style=\"font-weight: bolder;\">required by law wherein we have a good-faith belief that such action is necessary to comply with a current</span></font></p><p style=\"background-color: rgba(0, 0, 0, 0.05);\"><font color=\"#000000\"><span style=\"font-weight: bolder;\">judicial proceeding, a court order or legal process served on our Web site. For example, HostBooks may</span></font></p><p style=\"background-color: rgba(0, 0, 0, 0.05);\"><font color=\"#000000\"><span style=\"font-weight: bolder;\">disclose personal information to law enforcement, other government officials, or third parties in response to</span></font></p><p style=\"background-color: rgba(0, 0, 0, 0.05);\"><font color=\"#000000\"><span style=\"font-weight: bolder;\">criminal or civil subpoenas.</span></font></p>', 'privacy-policy', 1, '2023-08-14 05:21:58', '2023-08-14 05:21:58'),
(4, 'Address', '<p><b style=\"font-size: 1rem;\">&nbsp;Office:Dhanbari Bazar,Dhanbari,Tangail</b></p><p><b style=\"font-size: 1rem;\">E-mail:gmanagerteam@gmail.com</b></p><p>&nbsp; &nbsp; &nbsp; &nbsp; &nbsp; &nbsp; &nbsp;<b> &nbsp;gmangerhrm@gmail.com</b></p>', 'Address', '<p><b style=\"font-size: 1rem;\">&nbsp;Office:Dhanbari Bazar,Dhanbari,Tangail&nbsp;</b></p><p><span style=\"font-weight: bolder; font-size: 1rem;\">E-mail:gmanagerteam@gmail.com</span></p><p>&nbsp; &nbsp; &nbsp; &nbsp; &nbsp; &nbsp; &nbsp;<span style=\"font-weight: bolder;\">&nbsp;&nbsp;gmangerhrm@gmail.com</span></p><p><br></p>', 'address', 1, '2023-08-16 07:58:24', '2023-09-08 13:36:02');

-- --------------------------------------------------------

--
-- Table structure for table `password_resets`
--

CREATE TABLE `password_resets` (
  `email` varchar(255) NOT NULL,
  `token` varchar(255) NOT NULL,
  `created_at` timestamp NULL DEFAULT NULL
) ENGINE=InnoDB DEFAULT CHARSET=utf8mb4 COLLATE=utf8mb4_unicode_ci;

--
-- Dumping data for table `password_resets`
--

INSERT INTO `password_resets` (`email`, `token`, `created_at`) VALUES
('11@gmail.com', '867816', '2023-06-08 04:42:03'),
('01798032828', '706801', '2023-06-08 05:12:55'),
('01798032828', '482255', '2023-06-08 05:14:34'),
('01798032828', '203495', '2023-06-08 05:15:04'),
('mehedihasansarkar1899@gmail.com', '382722', '2023-06-14 04:08:09'),
('mehedihasansarkar1899@gmail.com', '981012', '2023-06-14 04:10:25'),
('mehedihasansarkar1899@gmail.com', '946115', '2023-06-14 04:12:53'),
('mehedihasansarkar1899@gmail.com', '654741', '2023-06-14 04:14:45'),
('mehedihasansarkar1899@gmail.com', '331190', '2023-06-14 04:15:10'),
('mehedihasansarkar1899@gmail.com', '715683', '2023-06-14 04:24:52'),
('mehedihasansarkar1899@gmail.com', '944602', '2023-06-14 04:37:57'),
('mehedihasansarkar1899@gmail.com', '790839', '2023-06-14 04:41:11'),
('mehedihasansarkar1899@gmail.com', '755617', '2023-06-14 04:46:11'),
('01770744894', '335695', '2023-06-14 06:24:04'),
('shakila@gmail.com', '721178', '2023-07-20 11:48:01'),
('shakila@gmail.com', '949498', '2023-07-20 11:48:34'),
('shakila@gmail.com', '847101', '2023-07-20 11:50:34'),
('wiztec.foisal@gmail.com', '947094', '2023-08-23 06:45:04'),
('01913745770', '282766', '2023-08-24 10:19:20'),
('01688929193', '130660', '2023-09-07 06:31:15'),
('01798032828', '644275', '2023-09-07 06:32:39'),
('01798032828', '645064', '2023-09-07 06:39:44');

-- --------------------------------------------------------

--
-- Table structure for table `payment_types`
--

CREATE TABLE `payment_types` (
  `id` bigint(20) UNSIGNED NOT NULL,
  `user_id` bigint(20) UNSIGNED DEFAULT NULL,
  `name` varchar(255) NOT NULL,
  `status` int(11) NOT NULL DEFAULT 1,
  `created_at` timestamp NULL DEFAULT NULL,
  `updated_at` timestamp NULL DEFAULT NULL
) ENGINE=InnoDB DEFAULT CHARSET=utf8mb4 COLLATE=utf8mb4_unicode_ci;

--
-- Dumping data for table `payment_types`
--

INSERT INTO `payment_types` (`id`, `user_id`, `name`, `status`, `created_at`, `updated_at`) VALUES
(1, NULL, 'Cash', 1, NULL, NULL),
(2, NULL, 'Bkash', 1, NULL, NULL),
(3, 60, 'Janata Bank', 1, NULL, '2023-02-25 22:10:43'),
(4, 60, 'Sonali Bank', 0, NULL, '2023-09-14 12:23:59'),
(9, 5, 'Bank Asia', 0, '2023-02-23 01:45:14', '2023-02-25 22:10:57'),
(10, 5, 'aaa', 1, '2023-02-25 22:09:31', '2023-02-25 22:09:31'),
(11, 5, 'AB bank', 1, '2023-02-25 22:59:20', '2023-02-25 22:59:20'),
(12, 5, 'Islami Bank', 1, '2023-02-25 23:00:50', '2023-02-25 23:00:50'),
(13, 41, 'Bank Asia', 1, '2023-04-01 07:20:22', '2023-04-01 07:20:28'),
(14, 45, 'mycash', 1, '2023-04-06 13:03:08', '2023-04-19 04:36:29'),
(15, 45, 'mcash', 1, '2023-04-09 16:06:42', '2023-04-10 17:17:25'),
(16, 45, 'total cash', 0, '2023-04-09 16:08:56', '2023-04-19 04:36:49'),
(17, 65, 'Nagad', 1, '2023-05-15 15:23:50', '2023-05-15 15:36:43'),
(18, 67, 'Nagad', 0, '2023-05-22 04:28:05', '2023-05-22 04:28:27'),
(19, 71, 'Nagad', 0, '2023-05-26 19:13:43', '2023-05-26 19:15:12'),
(20, 164, 'Mutual Trust Bank', 0, '2023-08-23 14:12:36', '2023-09-21 12:57:02'),
(21, 164, 'Upay', 0, '2023-09-05 05:29:36', '2023-09-21 12:57:06'),
(22, 60, 'Rocket', 0, '2023-09-14 11:08:12', '2023-09-14 11:08:41'),
(23, 164, 'সোনালী ব্যাংক', 1, '2023-09-21 13:00:14', '2023-09-21 13:00:14');

-- --------------------------------------------------------

--
-- Table structure for table `personal_access_tokens`
--

CREATE TABLE `personal_access_tokens` (
  `id` bigint(20) UNSIGNED NOT NULL,
  `tokenable_type` varchar(255) NOT NULL,
  `tokenable_id` bigint(20) UNSIGNED NOT NULL,
  `name` varchar(255) NOT NULL,
  `token` varchar(64) NOT NULL,
  `abilities` text DEFAULT NULL,
  `last_used_at` timestamp NULL DEFAULT NULL,
  `expires_at` timestamp NULL DEFAULT NULL,
  `created_at` timestamp NULL DEFAULT NULL,
  `updated_at` timestamp NULL DEFAULT NULL
) ENGINE=InnoDB DEFAULT CHARSET=utf8mb4 COLLATE=utf8mb4_unicode_ci;

--
-- Dumping data for table `personal_access_tokens`
--

INSERT INTO `personal_access_tokens` (`id`, `tokenable_type`, `tokenable_id`, `name`, `token`, `abilities`, `last_used_at`, `expires_at`, `created_at`, `updated_at`) VALUES
(2, 'App\\Models\\User', 3, 'authToken', 'fc1029c356be9d7afa73f0ac01e773a35c2242c09976bd72e97ab35cddbc87da', '[\"*\"]', '2022-12-01 07:12:50', NULL, '2022-12-01 04:21:47', '2022-12-01 07:12:50'),
(3, 'App\\Models\\User', 4, 'authToken', '313ab411abaa1edacbba96656c53f9184fc14133e3a82a3c2ef6892f7fe03e84', '[\"*\"]', '2022-12-05 12:12:45', NULL, '2022-12-01 04:23:05', '2022-12-05 12:12:45'),
(5, 'App\\Models\\User', 8, 'authToken', 'd9b0d54dfed324b34ca44b555bcc36a0a045607c91993670a2b9c25b6df2c39f', '[\"*\"]', '2022-12-27 20:24:43', NULL, '2022-12-27 19:18:09', '2022-12-27 20:24:43'),
(6, 'App\\Models\\User', 8, 'authToken', 'cdd107ea9596872da25cb2e6bc3cd257e4857456d2c44036bbbf36679bd536b7', '[\"*\"]', NULL, NULL, '2022-12-27 19:18:46', '2022-12-27 19:18:46'),
(7, 'App\\Models\\User', 8, 'authToken', '3983069fd3547f3a82420274d69037f8e03af7d1604fbe9fb45746f97e6ab25d', '[\"*\"]', NULL, NULL, '2022-12-27 20:25:56', '2022-12-27 20:25:56'),
(8, 'App\\Models\\User', 8, 'authToken', 'a88ef016d69c9b87df583203f5f7a5b68d3f45da3b6e2370d63eb5c2c846a3bc', '[\"*\"]', '2022-12-27 21:00:41', NULL, '2022-12-27 20:59:45', '2022-12-27 21:00:41'),
(14, 'App\\Models\\User', 10, 'authToken', 'fefc6fd3dc37aeb5a170ce6ec1e3207349156edd37296219fa6f2790e587290b', '[\"*\"]', NULL, NULL, '2022-12-29 15:20:28', '2022-12-29 15:20:28'),
(39, 'App\\Models\\User', 4, 'authToken', '422d8dd6c7af4cc286f50aa99f73ab9da748eac4beace1a5c65caf096d3a0ff4', '[\"*\"]', NULL, NULL, '2023-01-10 16:20:38', '2023-01-10 16:20:38'),
(164, 'App\\Models\\User', 38, 'authToken', '34a22d072bea1795fe2a7b9949c1a0b966a1f351e2e8cee813dc17192e1233e8', '[\"*\"]', NULL, NULL, '2023-02-27 15:38:09', '2023-02-27 15:38:09'),
(165, 'App\\Models\\User', 39, 'authToken', '66c438dfb1a5ba7dd1ace3d3b9f6722ada2cc01131582f767be45d669f6c5dbf', '[\"*\"]', '2023-02-27 18:34:15', NULL, '2023-02-27 15:40:12', '2023-02-27 18:34:15'),
(166, 'App\\Models\\User', 39, 'authToken', 'a3d999d47257438dd2a55f4a93c0ac31a7768463caaac7b2d99b306bca78200f', '[\"*\"]', '2023-02-27 15:55:39', NULL, '2023-02-27 15:48:33', '2023-02-27 15:55:39'),
(167, 'App\\Models\\User', 39, 'authToken', '6c4061b366bc32a439f6092b39f94b690cfa61085d169576243b6c5e99c055e1', '[\"*\"]', '2023-02-27 19:21:02', NULL, '2023-02-27 16:05:56', '2023-02-27 19:21:02'),
(168, 'App\\Models\\User', 39, 'authToken', '01fcb711c1ad690ca9b65e7d43091f21aaf34bcf0416728612642cf00fc5e2b5', '[\"*\"]', '2023-02-27 19:45:26', NULL, '2023-02-27 16:29:42', '2023-02-27 19:45:26'),
(169, 'App\\Models\\User', 39, 'authToken', 'b996251d4a15a73cb4735fe39f9d73e76d34eb5e471d9e4a6941fbef42b4cd28', '[\"*\"]', '2023-03-01 20:17:25', NULL, '2023-02-27 16:46:52', '2023-03-01 20:17:25'),
(171, 'App\\Models\\User', 39, 'authToken', '5daa0683a0dabb07a57888214450f5da6cbd845bd8b247a785542350e4fbb5d4', '[\"*\"]', '2023-02-27 19:17:53', NULL, '2023-02-27 18:38:00', '2023-02-27 19:17:53'),
(173, 'App\\Models\\User', 39, 'authToken', 'fccc9a9578002ea6ba5cc5e787822f2230056c9ed9ae9eb65d3f8613c92e469b', '[\"*\"]', '2023-03-12 22:27:55', NULL, '2023-02-27 19:34:15', '2023-03-12 22:27:55'),
(175, 'App\\Models\\User', 39, 'authToken', 'e034bfedb148f13d0edbe069e217ecaedc3e7f064d021a375b1e895c34ec4a5f', '[\"*\"]', '2023-02-28 14:17:29', NULL, '2023-02-28 14:17:10', '2023-02-28 14:17:29'),
(240, 'App\\Models\\User', 61, 'authToken', '45e3ed36f8213461c438828f8485744fc0a6af8fba65cfcd6a63b9da760e26b6', '[\"*\"]', '2023-05-08 13:44:43', NULL, '2023-05-03 16:32:46', '2023-05-08 13:44:43'),
(276, 'App\\Models\\User', 68, 'authToken', '6e511b72fd2238fd2c1dbf424c40173c6ec0a4b01428848b2eacbf742ed722f2', '[\"*\"]', '2023-05-22 15:41:19', NULL, '2023-05-22 15:35:44', '2023-05-22 15:41:19'),
(298, 'App\\Models\\User', 73, 'authToken', 'ff17f84af50037164b8aa0ed11d85ba498fa0b43ae28131f34c3eafae3ae3e03', '[\"*\"]', '2023-05-30 19:48:00', NULL, '2023-05-28 15:39:45', '2023-05-30 19:48:00'),
(317, 'App\\Models\\User', 65, 'authToken', '22eaa9f81f3434f9ab293b2f4e630aac94e01b2b7bf07e6f38e7502d721eb92a', '[\"*\"]', '2023-07-01 03:23:29', NULL, '2023-06-21 12:52:06', '2023-07-01 03:23:29'),
(319, 'App\\Models\\User', 65, 'authToken', 'e8b886ced9d994bc44e41bb18c044e11f6dbd9ba970d2f9d4c06096c6e4c5fc1', '[\"*\"]', '2023-07-27 08:14:13', NULL, '2023-07-02 11:23:33', '2023-07-27 08:14:13'),
(343, 'App\\Models\\User', 173, 'authToken', '71df3c6c0398ef0a90e0d609f82ecfa2630d14831071476e81e5be9b5c683aa7', '[\"*\"]', '2023-08-20 05:01:48', NULL, '2023-08-09 09:06:50', '2023-08-20 05:01:48'),
(344, 'App\\Models\\User', 177, 'authToken', 'a29c59774afdf819f609a8e0809b50291cc3f1259e8be6a1711e324f76e25728', '[\"*\"]', '2023-08-22 00:56:09', NULL, '2023-08-13 12:21:31', '2023-08-22 00:56:09'),
(365, 'App\\Models\\User', 206, 'authToken', 'b39524ba16ceb905b8e05f61b72b7027b5e74a64cb0245473fc7048c38ca1a9c', '[\"*\"]', '2023-08-30 05:20:23', NULL, '2023-08-28 04:54:14', '2023-08-30 05:20:23'),
(370, 'App\\Models\\User', 207, 'authToken', '3086ca5270b99f4084ac44e233f64b6aac3107e0ec3d4d26afb7250ce8bed640', '[\"*\"]', '2023-09-17 07:19:48', NULL, '2023-08-29 08:49:51', '2023-09-17 07:19:48'),
(380, 'App\\Models\\User', 211, 'authToken', 'a4d6c26bb107ac1e16cdad3ba5e34e517214aa827ba18cead49aa33f093ae134', '[\"*\"]', '2023-09-02 06:25:40', NULL, '2023-09-02 06:25:12', '2023-09-02 06:25:40'),
(400, 'App\\Models\\User', 49, 'authToken', '93d94ef385512e9eb29ad5e8f5e0a2cf317b455a0859e656900991438b7780a5', '[\"*\"]', '2023-09-20 04:46:03', NULL, '2023-09-20 04:45:11', '2023-09-20 04:46:03'),
(422, 'App\\Models\\User', 60, 'authToken', 'e6006e195707382f4bc4d9eedc4c4858042ef13a3db39f4be4d7640b33a71434', '[\"*\"]', NULL, NULL, '2023-09-20 11:57:18', '2023-09-20 11:57:18'),
(423, 'App\\Models\\User', 60, 'authToken', '2daa8a66092736a6de118ea9290d72dcd8ab80b8afb30fca47c9aa9880900749', '[\"*\"]', NULL, NULL, '2023-09-20 11:58:20', '2023-09-20 11:58:20'),
(424, 'App\\Models\\User', 60, 'authToken', '742f4d58857db5542f0e1711cf5fb0d5ac8bec5ecc124fc93db7c8e398c06661', '[\"*\"]', NULL, NULL, '2023-09-20 11:58:24', '2023-09-20 11:58:24'),
(425, 'App\\Models\\User', 60, 'authToken', '61afefda92cb83767e7c76deebfcdeb33dacaa0b6106826fc6d34f30bffa603e', '[\"*\"]', NULL, NULL, '2023-09-20 11:58:26', '2023-09-20 11:58:26'),
(426, 'App\\Models\\User', 60, 'authToken', 'f59876cb4f4152997ec5c113fbd12cb61e3cd0fe15081f73077cbf3ad3e525d7', '[\"*\"]', NULL, NULL, '2023-09-20 11:58:33', '2023-09-20 11:58:33'),
(427, 'App\\Models\\User', 60, 'authToken', '0db3880a46e8e61650eec03caab3c38b63d7fcb4aecbbeda99ee7c669ec130ea', '[\"*\"]', NULL, NULL, '2023-09-20 12:00:25', '2023-09-20 12:00:25'),
(432, 'App\\Models\\User', 60, 'authToken', '7d3f9e4ec3c634a4c54544c268e63138591bc9cd4f4b73182505b9f471487c99', '[\"*\"]', NULL, NULL, '2023-09-20 12:37:49', '2023-09-20 12:37:49'),
(433, 'App\\Models\\User', 60, 'authToken', '8358611730a373b2ae0d18af24f207e275bdcd703592e73c35b8cd5e9e5c1f2c', '[\"*\"]', NULL, NULL, '2023-09-20 12:39:19', '2023-09-20 12:39:19'),
(437, 'App\\Models\\User', 60, 'authToken', '6979d6b16f9499cd5f7f11663a4e075a4e956e696244881dee6b64a6d28d23df', '[\"*\"]', '2023-09-21 11:21:59', NULL, '2023-09-21 11:19:03', '2023-09-21 11:21:59'),
(445, 'App\\Models\\User', 71, 'authToken', '600e11369cb348c35a91b52aa971adfc8d536a8b57f68d4f111edd1e7df5bd40', '[\"*\"]', '2023-09-26 09:40:01', NULL, '2023-09-26 09:39:59', '2023-09-26 09:40:01'),
(449, 'App\\Models\\User', 216, 'authToken', '5f9fe23872d037478d661617f9f89b929504ad9fd8da2fc1a378b8c9d72fb70f', '[\"*\"]', '2023-09-26 10:01:08', NULL, '2023-09-26 10:00:40', '2023-09-26 10:01:08');

-- --------------------------------------------------------

--
-- Table structure for table `police_stations`
--

CREATE TABLE `police_stations` (
  `id` bigint(20) UNSIGNED NOT NULL,
  `country_id` bigint(20) UNSIGNED NOT NULL,
  `state_id` bigint(20) UNSIGNED NOT NULL,
  `en_name` varchar(255) NOT NULL,
  `bn_name` varchar(255) DEFAULT NULL,
  `status` tinyint(4) NOT NULL DEFAULT 1,
  `created_at` timestamp NULL DEFAULT NULL,
  `updated_at` timestamp NULL DEFAULT NULL
) ENGINE=InnoDB DEFAULT CHARSET=utf8mb4 COLLATE=utf8mb4_unicode_ci;

--
-- Dumping data for table `police_stations`
--

INSERT INTO `police_stations` (`id`, `country_id`, `state_id`, `en_name`, `bn_name`, `status`, `created_at`, `updated_at`) VALUES
(1, 1, 4, 'Tangail Sadar', 'টাঙ্গাইল সদর', 1, '2022-11-19 05:15:10', '2023-08-07 08:56:32'),
(2, 2, 2, 'ABC-USA-Thana', 'অবাক-উস-থানা', 1, '2022-11-19 05:18:40', '2022-11-19 05:20:12'),
(3, 1, 4, 'Basail', 'বাসাইল', 1, '2023-05-23 17:58:07', '2023-08-07 08:57:28'),
(4, 1, 4, 'Bhuapur', 'ভূঞাপুর', 1, '2023-08-07 09:00:33', '2023-08-07 09:00:33'),
(5, 1, 4, 'Delduar', 'দেলদুয়ার', 1, '2023-08-07 09:01:43', '2023-08-07 09:01:43'),
(6, 1, 4, 'Dhanbari', 'ধনবাড়ী', 1, '2023-08-07 09:03:14', '2023-08-07 09:03:14'),
(7, 1, 4, 'Ghatail', 'ঘাটাইল', 1, '2023-08-07 09:03:52', '2023-08-07 09:03:52'),
(8, 1, 4, 'Gopalpur', 'গোপালপুর', 1, '2023-08-07 09:04:27', '2023-08-07 09:04:27'),
(9, 1, 4, 'Kalihati', 'কালিহাতী', 1, '2023-08-07 09:05:10', '2023-08-07 09:05:10'),
(10, 1, 4, 'Madhupur', 'মধুপুর', 1, '2023-08-07 09:06:15', '2023-08-07 09:06:15'),
(11, 1, 4, 'Mirzapur', 'মির্জাপুর', 1, '2023-08-07 09:06:53', '2023-08-07 09:06:53'),
(12, 1, 4, 'Nagarpur', 'নাগরপুর', 1, '2023-08-07 09:07:25', '2023-08-07 09:07:25'),
(13, 1, 4, 'Sakhipur', 'সখিপুর', 1, '2023-08-07 09:07:56', '2023-08-07 09:07:56'),
(14, 1, 19, 'Jamalpur Sadar', NULL, 1, '2023-08-09 04:57:46', '2023-08-09 04:57:46'),
(15, 1, 19, 'Baksiganj', NULL, 1, '2023-08-09 04:58:17', '2023-08-09 04:58:17'),
(16, 1, 19, 'Dewanganj', NULL, 1, '2023-08-09 04:58:51', '2023-08-09 04:58:51'),
(17, 1, 19, 'Islampur', NULL, 1, '2023-08-09 04:59:16', '2023-08-09 04:59:16'),
(18, 1, 19, 'Madarganj', NULL, 1, '2023-08-09 04:59:43', '2023-08-09 04:59:43'),
(19, 1, 19, 'Melandaha', NULL, 1, '2023-08-09 05:00:07', '2023-08-09 05:00:07'),
(20, 1, 19, 'Sarishabari', NULL, 1, '2023-08-09 05:00:44', '2023-08-09 05:00:44'),
(21, 1, 18, 'Ishwarganj', NULL, 1, '2023-08-09 05:04:18', '2023-08-09 05:04:18'),
(22, 1, 18, 'Gaffargaon', NULL, 1, '2023-08-09 05:04:42', '2023-08-09 05:04:42'),
(23, 1, 18, 'Gauripur', NULL, 1, '2023-08-09 05:05:05', '2023-08-09 05:05:05'),
(24, 1, 18, 'Trishal', NULL, 1, '2023-08-09 05:05:30', '2023-08-09 05:05:30'),
(25, 1, 18, 'Dhobaura', NULL, 1, '2023-08-09 05:05:58', '2023-08-09 05:05:58'),
(26, 1, 18, 'Nandail', NULL, 1, '2023-08-09 05:06:28', '2023-08-09 05:06:28'),
(27, 1, 18, 'Phulpur', NULL, 1, '2023-08-09 05:07:44', '2023-08-09 05:07:44'),
(28, 1, 18, 'Fulbaria', NULL, 1, '2023-08-09 05:08:09', '2023-08-09 05:08:09'),
(29, 1, 18, 'Bhaluka', NULL, 1, '2023-08-09 05:08:32', '2023-08-09 05:08:32'),
(30, 1, 18, 'Mymensingh Sadar', NULL, 1, '2023-08-09 05:09:06', '2023-08-09 05:09:06'),
(31, 1, 18, 'Muktagachha', NULL, 1, '2023-08-09 05:09:26', '2023-08-09 05:09:26'),
(32, 1, 18, 'Haluaghat', NULL, 1, '2023-08-09 05:09:46', '2023-08-09 05:09:46'),
(33, 1, 23, 'Bogura Sadar', NULL, 1, '2023-08-09 05:11:03', '2023-08-09 05:11:03'),
(34, 1, 23, 'Sherpur', NULL, 1, '2023-08-09 05:11:26', '2023-08-09 05:11:26'),
(35, 1, 23, 'Dhunat', NULL, 1, '2023-08-09 05:11:51', '2023-08-09 05:11:51'),
(36, 1, 23, 'Nandigram', NULL, 1, '2023-08-09 05:12:15', '2023-08-09 05:12:15'),
(37, 1, 23, 'Kahaloo', NULL, 1, '2023-08-09 05:12:40', '2023-08-09 05:12:40'),
(38, 1, 23, 'Adamdighi', NULL, 1, '2023-08-09 05:13:02', '2023-08-09 05:13:02'),
(39, 1, 23, 'Dupchanchia', NULL, 1, '2023-08-09 05:13:31', '2023-08-09 05:13:31'),
(40, 1, 23, 'Sariakandi', NULL, 1, '2023-08-09 05:13:51', '2023-08-09 05:13:51'),
(41, 1, 23, 'Gabtali', NULL, 1, '2023-08-09 05:14:09', '2023-08-09 05:14:09'),
(42, 1, 23, 'Shibganj', NULL, 1, '2023-08-09 05:14:33', '2023-08-09 05:14:33'),
(43, 1, 23, 'Sonatala', NULL, 1, '2023-08-09 05:14:51', '2023-08-09 05:14:51'),
(44, 1, 23, 'Shajahanpur', NULL, 1, '2023-08-09 05:15:42', '2023-08-09 05:15:42'),
(45, 1, 6, 'Gazipur Sadar', NULL, 1, '2023-08-09 05:17:12', '2023-08-09 05:17:12'),
(46, 1, 6, 'Kaliakair', NULL, 1, '2023-08-09 05:17:36', '2023-08-09 05:17:36'),
(47, 1, 6, 'Kapasia', NULL, 1, '2023-08-09 05:18:10', '2023-08-09 05:18:10'),
(48, 1, 6, 'Sreepur', NULL, 1, '2023-08-09 05:18:31', '2023-08-09 05:18:31'),
(49, 1, 6, 'Kaliganj', NULL, 1, '2023-08-09 05:18:52', '2023-08-09 05:18:52'),
(50, 1, 5, 'Narsingdi Sadar', NULL, 1, '2023-08-19 09:06:41', '2023-08-19 09:06:41'),
(51, 1, 11, 'Dhanmondi', 'ধানমন্ডি', 1, '2023-09-05 05:54:16', '2023-09-05 05:54:16'),
(52, 1, 11, 'Mirpur', 'মিরপুর', 1, '2023-09-05 06:49:36', '2023-09-05 06:49:36');

-- --------------------------------------------------------

--
-- Table structure for table `previous_cashin_hands`
--

CREATE TABLE `previous_cashin_hands` (
  `id` bigint(20) UNSIGNED NOT NULL,
  `user_id` bigint(20) UNSIGNED NOT NULL,
  `payment_type_id` bigint(20) UNSIGNED NOT NULL,
  `value` bigint(20) UNSIGNED NOT NULL,
  `created_at` timestamp NULL DEFAULT NULL,
  `updated_at` timestamp NULL DEFAULT NULL
) ENGINE=InnoDB DEFAULT CHARSET=utf8mb4 COLLATE=utf8mb4_unicode_ci;

--
-- Dumping data for table `previous_cashin_hands`
--

INSERT INTO `previous_cashin_hands` (`id`, `user_id`, `payment_type_id`, `value`, `created_at`, `updated_at`) VALUES
(1, 45, 45, 10, '2023-04-19 04:42:40', '2023-04-19 04:42:40'),
(2, 5, 14, 10, '2023-04-19 04:42:45', '2023-04-19 04:42:45'),
(3, 45, 14, 500, '2023-04-19 04:47:31', '2023-04-19 04:47:31'),
(4, 45, 14, 500, '2023-04-19 15:26:13', '2023-04-19 15:26:13'),
(5, 49, 2, 20000, '2023-04-19 23:49:26', '2023-04-19 23:49:26'),
(6, 50, 1, 5000, '2023-04-20 00:13:34', '2023-04-20 00:13:34'),
(7, 47, 1, 5000, '2023-04-24 17:06:17', '2023-04-24 17:06:17'),
(8, 47, 1, 1000, '2023-04-30 18:18:21', '2023-04-30 18:18:21'),
(9, 63, 1, 2000, '2023-05-10 19:29:49', '2023-05-10 19:29:49'),
(10, 64, 1, 11059, '2023-05-12 04:37:14', '2023-05-12 04:37:14'),
(11, 65, 1, 2060, '2023-05-15 15:12:52', '2023-05-15 15:12:52'),
(12, 65, 17, 2000, '2023-05-15 15:36:52', '2023-05-15 15:36:52'),
(13, 66, 1, 13650, '2023-05-22 14:59:51', '2023-05-22 14:59:51'),
(14, 66, 2, 10000, '2023-05-22 15:00:02', '2023-05-22 15:00:02'),
(15, 73, 1, 10800, '2023-05-29 17:12:31', '2023-05-29 17:12:31'),
(16, 60, 1, 5000, '2023-06-14 07:05:10', '2023-06-14 07:05:10'),
(17, 60, 3, 5000, '2023-06-14 07:07:41', '2023-06-14 07:07:41'),
(18, 65, 1, 1526, '2023-07-22 11:35:09', '2023-07-22 11:35:09'),
(19, 65, 1, 0, '2023-07-22 11:36:20', '2023-07-22 11:36:20'),
(20, 205, 1, 48, '2023-08-24 11:05:50', '2023-08-24 11:05:50'),
(21, 205, 1, 47, '2023-08-24 11:06:38', '2023-08-24 11:06:38'),
(22, 205, 1, 200, '2023-08-24 11:08:28', '2023-08-24 11:08:28'),
(23, 164, 2, 50000, '2023-08-30 04:54:32', '2023-08-30 04:54:32'),
(24, 164, 1, 8000, '2023-08-30 06:21:09', '2023-08-30 06:21:09'),
(25, 164, 1, 50000, '2023-08-30 06:21:36', '2023-08-30 06:21:36'),
(26, 164, 1, 50000, '2023-08-31 17:38:25', '2023-08-31 17:38:25'),
(27, 164, 1, 20000, '2023-09-02 14:24:01', '2023-09-02 14:24:01'),
(28, 164, 1, 3000, '2023-09-08 08:45:53', '2023-09-08 08:45:53'),
(29, 164, 1, 30000, '2023-09-08 08:46:40', '2023-09-08 08:46:40'),
(30, 164, 1, 10000, '2023-09-08 08:46:56', '2023-09-08 08:46:56'),
(31, 164, 2, 10000, '2023-09-08 08:47:33', '2023-09-08 08:47:33'),
(32, 164, 1, 30000, '2023-09-09 07:49:25', '2023-09-09 07:49:25'),
(33, 164, 1, 200000, '2023-09-09 09:40:42', '2023-09-09 09:40:42');

-- --------------------------------------------------------

--
-- Table structure for table `products`
--

CREATE TABLE `products` (
  `id` bigint(20) UNSIGNED NOT NULL,
  `user_id` bigint(20) UNSIGNED NOT NULL,
  `name` varchar(255) NOT NULL,
  `type` varchar(32) NOT NULL DEFAULT 'product',
  `barcode` varchar(255) DEFAULT NULL,
  `buying_price` decimal(8,2) NOT NULL DEFAULT 0.00,
  `retail_price` decimal(8,2) NOT NULL,
  `retail_discount` decimal(8,2) DEFAULT NULL,
  `retail_discount_price` decimal(8,2) DEFAULT NULL,
  `retail_vat` decimal(8,2) DEFAULT NULL,
  `retail_vat_price` decimal(8,2) DEFAULT NULL,
  `wholesale_price` decimal(8,2) DEFAULT NULL,
  `wholesale_discount` decimal(8,2) DEFAULT NULL,
  `wholesale_discount_price` decimal(8,2) DEFAULT NULL,
  `wholesale_vat` decimal(8,2) DEFAULT NULL,
  `wholesale_vat_price` decimal(8,2) DEFAULT NULL,
  `wholesale_min_quantity` int(10) UNSIGNED DEFAULT NULL,
  `quantity` int(11) NOT NULL,
  `stock_alert` int(10) UNSIGNED DEFAULT NULL,
  `unit` varchar(255) DEFAULT NULL,
  `warrenty_duration` int(10) UNSIGNED DEFAULT NULL,
  `warrenty_type` varchar(255) DEFAULT NULL,
  `expire` date DEFAULT NULL,
  `image` varchar(255) DEFAULT NULL,
  `average_price` float NOT NULL DEFAULT 0,
  `created_at` timestamp NULL DEFAULT NULL,
  `updated_at` timestamp NULL DEFAULT NULL
) ENGINE=InnoDB DEFAULT CHARSET=utf8mb4 COLLATE=utf8mb4_unicode_ci;

--
-- Dumping data for table `products`
--

INSERT INTO `products` (`id`, `user_id`, `name`, `type`, `barcode`, `buying_price`, `retail_price`, `retail_discount`, `retail_discount_price`, `retail_vat`, `retail_vat_price`, `wholesale_price`, `wholesale_discount`, `wholesale_discount_price`, `wholesale_vat`, `wholesale_vat_price`, `wholesale_min_quantity`, `quantity`, `stock_alert`, `unit`, `warrenty_duration`, `warrenty_type`, `expire`, `image`, `average_price`, `created_at`, `updated_at`) VALUES
(1, 5, '1 Alu', 'product', '1', 31.67, 60.00, 10.00, 6.00, 10.00, NULL, 55.00, NULL, NULL, NULL, NULL, 5, 124, 3, 'Kg', 3, 'day', NULL, NULL, 0, '2023-02-16 21:03:59', '2023-04-19 03:05:51'),
(2, 5, '2 Potol', 'product', '2', 30.00, 50.00, NULL, NULL, 15.00, NULL, 40.00, NULL, NULL, NULL, NULL, 5, 199, NULL, 'Kg', 3, 'day', NULL, NULL, 0, '2023-02-16 21:04:56', '2023-03-29 05:29:00'),
(3, 5, '3 Kumra', 'product', '3', 50.00, 70.00, NULL, NULL, NULL, NULL, 60.00, NULL, NULL, NULL, NULL, 5, 178, NULL, 'Pcs', 5, 'day', NULL, NULL, 0, '2023-02-16 22:34:42', '2023-03-28 05:12:42'),
(4, 5, '1 First Service', 'service', '4', 0.00, 500.00, NULL, NULL, NULL, NULL, 480.00, NULL, NULL, NULL, NULL, 3, 50000000, NULL, 'Square Meter', 3, 'day', NULL, NULL, 0, '2023-02-23 16:37:31', '2023-02-23 16:37:31'),
(5, 5, '4 kamala', 'product', '5', 40.00, 60.00, 10.00, 6.00, 10.00, NULL, 55.00, NULL, NULL, NULL, NULL, 5, 120, NULL, 'Kg', 3, 'day', NULL, NULL, 0, '2023-02-23 20:37:09', '2023-03-29 06:28:43'),
(6, 5, '5 banana', 'product', '6', 10.00, 15.00, NULL, NULL, NULL, NULL, 14.50, NULL, NULL, NULL, NULL, 50, 599, NULL, 'Pcs', 3, 'day', NULL, NULL, 0, '2023-02-23 20:38:18', '2023-04-20 04:06:52'),
(7, 5, '6 lebu', 'product', '7', 10.00, 20.00, NULL, NULL, NULL, NULL, 15.00, NULL, NULL, NULL, NULL, 4, 1, NULL, 'Pcs', 3, 'day', NULL, NULL, 0, '2023-02-23 20:39:32', '2023-04-20 04:06:52'),
(8, 5, '7. Komla', 'product', '8', 40.00, 55.00, NULL, NULL, NULL, NULL, 50.00, NULL, NULL, NULL, NULL, 10, 10, NULL, 'Pcs', 3, 'day', NULL, NULL, 0, '2023-02-23 20:42:04', '2023-03-27 08:36:42'),
(9, 5, '8. Apple', 'product', '9', 200.00, 250.00, NULL, NULL, NULL, NULL, 230.00, NULL, NULL, NULL, NULL, 5, 0, NULL, 'Kg', 3, 'day', NULL, NULL, 0, '2023-02-23 20:43:43', '2023-02-25 16:36:22'),
(10, 5, '9. Law', 'product', '10', 50.00, 70.00, NULL, NULL, NULL, NULL, 65.00, NULL, NULL, NULL, NULL, 5, 0, NULL, 'Pcs', 5, 'day', NULL, NULL, 0, '2023-02-23 20:44:55', '2023-02-25 16:40:37'),
(11, 5, 'Peyara', 'product', '11', 50.00, 55.00, 2.00, 1.10, 4.00, 2.20, 12.00, NULL, NULL, NULL, NULL, 10, 50, NULL, 'Kg', 5, 'day', '2023-02-07', NULL, 0, '2023-02-23 20:46:21', '2023-02-26 21:19:57'),
(12, 5, '10. Potato', 'product', '12', 20.00, 30.00, NULL, NULL, NULL, NULL, 30.00, NULL, NULL, NULL, NULL, 10, 0, NULL, 'Kg', 3, 'day', NULL, NULL, 0, '2023-02-23 20:48:17', '2023-02-25 16:38:23'),
(13, 5, 'Vegitable', 'product', '13', 30.00, 40.00, NULL, NULL, NULL, NULL, 38.00, NULL, NULL, NULL, NULL, 10, 0, NULL, 'Kg', 3, 'day', NULL, NULL, 0, '2023-02-23 20:49:44', '2023-02-25 16:36:06'),
(14, 5, 'Biskut', 'product', '14', 10.00, 15.00, NULL, NULL, NULL, NULL, 12.00, NULL, NULL, NULL, NULL, 10, 0, NULL, 'Pcs', 3, 'day', NULL, NULL, 0, '2023-02-23 20:50:49', '2023-02-25 16:36:06'),
(15, 5, 'Choklate', 'product', '15', 50.00, 70.00, NULL, NULL, NULL, NULL, 65.00, NULL, NULL, NULL, NULL, 10, 0, NULL, 'Pcs', 3, 'day', NULL, NULL, 0, '2023-02-23 20:51:48', '2023-02-25 16:38:07'),
(16, 5, 'Cini', 'product', '16', 120.00, 140.00, NULL, NULL, NULL, NULL, 132.00, NULL, NULL, NULL, NULL, 10, 0, NULL, 'Kg', 3, 'day', NULL, NULL, 0, '2023-02-23 20:52:54', '2023-02-25 16:37:57'),
(17, 5, 'Lobon', 'product', '17', 40.00, 50.00, NULL, NULL, NULL, NULL, 47.00, NULL, NULL, NULL, NULL, 5, 0, NULL, 'Kg', 3, 'day', NULL, NULL, 0, '2023-02-23 20:53:44', '2023-02-25 16:39:14'),
(18, 5, 'Mojo', 'product', '18', 70.00, 80.00, NULL, NULL, NULL, NULL, 77.00, NULL, NULL, NULL, NULL, 20, 0, NULL, 'Pcs', 3, 'day', NULL, NULL, 0, '2023-02-23 20:54:58', '2023-02-25 16:37:48'),
(19, 5, 'jus', 'product', '19', 50.00, 60.00, NULL, NULL, NULL, NULL, 58.00, NULL, NULL, NULL, NULL, 20, 0, NULL, 'Pcs', 3, 'day', NULL, NULL, 0, '2023-02-23 20:56:04', '2023-02-25 16:37:37'),
(20, 5, 'sosha', 'product', '20', 10.00, 20.00, 7.10, 7.10, 1.00, 7.10, 13.00, 7.70, 1.00, 7.70, 1.00, 20, 995, 10, 'Kg', 5, 'month', '2023-02-28', 'images/product/1758793076681269.jpg', 0, '2023-02-25 20:03:05', '2023-02-27 14:11:24'),
(21, 5, 'banana 200', 'product', '21', 20.00, 60.00, 10.00, 6.00, 15.00, 9.00, 55.00, NULL, NULL, NULL, NULL, 5, 50, NULL, 'Dozen', 3, 'day', NULL, NULL, 0, '2023-02-27 14:31:28', '2023-02-27 14:31:28'),
(22, 5, 'komla 200', 'product', '22', 200.00, 250.00, 10.00, 10.00, 25.00, 10.00, 230.00, NULL, NULL, NULL, NULL, 5, 38, 5, 'Kg', 3, 'day', NULL, NULL, 0, '2023-02-27 14:35:15', '2023-02-27 14:44:36'),
(23, 39, 'bicycle 500', 'product', '23', 18000.00, 18000.00, 10.00, 10.00, NULL, NULL, 0.00, 1000.00, 5.60, 15.00, 2700.00, 2, 4, 5, 'Pcs', 1, 'day', '2028-02-01', 'images/product/1758973687078568.jpg', 0, '2023-02-27 16:22:42', '2023-03-03 16:33:01'),
(24, 39, 'bicycle handle', 'product', '24', 450.00, 700.00, 10.00, 10.00, 25.00, 137.50, 525.00, 10.00, 52.50, 15.00, 82.50, 3, 0, 2, 'Pcs', 1, 'day', NULL, NULL, 0, '2023-02-27 16:25:24', '2023-03-03 04:55:09'),
(25, 39, 'hair straightener', 'service', '25', 0.00, 5000.00, 10.00, 10.00, 0.00, NULL, 4500.00, NULL, NULL, NULL, NULL, 5, 49999999, NULL, 'Unit', 3, 'month', '2025-02-07', NULL, 0, '2023-02-27 16:51:37', '2023-03-02 22:35:21'),
(26, 39, 'Kurti long', 'product', '26', 2000.00, 3400.00, 10.00, 10.00, NULL, NULL, 2500.00, 15.00, 375.00, 10.00, 250.00, 2, 26, 2, 'Pcs', 10, 'day', '2023-02-27', NULL, 0, '2023-02-28 03:49:43', '2023-03-03 19:21:23'),
(27, 39, 'three peace', 'product', '27', 2000.00, 3000.00, 10.00, 300.00, 15.00, 300.00, 2800.00, NULL, NULL, 15.00, 420.00, 2, 43, 5, 'Unit', 6, 'year', '2023-02-27', NULL, 0, '2023-02-28 03:50:58', '2023-03-03 19:21:23'),
(28, 39, 'motor cycle', 'product', '28', 100000.00, 125000.00, NULL, NULL, NULL, NULL, 120000.00, NULL, NULL, NULL, NULL, 2, 6, 2, 'Pcs', 10, 'year', '2028-03-01', NULL, 0, '2023-03-01 18:08:14', '2023-03-03 19:21:23'),
(29, 39, 'Samsung A73', 'product', '29', 70000.00, 80000.00, NULL, NULL, NULL, NULL, 75000.00, NULL, NULL, NULL, NULL, 2, 19, 2, 'Pcs', 3, 'day', NULL, NULL, 0, '2023-03-01 18:38:02', '2023-03-03 16:28:12'),
(30, 39, 'hair straightener', 'service', '30', 0.00, 5000.00, 10.00, 500.00, 10.00, 500.00, 4000.00, 10.00, 400.00, 15.00, 600.00, 5, 50000000, NULL, 'Pcs', 3, 'month', NULL, NULL, 0, '2023-03-02 05:12:36', '2023-03-02 05:12:36'),
(31, 39, 'facewaah', 'service', '31', 0.00, 2500.00, 10.00, 250.00, 20.00, 250.00, 2000.00, 10.00, 200.00, 10.00, 200.00, 2, 50000000, NULL, 'Unit', 3, 'month', '2023-03-02', NULL, 0, '2023-03-02 05:14:04', '2023-03-02 05:32:57'),
(32, 39, 'blezer blue 48', 'product', '32', 6000.00, 7000.00, 10.00, 700.00, 10.00, 700.00, 6500.00, 10.00, 650.00, 10.00, 650.00, 2, 99, 5, 'Pcs', 10, 'day', '2023-03-01', NULL, 0, '2023-03-02 15:31:55', '2023-03-03 04:05:31'),
(33, 39, 'Apple watch', 'product', '33', 20000.00, 30000.00, 10.00, 3000.00, 10.00, 3000.00, 28000.00, 2800.00, 10.00, 10.00, 2800.00, 5, 97, 10, 'Pcs', 5, 'day', '2023-03-01', NULL, 0, '2023-03-02 15:37:20', '2023-03-03 16:50:55'),
(34, 39, 'Mac book Pro 12', 'product', '34', 20000.00, 30000.00, 10.00, 3000.00, 10.00, 3000.00, 25000.00, 10.00, 2500.00, 10.00, 2500.00, 2, 6, 2, 'Pcs', 3, 'day', NULL, NULL, 0, '2023-03-02 15:59:41', '2023-03-03 19:11:55'),
(35, 39, 'Mac book Pro 14', 'product', '35', 2000.00, 30000.00, 10.00, 3000.00, NULL, NULL, 25000.00, 10.00, 2500.00, 10.00, 2500.00, 2, 8, NULL, 'Pcs', 3, 'day', NULL, NULL, 0, '2023-03-02 16:05:20', '2023-03-03 19:11:55'),
(36, 39, 'hp laptop 12 hour backup', 'product', '36', 5000.00, 7000.00, 10.00, 700.00, 10.00, 700.00, 6000.00, 10.00, 600.00, 10.00, 600.00, 2, 9, 2, 'Pcs', 3, 'day', '2023-03-02', NULL, 0, '2023-03-02 16:07:15', '2023-03-03 19:33:39'),
(37, 39, 'new software', 'product', '37', 100000.00, 150000.00, 10.00, 15000.00, 10.00, 15000.00, 125000.00, 10.00, 12500.00, 10.00, 12500.00, 2, 2, 1, 'Pcs', 3, 'day', NULL, NULL, 0, '2023-03-02 16:15:26', '2023-03-02 16:15:26'),
(38, 39, 'treming', 'service', '38', 0.00, 250.00, NULL, NULL, NULL, NULL, 220.00, NULL, NULL, NULL, NULL, 2, 49999999, NULL, 'Pcs', 3, 'day', NULL, NULL, 0, '2023-03-02 20:06:42', '2023-03-02 20:07:41'),
(42, 5, '44 kamala', 'product', '42', 40.00, 60.00, 10.00, 6.00, 10.00, NULL, 55.00, NULL, NULL, NULL, NULL, 5, 60, 3, 'Kg', 3, 'day', NULL, NULL, 0, '2023-03-21 05:14:50', '2023-03-21 05:32:13'),
(43, 5, '44 kamala', 'product', '43', 40.00, 60.00, 10.00, 6.00, 10.00, NULL, 55.00, NULL, NULL, NULL, NULL, 5, 0, 3, 'Kg', 3, 'day', NULL, NULL, 0, '2023-03-21 05:17:07', '2023-03-21 05:32:13'),
(44, 5, '44 kola', 'product', '44', 40.00, 60.00, 10.00, 6.00, 10.00, NULL, 55.00, NULL, NULL, NULL, NULL, 5, 40, 3, 'Kg', 3, 'day', NULL, NULL, 0, '2023-03-21 05:32:13', '2023-03-21 05:32:13'),
(45, 5, '33 Golap', 'product', '45', 30.00, 50.00, NULL, 0.00, NULL, 0.00, 0.00, NULL, NULL, NULL, NULL, 0, 80, 10, 'Pcs', NULL, NULL, NULL, NULL, 0, '2023-03-21 12:58:58', '2023-03-22 03:40:44'),
(46, 5, '56 Calander', 'product', '46', 5.00, 12.00, NULL, 0.00, NULL, 0.00, 0.00, NULL, NULL, NULL, NULL, 0, 100, 10, 'Pcs', NULL, NULL, NULL, NULL, 0, '2023-03-22 03:40:44', '2023-03-22 03:40:44'),
(47, 41, 'Alu', 'product', '47', 20.00, 30.00, NULL, 0.00, NULL, 0.00, 0.00, NULL, NULL, NULL, NULL, 0, 56, 5, 'Kg', NULL, NULL, NULL, NULL, 0, '2023-03-30 13:08:24', '2023-04-03 10:36:31'),
(48, 41, 'Head Massage', 'service', '48', 0.00, 200.00, NULL, 0.00, NULL, 0.00, 0.00, NULL, NULL, NULL, NULL, 0, 50000000, NULL, 'Pcs', NULL, NULL, NULL, NULL, 0, '2023-04-01 04:22:37', '2023-04-01 04:22:37'),
(49, 41, 'Banana', 'product', '49', 5.00, 10.00, NULL, 0.00, NULL, 0.00, 0.00, NULL, NULL, NULL, NULL, 0, 93, 12, 'Pcs', NULL, NULL, NULL, NULL, 0, '2023-04-01 05:50:11', '2023-04-02 12:58:23'),
(50, 45, 'pakisthani Kurti vol 3', 'product', '50', 2255.17, 3200.00, 15.00, 480.00, 10.00, 272.00, 2500.00, 0.00, NULL, NULL, 0.00, 2, 26, 5, 'Pcs', 3, 'month', NULL, NULL, 0, '2023-04-03 10:12:31', '2023-04-19 04:26:53'),
(51, 45, 'car wash', 'service', '51', 0.00, 3000.00, 10.00, 300.00, 10.00, 300.00, 0.00, NULL, NULL, NULL, NULL, 0, 50000000, NULL, 'Unit', 3, 'month', NULL, NULL, 0, '2023-04-05 17:26:37', '2023-04-13 09:15:53'),
(52, 45, 'kanji vorom long', 'product', '52', 2000.00, 3000.00, NULL, 0.00, NULL, 0.00, 3500.00, 0.00, NULL, NULL, 0.00, 2, 28, NULL, 'Pcs', NULL, NULL, NULL, NULL, 0, '2023-04-12 10:02:49', '2023-04-19 04:26:53'),
(53, 45, 'Indians Ene\'s 4pcs', 'product', '53', 2500.00, 3500.00, NULL, 0.00, 15.00, 525.00, 0.00, NULL, NULL, NULL, NULL, 0, 57, NULL, 'Pcs', NULL, NULL, NULL, NULL, 0, '2023-04-13 08:47:36', '2023-04-16 10:18:45'),
(54, 45, 'Chaya vithi', 'product', '54', 200.00, 300.00, NULL, 0.00, NULL, 0.00, 250.00, NULL, 0.00, NULL, 0.00, 2, 20, NULL, 'Bag', NULL, NULL, NULL, NULL, 0, '2023-04-14 10:55:40', '2023-04-14 10:55:40'),
(55, 45, 'Paper', 'product', '55', 2000.00, 2500.00, 2.00, 50.00, 1.00, 24.50, NULL, NULL, NULL, NULL, NULL, NULL, 40, 5, 'Mililetter', NULL, NULL, NULL, NULL, 0, '2023-04-16 09:16:04', '2023-04-17 10:44:18'),
(56, 45, 'pen', 'product', '56', 105.00, 120.00, 5.00, 6.00, 2.50, 2.85, NULL, NULL, NULL, NULL, NULL, NULL, 20, 4, 'Dozen', NULL, NULL, NULL, NULL, 0, '2023-04-16 09:16:04', '2023-04-16 09:16:04'),
(57, 47, 'Rice', 'product', '57', 60.00, 70.00, 10.00, 7.00, 3.00, 1.89, 65.00, NULL, 0.00, NULL, 0.00, 2, 93, 5, 'Kg', 3, 'day', NULL, NULL, 0, '2023-04-19 20:09:41', '2023-04-26 08:32:12'),
(58, 47, 'Alu', 'product', '58', 20.00, 30.00, 5.00, 1.50, 1.00, 0.29, NULL, NULL, NULL, NULL, NULL, NULL, 49, 10, 'Kg', 6, 'month', NULL, NULL, 0, '2023-04-19 20:11:30', '2023-04-26 08:32:12'),
(59, 49, 'Muri', 'product', '59', 70.00, 90.00, 10.00, 9.00, NULL, 0.00, 85.00, 3.00, 2.55, 1.00, 0.82, 2, 26, 5, 'Kg', 5, 'day', '2023-04-29', '/images/product/1681976384.png', 0, '2023-04-19 23:29:25', '2023-04-20 11:39:44'),
(60, 49, 'Salt', 'product', '60', 50.00, 60.00, 5.00, 3.00, NULL, 0.00, NULL, NULL, NULL, NULL, NULL, 0, 25, 5, 'Kg', NULL, NULL, '2023-04-27', '/images/product/1681976384.png', 0, '2023-04-19 23:36:08', '2023-04-20 11:39:44'),
(61, 50, 'Mango', 'product', '61', 20.00, 50.00, NULL, 0.00, NULL, 0.00, 30.00, 0.00, NULL, NULL, 0.00, 5, 87, 2, 'Kg', NULL, NULL, NULL, NULL, 0, '2023-04-20 00:18:00', '2023-04-20 02:19:12'),
(62, 49, 'Maggu', 'product', '62', 40.00, 60.00, 5.00, 3.00, 5.00, 2.85, NULL, NULL, NULL, NULL, NULL, 0, 98, 5, 'Pcs', NULL, NULL, NULL, '/images/product/1681976289.png', 0, '2023-04-20 00:18:22', '2023-04-20 11:38:09'),
(63, 49, 'Cofffee', 'product', '63', 400.00, 600.00, 5.00, 30.00, 2.00, 11.40, NULL, NULL, NULL, NULL, NULL, 0, 6, 2, 'Kg', NULL, NULL, NULL, NULL, 0, '2023-04-20 00:18:23', '2023-04-20 04:29:19'),
(64, 49, 'Hair Treatment', 'service', '64', 0.00, 15000.00, 5.00, 750.00, NULL, 0.00, 0.00, NULL, NULL, NULL, NULL, 0, 50000000, NULL, 'Inch', NULL, NULL, NULL, NULL, 0, '2023-04-20 00:22:47', '2023-04-20 00:22:47'),
(65, 50, 'tt', 'product', '65', 2.00, 6.00, NULL, 0.00, NULL, 0.00, 3.00, 0.00, NULL, NULL, 0.00, 2, 198, NULL, 'Km', NULL, NULL, NULL, NULL, 0, '2023-04-20 02:24:10', '2023-04-20 02:25:22'),
(66, 48, 'Rice', 'product', '66', 59.08, 70.00, 5.00, 3.50, 2.00, 1.33, NULL, NULL, NULL, NULL, NULL, 0, 224, 10, 'Kg', 3, 'day', '2023-05-31', NULL, 0, '2023-04-20 10:06:46', '2023-05-29 18:23:10'),
(67, 48, 'Pepsi 250 ml', 'product', '67', 20.00, 25.00, NULL, 0.00, 1.00, 0.25, 24.00, 0.00, NULL, 1.00, 0.24, 12, 492, 10, 'Pcs', NULL, NULL, '2023-08-31', '/images/product/1681971797.png', 0, '2023-04-20 10:23:17', '2023-05-29 18:24:51'),
(68, 48, 'Coca-Cola 500 ML', 'product', '68', 35.00, 40.00, 1.00, 0.40, 1.00, 0.40, NULL, NULL, NULL, NULL, NULL, NULL, 490, 10, 'Pcs', NULL, NULL, NULL, '/images/product/1681971797.png', 0, '2023-04-20 10:23:17', '2023-05-07 19:38:01'),
(69, 48, 'Egg', 'product', '69', 9.00, 11.00, NULL, 0.00, NULL, 0.00, 10.50, NULL, 0.00, NULL, 0.00, 100, 39004, 20, 'Pcs', 3, 'day', NULL, NULL, 0, '2023-04-20 10:53:24', '2023-05-22 22:16:38'),
(70, 48, 'Darcini', 'product', '70', 500.00, 600.00, 2.00, 12.00, 1.00, 5.88, NULL, NULL, NULL, NULL, NULL, NULL, 5, NULL, 'Kg', NULL, NULL, NULL, '/images/product/1681974667.png', 0, '2023-04-20 11:11:07', '2023-04-20 11:13:59'),
(71, 47, 'potato', 'product', '71', 20.00, 25.00, 10.00, 2.50, 10.00, 2.25, NULL, NULL, NULL, NULL, NULL, NULL, 50, 5, 'Kg', NULL, NULL, NULL, NULL, 0, '2023-04-24 16:45:52', '2023-04-24 16:45:52'),
(72, 47, 'potato', 'product', '72', 20.00, 25.00, 10.00, 2.50, 10.00, 2.25, NULL, NULL, NULL, NULL, NULL, NULL, 50, 5, 'Kg', NULL, NULL, NULL, NULL, 0, '2023-04-24 16:45:52', '2023-04-24 16:45:52'),
(73, 47, 'potato', 'product', '73', 20.00, 25.00, 10.00, 2.50, 10.00, 2.25, 38.00, NULL, 0.00, NULL, 0.00, 50, 50, 5, 'Kg', 3, 'day', NULL, NULL, 0, '2023-04-24 16:45:55', '2023-04-24 16:52:28'),
(74, 58, 'Minicate Rice', 'product', '74', 65.00, 70.00, NULL, 0.00, NULL, 0.00, NULL, NULL, 0.00, NULL, 0.00, NULL, 80, 10, 'Kg', 3, 'month', '2023-09-30', '/images/product/1682787693644d4d6d60ad4.png', 0, '2023-04-29 21:01:33', '2023-04-29 21:36:28'),
(75, 58, 'Atta', 'product', '75', 60.00, 65.00, 1.00, 0.65, 2.00, 1.29, NULL, NULL, NULL, NULL, NULL, NULL, 45, NULL, 'Kg', 3, 'month', NULL, '/images/product/1682787693644d4d6d633e8.png', 0, '2023-04-29 21:01:33', '2023-04-29 21:36:28'),
(76, 58, 'Mosur Dal', 'product', '76', 130.00, 150.00, 2.00, 3.00, 4.00, 5.88, NULL, NULL, NULL, NULL, NULL, NULL, 50, 5, 'Kg', NULL, NULL, NULL, '/images/product/1682787693644d4d6d64a1a.png', 0, '2023-04-29 21:01:33', '2023-04-29 21:01:33'),
(77, 58, 'Alu', 'product', '77', 30.00, 36.00, NULL, 0.00, 2.00, 0.72, NULL, NULL, NULL, NULL, NULL, NULL, 100, 10, 'Kg', 2, 'month', '2023-07-29', '/images/product/1682787693644d4d6d67fc2.png', 0, '2023-04-29 21:01:33', '2023-04-29 21:01:33'),
(78, 48, 'laptop', 'product', '78', 2.00, 25000.00, NULL, 0.00, NULL, 0.00, NULL, NULL, NULL, NULL, NULL, 0, 20000, NULL, 'Pcs', 3, 'day', NULL, 'images/product/1765215186467866.jpg', 0, '2023-04-30 09:02:56', '2023-05-07 16:19:46'),
(79, 47, 'Test product 1', 'product', '79', 20.00, 30.00, 10.00, 3.00, 10.00, 2.70, NULL, NULL, NULL, NULL, NULL, NULL, 50, 6, 'Bag', 6, 'month', '2023-04-30', NULL, 0, '2023-04-30 18:45:12', '2023-04-30 18:45:12'),
(80, 47, 'Test product 2', 'product', '80', 10.00, 15.00, 10.00, 1.50, 10.00, 1.35, 12.00, 10.00, 1.20, 10.00, 1.08, 2, 30, 5, 'Kg', 1, 'year', '2023-04-30', NULL, 0, '2023-04-30 18:45:12', '2023-04-30 18:45:12'),
(81, 59, 'Test product 1', 'product', '81', 27.07, 58.00, 10.00, 5.80, 10.00, 5.80, 45.00, 10.00, 4.50, 10.00, 4.50, 4, 188, 2, 'Kg', 1, 'year', '2023-04-29', NULL, 0, '2023-05-01 03:40:43', '2023-05-04 20:41:02'),
(82, 59, 'Test product 2', 'product', '82', 31.80, 46.00, 16.00, 7.36, 17.00, 6.57, 38.00, 8.36, 22.00, 13.00, 3.85, 3, 138, 4, 'Box', 6, 'year', '2023-04-29', NULL, 0, '2023-05-01 03:40:43', '2023-05-05 15:51:01'),
(83, 60, 'Test product 1', 'product', '83', 48.85, 100.00, 10.00, 10.00, 10.00, 10.00, 55.00, 5.50, 10.00, 10.00, 5.50, 5, 704, 6, 'Bag', 7, 'year', '2023-05-02', NULL, 0, '2023-05-02 20:37:43', '2023-09-14 12:29:11'),
(84, 60, 'Test product 2', 'product', '84', 35.00, 50.00, 14.00, 7.00, 17.00, 7.31, 45.00, 2.16, 4.80, 17.00, 7.65, 4, 372, 5, 'Box', 3, 'year', '2023-05-02', NULL, 0, '2023-05-02 20:37:43', '2023-09-14 10:31:52'),
(85, 60, 'Test product 3', 'product', '85', 45.00, 70.00, 15.00, 10.50, 18.00, 10.71, 60.00, 10.00, 6.00, 16.00, 9.60, 5, 110, 2, 'Kg', 4, 'year', '2023-05-02', NULL, 0, '2023-05-02 20:37:43', '2023-09-14 10:31:15'),
(86, 60, 'Test product 4', 'product', '86', 50.00, 72.00, 12.00, 8.64, 20.00, 12.67, 62.00, 15.00, 9.30, 15.00, 7.91, 5, 16, 10, 'Cans', 4, 'year', NULL, NULL, 0, '2023-05-02 22:10:37', '2023-05-06 16:42:03'),
(87, 62, 'Test product 1', 'product', '87', 25.00, 30.00, 10.00, 3.00, 10.00, 2.70, 25.00, 10.00, 2.50, 10.00, 2.25, 2, 57, NULL, 'Bag', NULL, NULL, NULL, NULL, 0, '2023-05-04 17:48:02', '2023-05-04 17:55:02'),
(88, 62, 'Test product 2', 'product', '88', 35.00, 40.00, 10.00, 4.00, 10.00, 3.60, 35.00, 3.50, 10.00, 10.00, 3.15, 2, 36, NULL, 'Kg', NULL, NULL, NULL, NULL, 0, '2023-05-04 17:48:02', '2023-05-04 17:55:02'),
(89, 60, 'Test service 1', 'service', '89', 0.00, 500.00, 10.00, 50.00, 10.00, 50.00, 4000.00, 10.00, 400.00, 10.00, 400.00, 10, 50000000, NULL, 'Square Fee', NULL, NULL, NULL, NULL, 0, '2023-05-04 19:15:29', '2023-05-04 19:15:29'),
(90, 59, 'test product 4', 'product', '90', 30.00, 30.00, NULL, 0.00, NULL, 0.00, NULL, NULL, NULL, NULL, NULL, NULL, 28, NULL, 'Dozen', 1, 'year', NULL, NULL, 0, '2023-05-04 20:30:10', '2023-05-04 20:30:10'),
(91, 60, 'Test product 5', 'product', '91', 20.00, 50.00, 18.00, 9.00, 10.00, 4.10, NULL, NULL, NULL, NULL, NULL, 0, 60, 8, 'Inch', 1, 'year', '2023-05-18', NULL, 0, '2023-05-06 14:53:16', '2023-09-14 10:32:26'),
(92, 60, 'Test product 6', 'product', '92', 40.00, 68.00, 10.00, 6.80, 10.00, 6.12, NULL, NULL, NULL, NULL, NULL, NULL, 30, 6, 'Cans', NULL, NULL, NULL, NULL, 0, '2023-05-06 14:53:16', '2023-05-06 17:45:21'),
(93, 63, 'Test product 1', 'product', '93', 42.86, 70.00, 10.00, 7.00, 10.00, 6.30, 50.00, 5.00, 10.00, 10.00, 4.50, 5, 30, 2, 'Pcs', 3, 'year', NULL, NULL, 0, '2023-05-06 18:18:25', '2023-05-09 19:43:43'),
(94, 63, 'Test product 2', 'product', '94', 30.00, 40.00, 10.00, 4.00, 18.00, 6.48, 35.00, NULL, 0.00, NULL, 0.00, 5, 95, 5, 'Dozen', 3, 'day', NULL, NULL, 0, '2023-05-06 18:18:25', '2023-05-07 03:09:42'),
(95, 63, 'Test product 3', 'product', '95', 30.00, 50.00, 12.00, 6.00, 13.00, 6.50, 50.00, NULL, 0.00, NULL, 0.00, 5, 195, 6, 'Cans', 7, 'year', NULL, NULL, 0, '2023-05-06 18:18:25', '2023-05-07 02:40:39'),
(96, 64, 'Test product 1', 'product', '96', 50.00, 60.00, 15.00, 9.00, 15.00, 9.00, 55.00, 0.00, NULL, NULL, 0.00, 0, 177, 5, 'Metre', 5, 'month', NULL, NULL, 0, '2023-05-07 04:18:23', '2023-05-12 20:10:27'),
(97, 64, 'Test product 2', 'product', '97', 30.00, 40.00, 10.00, 4.00, 15.00, 6.00, 45.00, NULL, 0.00, NULL, 0.00, 10, 36, 12, 'Carton', 3, 'day', NULL, NULL, 0, '2023-05-07 04:18:23', '2023-05-12 20:10:27'),
(98, 64, 'Test product 3', 'product', '98', 50.00, 60.00, 10.00, 6.00, 15.00, 8.10, 45.00, 0.00, NULL, NULL, 0.00, 2, 91, 5, 'Bag', 5, 'month', '2023-05-07', NULL, 0, '2023-05-07 15:10:35', '2023-05-13 02:22:59'),
(99, 64, 'Test product 4', 'product', '99', 64.72, 15.00, 10.00, 1.50, 10.00, 1.35, 12.00, 1.20, 10.00, 15.00, 1.62, 0, 193, 5, 'Pairs', 10, 'year', '2023-05-07', NULL, 0, '2023-05-07 15:10:35', '2023-05-12 04:20:33'),
(100, 64, 'Test product 5', 'product', '100', 5.00, 10.00, 10.00, 1.00, 10.00, 0.90, 8.00, 10.00, 0.80, 10.00, 0.72, 5, 194, 5, 'Gauze', NULL, NULL, NULL, NULL, 0, '2023-05-07 15:10:35', '2023-05-12 04:20:33'),
(101, 63, 'Test product 4', 'product', '101', 25.00, 40.00, 10.00, 4.00, 15.00, 5.40, 25.00, 10.00, 2.50, 15.00, 3.38, 5, 100, 4, 'Packet', 5, 'month', NULL, NULL, 0, '2023-05-07 15:35:46', '2023-05-09 19:43:43'),
(102, 63, 'Test product 5', 'product', '102', 15.00, 30.00, 10.00, 3.00, 15.00, 4.05, 12.00, 10.00, 1.20, 15.00, 1.62, 5, 100, 5, 'Gauze', 5, 'year', NULL, NULL, 0, '2023-05-07 15:35:46', '2023-05-09 19:43:43'),
(103, 63, 'Test product 6', 'product', '103', 20.00, 30.00, 10.00, 3.00, 10.00, 2.70, NULL, NULL, NULL, NULL, NULL, NULL, 20, NULL, 'Km', NULL, NULL, NULL, NULL, 0, '2023-05-10 20:12:29', '2023-05-10 20:26:12'),
(104, 63, 'Test product 7', 'product', '104', 38.00, 40.00, 12.00, 4.80, 12.00, 4.22, NULL, NULL, NULL, NULL, NULL, NULL, 100, NULL, 'Packet', NULL, NULL, NULL, NULL, 0, '2023-05-10 20:12:29', '2023-05-10 20:12:29'),
(105, 64, 'Test product 8', 'product', '105', 30.00, 40.00, 10.00, 4.00, 15.00, 5.40, NULL, NULL, NULL, NULL, NULL, NULL, 35, 5, 'Kg', NULL, NULL, NULL, NULL, 0, '2023-05-12 03:47:40', '2023-05-12 04:20:33'),
(106, 64, 'Test product 9', 'product', '106', 20.00, 30.00, 10.00, 3.00, 15.00, 4.05, NULL, NULL, NULL, NULL, NULL, NULL, 285, 20, 'Cans', NULL, NULL, NULL, NULL, 0, '2023-05-12 03:47:40', '2023-05-12 04:20:33'),
(107, 64, 'Test product 8', 'product', '107', 30.00, 45.00, 15.00, 6.75, 10.00, 3.83, 100.00, 0.00, NULL, NULL, 0.00, 10, 50, 15, 'Kg', 5, 'year', NULL, NULL, 0, '2023-05-12 03:47:40', '2023-05-13 02:24:46'),
(108, 64, 'Test product 9', 'product', '108', 20.00, 30.00, 10.00, 3.00, 15.00, 4.05, NULL, NULL, NULL, NULL, NULL, NULL, 290, 20, 'Cans', NULL, NULL, NULL, NULL, 0, '2023-05-12 03:47:40', '2023-05-12 03:59:26'),
(109, 64, 'Test service 1', 'service', '109', 0.00, 500.00, NULL, 0.00, 15.00, 75.00, 0.00, NULL, NULL, NULL, NULL, 0, 49999999, NULL, 'Unit', 10, 'day', NULL, NULL, 0, '2023-05-12 04:42:28', '2023-05-12 04:44:59'),
(110, 65, 'Test product 1', 'product', '110', 45.00, 50.00, 10.00, 5.00, 15.00, 6.75, 50.00, NULL, 0.00, NULL, 0.00, 5, 28, 75, 'Kg', 1, 'year', '2023-05-12', NULL, 0, '2023-05-13 19:30:52', '2023-07-17 13:51:30'),
(111, 65, 'Test product 2', 'product', '111', 25.00, 35.00, 20.00, 7.00, 15.00, 4.20, 40.00, NULL, 0.00, NULL, 0.00, 0, 109, 10, 'Kg', 1, 'year', '2023-05-16', NULL, 0, '2023-05-13 19:30:52', '2023-07-22 11:45:24'),
(112, 66, 'Test product 1', 'product', '112', 26.50, 40.00, 20.00, 8.00, 12.00, 3.84, 40.00, 15.00, 6.00, 10.00, 3.40, 5, 579, 5, 'Litter', 1, 'year', '2023-05-17', NULL, 0, '2023-05-18 00:44:06', '2023-05-21 22:06:14'),
(113, 66, 'Test product 2', 'product', '113', 40.00, 70.00, 20.00, 14.00, 18.00, 10.08, 60.00, 5.25, 3.15, 15.00, 8.53, 12, 499, 10, 'Kg', 3, 'year', NULL, NULL, 0, '2023-05-18 00:44:06', '2023-05-21 22:06:14'),
(114, 66, 'Test product 3', 'product', '114', 33.75, 50.00, 13.00, 6.50, 15.00, 6.00, 60.00, 4.50, 2.70, 15.00, 9.00, 5, 670, 10, 'Inch', 10, 'month', '2023-05-17', NULL, 0, '2023-05-18 00:44:06', '2023-05-21 21:42:24'),
(115, 66, 'Test product 4', 'product', '115', 40.00, 52.00, 14.00, 7.28, 17.00, 7.60, 52.00, 10.00, 5.20, 17.00, 7.96, 10, 230, 3, 'Cans', NULL, NULL, NULL, NULL, 0, '2023-05-18 02:26:41', '2023-05-20 18:39:34'),
(116, 66, 'Test Service', 'service', '116', 0.00, 500.00, 20.00, 100.00, 15.00, 60.00, 400.00, 10.00, 40.00, 10.00, 36.00, 2, 50000000, NULL, 'Car Wash', 1, 'year', NULL, NULL, 0, '2023-05-18 03:12:42', '2023-05-19 23:52:20'),
(117, 66, 'Test product 5', 'product', '117', 35.00, 50.00, 10.00, 5.00, 18.00, 8.10, 45.00, 10.00, 4.50, 17.00, 6.89, 5, 190, 6, 'Bag', 5, 'month', NULL, NULL, 0, '2023-05-18 20:59:56', '2023-05-20 18:39:34'),
(118, 67, 'Test 1', 'product', '118', 50.00, 80.00, 20.00, 16.00, 15.00, 9.60, 70.00, 10.00, 7.00, 20.00, 12.60, 10, 200, 8, 'Dozen', 1, 'year', NULL, NULL, 0, '2023-05-22 04:31:40', '2023-05-22 13:36:18'),
(119, 68, 'Potato', 'product', '119', 20.00, 35.00, 5.00, 1.75, 5.00, 1.66, 32.00, 5.00, 1.60, 5.00, 1.52, 5, 50, 10, 'Kg', NULL, NULL, NULL, NULL, 0, '2023-05-22 15:41:00', '2023-05-22 15:41:00'),
(120, 68, 'Lux Soap', 'product', '120', 60.00, 75.00, 6.00, 4.50, 5.00, 3.53, 70.00, 6.00, 4.20, 5.00, 3.29, 5, 50, 10, 'Pcs', NULL, NULL, NULL, NULL, 0, '2023-05-22 15:41:00', '2023-05-22 15:41:00'),
(121, 71, 'Test product 1', 'product', '121', 20.00, 40.00, 20.00, 8.00, 25.00, 8.00, 25.00, 10.00, 2.50, 15.00, 3.38, 5, 200, 190, 'Kg', 5, 'year', '2023-05-23', NULL, 0, '2023-05-23 17:40:12', '2023-05-26 13:11:53'),
(122, 71, 'Test product 2', 'product', '122', 30.00, 40.00, 20.00, 8.00, 25.00, 8.00, 35.00, 15.00, 5.25, 20.00, 5.95, 10, 550, 280, 'Bag', 4, 'year', '2023-05-23', NULL, 0, '2023-05-23 17:40:12', '2023-05-24 14:57:26'),
(123, 71, 'Test product 1', 'product', '123', 20.00, 30.00, 10.00, 3.00, 15.00, 4.05, 25.00, 10.00, 2.50, 15.00, 3.38, 5, 200, 180, 'Kg', 1, 'year', '2023-05-23', NULL, 0, '2023-05-23 17:40:13', '2023-05-23 17:40:13'),
(124, 71, 'Test product 2', 'product', '124', 30.00, 40.00, 20.00, 8.00, 25.00, 8.00, 35.00, 15.00, 5.25, 20.00, 5.95, 10, 300, 280, 'Bag', 4, 'year', '2023-05-23', NULL, 0, '2023-05-23 17:40:13', '2023-05-23 17:40:13'),
(125, 71, 'Test product 3', 'product', '125', 20.00, 30.00, 10.00, 3.00, 15.00, 4.05, 25.00, 10.00, 2.50, 15.00, 3.38, 5, 500, 20, 'Box', 2, 'year', '2023-05-24', NULL, 0, '2023-05-26 02:24:58', '2023-05-26 02:24:58'),
(126, 71, 'Test product 4', 'product', '126', 40.00, 60.00, 10.00, 6.00, 15.00, 8.10, 50.00, 10.00, 5.00, 15.00, 6.75, 10, 300, 20, 'Rolls', 5, 'year', '2023-05-24', NULL, 0, '2023-05-26 02:24:58', '2023-05-26 02:24:58'),
(127, 71, 'Test product 3', 'product', '127', 20.00, 30.00, 10.00, 3.00, 15.00, 4.05, 25.00, 10.00, 2.50, 15.00, 3.38, 5, 0, 20, 'Box', 2, 'year', '2023-05-24', NULL, 0, '2023-05-26 02:24:59', '2023-05-26 02:25:36'),
(128, 71, 'Test product 4', 'product', '128', 40.00, 60.00, 10.00, 6.00, 15.00, 8.10, 50.00, 10.00, 5.00, 15.00, 6.75, 10, 0, 20, 'Rolls', 5, 'year', '2023-05-24', NULL, 0, '2023-05-26 02:24:59', '2023-05-26 02:25:36'),
(129, 71, 'Test product 5', 'product', '129', 60.00, 80.00, NULL, 0.00, 15.00, 12.00, NULL, NULL, NULL, NULL, NULL, NULL, 200, 25, 'Bag', NULL, NULL, NULL, NULL, 0, '2023-05-26 02:32:42', '2023-05-26 02:32:42'),
(130, 73, 'Test product 1', 'product', '130', 20.00, 50.00, 10.00, 6.00, 22.00, 8.80, 50.00, 10.00, 5.00, 15.00, 6.75, 20, 260, 180, 'Kg', 5, 'year', NULL, NULL, 0, '2023-05-27 00:00:49', '2023-05-29 23:34:08'),
(131, 73, 'Test product 2', 'product', '131', 35.00, 70.00, 15.00, 9.00, 22.00, 13.24, 50.00, 15.00, 7.50, 18.00, 7.65, 18, 480, 190, 'Bag', 1, 'year', NULL, NULL, 0, '2023-05-27 00:00:49', '2023-05-30 19:45:13'),
(132, 73, 'Test Service 1', 'service', '132', 0.00, 600.00, 20.00, 120.00, 12.00, 72.00, 500.00, 28.00, 140.00, 24.00, 86.40, 5, 50000000, NULL, 'Packet', 1, 'month', '2023-05-25', NULL, 0, '2023-05-27 04:04:57', '2023-05-30 18:02:28'),
(133, 65, 'Test product 3', 'product', '133', 20.00, 30.00, NULL, 0.00, NULL, 0.00, NULL, NULL, NULL, NULL, NULL, NULL, 463, NULL, 'Pcs', NULL, NULL, NULL, NULL, 0, '2023-06-28 11:35:01', '2023-07-22 11:45:24'),
(134, 65, 'Test product 4', 'product', '134', 25.00, 35.00, NULL, 0.00, NULL, 0.00, NULL, NULL, NULL, NULL, NULL, NULL, 200, NULL, 'Packet', NULL, NULL, NULL, NULL, 0, '2023-06-28 11:35:01', '2023-06-28 11:35:01'),
(135, 65, 'Test product 5', 'product', '135', 20.00, 25.00, NULL, 0.00, 10.00, 2.50, NULL, NULL, NULL, NULL, NULL, NULL, 500, 480, 'Cans', NULL, NULL, '2023-07-15', NULL, 0, '2023-07-15 09:36:15', '2023-07-15 09:36:15'),
(136, 164, 'Test product 1', 'product', '136', 241.85, 700.00, NULL, 0.00, NULL, 0.00, NULL, NULL, NULL, NULL, NULL, 0, 7000, 20, 'Kg', 3, 'day', NULL, NULL, 0, '2023-08-05 09:12:26', '2023-09-22 14:48:35'),
(137, 164, 'Test product 2', 'product', '137', 30.00, 50.00, 0.00, 0.00, 0.00, 0.00, NULL, NULL, NULL, NULL, NULL, 0, 8182, 20, 'Pcs', NULL, NULL, NULL, NULL, 0, '2023-08-08 08:22:39', '2023-09-22 02:56:20'),
(138, 164, 'Test product 3', 'product', '138', 40.00, 60.00, NULL, 0.00, NULL, 0.00, NULL, NULL, NULL, NULL, NULL, 0, 1369, NULL, 'Pcs', NULL, NULL, NULL, NULL, 0, '2023-08-08 08:22:39', '2023-09-22 02:56:20'),
(139, 164, 'Test product 4', 'product', '139', 30.00, 50.00, NULL, 0.00, NULL, 0.00, 40.00, NULL, 0.00, NULL, 0.00, 10, 17806, 20, 'Pcs', 3, 'day', '2023-08-19', NULL, 0, '2023-08-19 11:27:20', '2023-09-22 02:56:20'),
(140, 205, 'Napa 500 mg', 'product', '140', 1.25, 1.50, NULL, 0.00, NULL, 0.00, NULL, NULL, NULL, NULL, NULL, NULL, 40, 10, 'Pcs', NULL, NULL, NULL, NULL, 0, '2023-08-24 11:00:02', '2023-08-24 11:03:48'),
(141, 164, 'Test product 5', 'product', '141', 50.00, 70.00, NULL, 0.00, NULL, 0.00, NULL, NULL, NULL, NULL, NULL, NULL, 298, 50, 'Packet', NULL, NULL, NULL, NULL, 0, '2023-08-24 13:01:23', '2023-09-21 13:54:00'),
(142, 164, 'Test product 6', 'product', '142', 20.00, 30.00, NULL, 0.00, NULL, 0.00, NULL, NULL, NULL, NULL, NULL, NULL, 599, 20, 'Inch', NULL, NULL, NULL, NULL, 0, '2023-08-24 13:01:23', '2023-08-30 06:44:04'),
(143, 164, 'Test product 7', 'product', '143', 30.00, 40.00, NULL, 0.00, NULL, 0.00, NULL, NULL, NULL, NULL, NULL, 0, 1000, 20, 'Packet', NULL, NULL, NULL, NULL, 0, '2023-08-24 13:03:19', '2023-09-05 05:36:38'),
(144, 164, 'Test product 8', 'product', '144', 40.00, 50.00, NULL, 0.00, NULL, 0.00, NULL, NULL, NULL, NULL, NULL, 0, 600, 20, 'Litter', NULL, NULL, NULL, NULL, 0, '2023-08-24 13:03:19', '2023-09-05 05:39:07'),
(145, 164, 'Test product 9', 'product', '145', 30.00, 50.00, NULL, 0.00, 15.00, 0.00, NULL, NULL, NULL, NULL, NULL, 0, 400, 20, 'Unit', NULL, NULL, NULL, NULL, 0, '2023-08-24 13:05:22', '2023-09-05 05:39:07'),
(146, 164, 'Test product 10', 'product', '146', 20.00, 30.00, NULL, 0.00, NULL, 0.00, NULL, NULL, NULL, NULL, NULL, 0, 300, 20, 'Bag', NULL, NULL, NULL, NULL, 0, '2023-08-24 13:05:22', '2023-09-07 02:51:02'),
(147, 164, 'Test product 11', 'product', '147', 30.00, 40.00, NULL, 0.00, NULL, 0.00, NULL, NULL, NULL, NULL, NULL, NULL, 190, 20, 'Pcs', NULL, NULL, NULL, NULL, 0, '2023-08-24 13:06:52', '2023-09-20 06:47:26'),
(148, 164, 'Test product 13', 'product', '148', 20.00, 30.00, NULL, 0.00, NULL, 0.00, NULL, NULL, NULL, NULL, NULL, 0, 1296, 20, 'Bag', NULL, NULL, NULL, NULL, 0, '2023-08-24 13:06:52', '2023-09-07 02:51:02'),
(149, 164, 'Napa 500 mg tab', 'product', '149', 1.25, 1.50, NULL, 0.00, NULL, 0.00, NULL, NULL, NULL, NULL, NULL, 0, 952, NULL, 'Pcs', NULL, NULL, NULL, NULL, 0, '2023-08-24 14:13:03', '2023-09-20 11:03:23'),
(150, 164, 'Algin 50 mg Tab', 'product', '150', 7.00, 9.00, NULL, 0.00, NULL, 0.00, NULL, NULL, NULL, NULL, NULL, 0, 4560, 20, 'Pcs', NULL, NULL, NULL, NULL, 0, '2023-08-24 14:13:03', '2023-09-20 14:09:39'),
(151, 164, 'ponds cream', 'product', '151', 200.00, 250.00, 10.00, 25.00, 15.00, 33.75, NULL, NULL, NULL, NULL, NULL, 0, 44, 20, 'Pcs', 3, 'day', NULL, NULL, 0, '2023-08-29 08:23:32', '2023-09-09 07:35:23'),
(152, 207, 'Meri', 'product', '152', 50.00, 60.00, NULL, 0.00, NULL, 0.00, NULL, NULL, NULL, NULL, NULL, NULL, 499, 20, 'Pcs', NULL, NULL, NULL, NULL, 0, '2023-08-29 08:53:17', '2023-08-29 08:54:50'),
(153, 207, 'ponds cream', 'product', '153', 250.00, 300.00, NULL, 0.00, NULL, 0.00, NULL, NULL, NULL, NULL, NULL, NULL, 199, 10, 'Pcs', NULL, NULL, NULL, NULL, 0, '2023-08-29 08:53:17', '2023-08-29 08:54:50'),
(154, 164, 'Test service 1', 'service', '154', 0.00, 500.00, NULL, 0.00, NULL, 0.00, 0.00, NULL, NULL, NULL, NULL, 0, 50000000, NULL, 'Metre', NULL, NULL, NULL, NULL, 0, '2023-09-02 13:50:18', '2023-09-02 13:50:18'),
(155, 164, 'Test service 2', 'service', '155', 0.00, 5000.00, 10.00, 500.00, 15.00, 675.00, 0.00, NULL, NULL, NULL, NULL, 0, 50000000, NULL, 'Square Fee', NULL, NULL, NULL, NULL, 0, '2023-09-22 02:54:23', '2023-09-22 02:54:23');

-- --------------------------------------------------------

--
-- Table structure for table `product_units`
--

CREATE TABLE `product_units` (
  `id` bigint(20) UNSIGNED NOT NULL,
  `user_id` bigint(20) UNSIGNED DEFAULT NULL,
  `name` varchar(255) NOT NULL,
  `created_at` timestamp NULL DEFAULT NULL,
  `updated_at` timestamp NULL DEFAULT NULL
) ENGINE=InnoDB DEFAULT CHARSET=utf8mb4 COLLATE=utf8mb4_unicode_ci;

--
-- Dumping data for table `product_units`
--

INSERT INTO `product_units` (`id`, `user_id`, `name`, `created_at`, `updated_at`) VALUES
(2, NULL, 'Square Fee', '2023-01-02 23:04:11', '2023-01-02 23:04:11'),
(3, NULL, 'Square Meter', '2023-01-02 23:04:19', '2023-01-02 23:04:19'),
(4, NULL, 'Kg', '2023-01-02 23:04:52', '2023-01-02 23:04:52'),
(5, NULL, 'Pcs', '2023-01-02 23:04:58', '2023-01-02 23:04:58'),
(6, NULL, 'Km', '2023-01-02 23:05:05', '2023-01-02 23:05:05'),
(7, NULL, 'Litter', '2023-01-02 23:05:10', '2023-01-02 23:05:10'),
(8, NULL, 'Metre', '2023-01-02 23:05:16', '2023-01-02 23:05:16'),
(9, NULL, 'Dozen', '2023-01-02 23:05:22', '2023-01-02 23:05:22'),
(10, NULL, 'Inch', '2023-01-02 23:05:27', '2023-01-02 23:05:27'),
(11, NULL, 'Bag', '2023-01-02 23:05:38', '2023-01-02 23:05:38'),
(12, NULL, 'Bosta', '2023-01-02 23:05:44', '2023-01-02 23:05:44'),
(13, NULL, 'Packet', '2023-01-02 23:05:48', '2023-01-02 23:05:48'),
(14, NULL, 'Carton', '2023-01-02 23:05:53', '2023-01-02 23:05:53'),
(15, NULL, 'Gauze', '2023-01-02 23:06:04', '2023-01-02 23:06:04'),
(16, NULL, 'Unit', '2023-01-02 23:06:09', '2023-01-02 23:06:09'),
(17, NULL, 'Boltes', '2023-01-02 23:06:14', '2023-01-02 23:06:14'),
(18, NULL, 'Box', '2023-01-02 23:06:21', '2023-01-02 23:06:21'),
(19, NULL, 'Bundles', '2023-01-02 23:06:29', '2023-01-02 23:06:29'),
(20, NULL, 'Cans', '2023-01-02 23:06:33', '2023-01-02 23:06:33'),
(21, NULL, 'Mililetter', '2023-01-02 23:06:39', '2023-01-02 23:06:39'),
(22, NULL, 'Number', '2023-01-02 23:06:45', '2023-01-02 23:06:45'),
(23, NULL, 'Pairs', '2023-01-02 23:06:52', '2023-01-02 23:06:52'),
(24, NULL, 'Quintal', '2023-01-02 23:06:57', '2023-01-02 23:06:57'),
(25, NULL, 'Rolls', '2023-01-02 23:07:03', '2023-01-02 23:07:03'),
(26, NULL, 'Tablets', '2023-01-02 23:07:09', '2023-01-02 23:07:09'),
(27, NULL, 'Pata', '2023-01-02 23:07:13', '2023-01-02 23:07:13'),
(28, NULL, 'Sets', '2023-01-02 23:07:22', '2023-01-02 23:07:22'),
(33, NULL, 'kilometers kms', '2023-02-03 17:54:36', '2023-02-03 17:54:36'),
(34, NULL, 'KG', '2023-02-25 20:23:01', '2023-02-25 20:23:01'),
(36, NULL, 'Potato', '2023-02-26 20:23:35', '2023-02-26 20:23:35'),
(37, NULL, 'Tomatto', '2023-02-26 20:23:46', '2023-02-26 20:23:46'),
(38, NULL, 'Feet', '2023-02-26 21:24:05', '2023-02-26 21:24:05'),
(40, 39, 'gaze', '2023-02-27 18:45:20', '2023-02-27 18:45:20'),
(41, 39, 'cans', '2023-03-02 05:32:18', '2023-03-02 05:32:18'),
(43, 41, 'KILOGRAM', '2023-03-30 09:00:47', '2023-03-30 09:00:47'),
(47, 59, 'Car wash', '2023-05-02 01:06:57', '2023-05-02 01:06:57'),
(48, 60, 'gauze', '2023-05-06 03:02:43', '2023-05-06 03:02:43'),
(50, 66, 'Car Wash', '2023-05-18 03:10:59', '2023-05-18 03:10:59'),
(51, 66, 'Botles', '2023-05-21 02:54:04', '2023-05-21 02:54:04'),
(52, 71, 'gauze', '2023-05-26 13:15:05', '2023-05-26 13:15:05'),
(54, 71, 'sft', '2023-05-26 14:30:01', '2023-05-26 14:30:01');

-- --------------------------------------------------------

--
-- Table structure for table `profit_losses`
--

CREATE TABLE `profit_losses` (
  `id` bigint(20) UNSIGNED NOT NULL,
  `user_id` bigint(20) UNSIGNED NOT NULL,
  `opening_balance` int(11) DEFAULT NULL,
  `income` int(11) DEFAULT NULL,
  `expense` int(11) DEFAULT NULL,
  `closing_balance` int(11) DEFAULT NULL,
  `created_at` timestamp NULL DEFAULT NULL,
  `updated_at` timestamp NULL DEFAULT NULL
) ENGINE=InnoDB DEFAULT CHARSET=utf8mb4 COLLATE=utf8mb4_unicode_ci;

--
-- Dumping data for table `profit_losses`
--

INSERT INTO `profit_losses` (`id`, `user_id`, `opening_balance`, `income`, `expense`, `closing_balance`, `created_at`, `updated_at`) VALUES
(2, 1, 1, 1, 1, 1, '2023-03-22 12:00:02', '2023-03-22 12:00:02'),
(3, 1, 1, 1, 1, 1, '2023-03-22 12:00:50', '2023-03-22 12:00:50'),
(4, 1, 1, 1, 1, 1, '2023-03-22 12:34:45', '2023-03-22 12:34:45'),
(5, 1, 1, 1, 1, 1, '2023-03-22 12:34:45', '2023-03-22 12:34:45'),
(6, 1, 1, 1, 1, 1, '2023-03-22 12:34:48', '2023-03-22 12:34:48'),
(7, 1, 1, 1, 1, 1, '2023-03-22 12:34:48', '2023-03-22 12:34:48'),
(8, 1, 1, 1, 1, 1, '2023-03-22 12:34:48', '2023-03-22 12:34:48'),
(9, 1, 1, 1, 1, 1, '2023-03-22 12:34:48', '2023-03-22 12:34:48'),
(10, 1, 1, 1, 1, 1, '2023-03-22 12:34:48', '2023-03-22 12:34:48'),
(11, 1, 1, 1, 1, 1, '2023-03-22 12:34:48', '2023-03-22 12:34:48'),
(12, 1, 1, 1, 1, 1, '2023-03-22 12:34:49', '2023-03-22 12:34:49'),
(13, 1, 1, 1, 1, 1, '2023-03-22 12:34:49', '2023-03-22 12:34:49'),
(14, 1, 1, 1, 1, 1, '2023-03-22 12:34:49', '2023-03-22 12:34:49'),
(15, 1, 1, 1, 1, 1, '2023-03-22 12:34:49', '2023-03-22 12:34:49'),
(16, 1, 1, 1, 1, 1, '2023-03-22 12:34:49', '2023-03-22 12:34:49'),
(17, 1, 1, 1, 1, 1, '2023-03-22 12:34:49', '2023-03-22 12:34:49'),
(18, 1, 1, 1, 1, 1, '2023-03-22 12:34:50', '2023-03-22 12:34:50'),
(19, 1, 1, 1, 1, 1, '2023-03-22 12:34:50', '2023-03-22 12:34:50'),
(20, 1, 1, 1, 1, 1, '2023-03-22 12:34:50', '2023-03-22 12:34:50'),
(21, 1, 1, 1, 1, 1, '2023-03-22 12:34:50', '2023-03-22 12:34:50'),
(22, 1, 1, 1, 1, 1, '2023-03-22 12:34:50', '2023-03-22 12:34:50'),
(23, 1, 1, 1, 1, 1, '2023-03-22 12:34:50', '2023-03-22 12:34:50'),
(24, 1, 1, 1, 1, 1, '2023-03-22 12:34:51', '2023-03-22 12:34:51'),
(25, 1, 1, 1, 1, 1, '2023-03-22 12:34:54', '2023-03-22 12:34:54'),
(26, 1, 1, 1, 1, 1, '2023-03-22 12:34:54', '2023-03-22 12:34:54'),
(27, 1, 1, 1, 1, 1, '2023-03-22 13:53:43', '2023-03-22 13:53:43'),
(28, 1, 1, 1, 1, 1, '2023-03-22 13:54:50', '2023-03-22 13:54:50'),
(29, 1, 1, 1, 1, 1, '2023-03-22 13:54:50', '2023-03-22 13:54:50'),
(30, 1, 1, 1, 1, 1, '2023-03-22 13:54:51', '2023-03-22 13:54:51'),
(31, 1, 1, 1, 1, 1, '2023-03-22 13:59:28', '2023-03-22 13:59:28'),
(32, 1, 1, 1, 1, 1, '2023-03-22 13:59:28', '2023-03-22 13:59:28'),
(33, 1, 1, 1, 1, 1, '2023-03-22 13:59:29', '2023-03-22 13:59:29'),
(34, 1, 1, 1, 1, 1, '2023-03-22 14:01:02', '2023-03-22 14:01:02'),
(35, 1, 1, 1, 1, 1, '2023-03-22 14:01:03', '2023-03-22 14:01:03'),
(36, 1, 1, 1, 1, 1, '2023-03-22 14:01:03', '2023-03-22 14:01:03'),
(37, 1, 1, 1, 1, 1, '2023-03-22 14:01:03', '2023-03-22 14:01:03'),
(38, 1, 1, 1, 1, 1, '2023-03-22 14:01:03', '2023-03-22 14:01:03'),
(39, 1, 1, 1, 1, 1, '2023-03-22 14:10:26', '2023-03-22 14:10:26'),
(40, 1, 1, 1, 1, 1, '2023-03-22 14:10:26', '2023-03-22 14:10:26'),
(41, 1, 1, 1, 1, 1, '2023-03-22 14:10:26', '2023-03-22 14:10:26'),
(42, 1, 1, 1, 1, 1, '2023-03-22 14:10:26', '2023-03-22 14:10:26'),
(43, 1, 1, 1, 1, 1, '2023-03-22 14:10:27', '2023-03-22 14:10:27'),
(44, 1, 1, 1, 1, 1, '2023-03-22 14:10:42', '2023-03-22 14:10:42'),
(45, 1, 1, 1, 1, 1, '2023-03-22 14:11:26', '2023-03-22 14:11:26'),
(46, 1, 1, 1, 1, 1, '2023-03-22 14:11:28', '2023-03-22 14:11:28'),
(47, 1, 1, 1, 1, 1, '2023-03-22 14:11:35', '2023-03-22 14:11:35'),
(48, 1, 1, 1, 1, 1, '2023-03-22 14:18:19', '2023-03-22 14:18:19'),
(49, 1, 1, 1, 1, 1, '2023-03-22 14:26:21', '2023-03-22 14:26:21'),
(50, 1, 1, 1, 1, 1, '2023-03-22 14:26:21', '2023-03-22 14:26:21'),
(51, 1, 1, 1, 1, 1, '2023-03-22 14:26:22', '2023-03-22 14:26:22'),
(52, 1, 1, 1, 1, 1, '2023-03-22 14:27:17', '2023-03-22 14:27:17'),
(53, 1, 1, 1, 1, 1, '2023-03-22 14:27:18', '2023-03-22 14:27:18'),
(54, 1, 1, 1, 1, 1, '2023-03-22 14:28:02', '2023-03-22 14:28:02'),
(55, 1, 1, 1, 1, 1, '2023-03-22 14:28:02', '2023-03-22 14:28:02'),
(56, 1, 1, 1, 1, 1, '2023-03-22 14:28:03', '2023-03-22 14:28:03'),
(57, 1, 1, 1, 1, 1, '2023-03-22 14:28:06', '2023-03-22 14:28:06'),
(58, 1, 1, 1, 1, 1, '2023-03-22 14:28:46', '2023-03-22 14:28:46'),
(59, 1, 1, 1, 1, 1, '2023-03-22 14:28:46', '2023-03-22 14:28:46'),
(60, 1, 1, 1, 1, 1, '2023-03-22 14:28:58', '2023-03-22 14:28:58'),
(61, 1, 1, 1, 1, 1, '2023-03-22 14:28:58', '2023-03-22 14:28:58'),
(62, 1, 1, 1, 1, 1, '2023-03-22 14:28:59', '2023-03-22 14:28:59'),
(63, 1, 1, 1, 1, 1, '2023-03-22 14:29:16', '2023-03-22 14:29:16'),
(64, 1, 1, 1, 1, 1, '2023-03-23 08:56:02', '2023-03-23 08:56:02'),
(65, 1, 1, 1, 1, 1, '2023-03-23 08:56:05', '2023-03-23 08:56:05'),
(66, 1, 1, 1, 1, 1, '2023-03-23 08:56:05', '2023-03-23 08:56:05'),
(67, 1, 1, 1, 1, 1, '2023-03-23 08:56:05', '2023-03-23 08:56:05'),
(68, 1, 1, 1, 1, 1, '2023-03-23 08:56:05', '2023-03-23 08:56:05'),
(69, 1, 1, 1, 1, 1, '2023-03-23 08:56:05', '2023-03-23 08:56:05'),
(70, 1, 1, 1, 1, 1, '2023-03-23 08:56:05', '2023-03-23 08:56:05'),
(71, 1, 1, 1, 1, 1, '2023-03-23 08:56:06', '2023-03-23 08:56:06'),
(72, 1, 1, 1, 1, 1, '2023-03-23 08:56:31', '2023-03-23 08:56:31'),
(73, 1, 1, 1, 1, 1, '2023-03-23 08:56:32', '2023-03-23 08:56:32'),
(74, 1, 1, 1, 1, 1, '2023-03-23 08:56:32', '2023-03-23 08:56:32'),
(75, 1, 1, 1, 1, 1, '2023-03-23 08:56:32', '2023-03-23 08:56:32'),
(76, 1, 1, 1, 1, 1, '2023-03-23 08:56:33', '2023-03-23 08:56:33'),
(77, 1, 1, 1, 1, 1, '2023-03-23 08:56:33', '2023-03-23 08:56:33'),
(78, 1, 1, 1, 1, 1, '2023-03-23 08:56:34', '2023-03-23 08:56:34'),
(79, 1, 1, 1, 1, 1, '2023-03-23 08:56:34', '2023-03-23 08:56:34'),
(80, 1, 1, 1, 1, 1, '2023-03-23 08:56:35', '2023-03-23 08:56:35'),
(81, 1, 1, 1, 1, 1, '2023-03-23 08:56:35', '2023-03-23 08:56:35'),
(82, 1, 1, 1, 1, 1, '2023-03-23 08:56:35', '2023-03-23 08:56:35'),
(83, 1, 1, 1, 1, 1, '2023-03-23 08:56:35', '2023-03-23 08:56:35'),
(84, 1, 1, 1, 1, 1, '2023-03-23 08:56:35', '2023-03-23 08:56:35'),
(85, 1, 1, 1, 1, 1, '2023-03-23 08:56:36', '2023-03-23 08:56:36'),
(86, 1, 1, 1, 1, 1, '2023-03-23 08:56:36', '2023-03-23 08:56:36'),
(87, 1, 1, 1, 1, 1, '2023-03-23 08:56:36', '2023-03-23 08:56:36'),
(88, 1, 1, 1, 1, 1, '2023-03-23 08:56:36', '2023-03-23 08:56:36'),
(89, 1, 1, 1, 1, 1, '2023-03-23 08:56:37', '2023-03-23 08:56:37'),
(90, 1, 1, 1, 1, 1, '2023-03-23 08:56:37', '2023-03-23 08:56:37'),
(91, 1, 1, 1, 1, 1, '2023-03-23 08:56:37', '2023-03-23 08:56:37'),
(92, 1, 1, 1, 1, 1, '2023-03-23 08:56:37', '2023-03-23 08:56:37'),
(93, 1, 1, 1, 1, 1, '2023-03-23 08:56:38', '2023-03-23 08:56:38'),
(94, 1, 1, 1, 1, 1, '2023-03-23 09:00:05', '2023-03-23 09:00:05'),
(95, 1, 1, 1, 1, 1, '2023-03-23 09:00:06', '2023-03-23 09:00:06'),
(96, 1, 1, 1, 1, 1, '2023-03-23 09:00:06', '2023-03-23 09:00:06'),
(97, 1, 1, 1, 1, 1, '2023-03-23 09:00:06', '2023-03-23 09:00:06'),
(98, 1, 1, 1, 1, 1, '2023-03-23 09:00:07', '2023-03-23 09:00:07'),
(99, 1, 1, 1, 1, 1, '2023-03-23 09:00:24', '2023-03-23 09:00:24'),
(100, 1, 1, 1, 1, 1, '2023-03-23 09:00:40', '2023-03-23 09:00:40'),
(101, 1, 1, 1, 1, 1, '2023-03-23 09:01:04', '2023-03-23 09:01:04'),
(102, 1, 1, 1, 1, 1, '2023-03-23 09:01:58', '2023-03-23 09:01:58'),
(103, 1, 1, 1, 1, 1, '2023-03-23 09:03:15', '2023-03-23 09:03:15'),
(104, 1, 1, 1, 1, 1, '2023-03-23 09:03:16', '2023-03-23 09:03:16'),
(105, 1, 1, 1, 1, 1, '2023-03-23 09:03:18', '2023-03-23 09:03:18'),
(106, 1, 1, 1, 1, 1, '2023-03-23 09:03:38', '2023-03-23 09:03:38'),
(107, 1, 1, 1, 1, 1, '2023-03-23 09:03:44', '2023-03-23 09:03:44'),
(108, 1, 1, 1, 1, 1, '2023-03-23 09:03:51', '2023-03-23 09:03:51'),
(109, 1, 1, 1, 1, 1, '2023-03-23 09:06:00', '2023-03-23 09:06:00'),
(110, 1, 1, 1, 1, 1, '2023-03-23 09:07:54', '2023-03-23 09:07:54'),
(111, 1, 1, 1, 1, 1, '2023-03-23 09:08:29', '2023-03-23 09:08:29'),
(112, 1, 1, 1, 1, 1, '2023-03-23 09:09:13', '2023-03-23 09:09:13'),
(113, 1, 1, 1, 1, 1, '2023-03-23 09:10:40', '2023-03-23 09:10:40'),
(114, 1, 1, 1, 1, 1, '2023-03-23 09:11:03', '2023-03-23 09:11:03'),
(115, 1, 1, 1, 1, 1, '2023-03-23 09:11:44', '2023-03-23 09:11:44'),
(116, 1, 1, 1, 1, 1, '2023-03-23 09:13:47', '2023-03-23 09:13:47'),
(117, 1, 1, 1, 1, 1, '2023-03-23 09:14:06', '2023-03-23 09:14:06'),
(118, 1, 1, 1, 1, 1, '2023-03-23 09:14:32', '2023-03-23 09:14:32'),
(119, 1, 1, 1, 1, 1, '2023-03-23 09:15:02', '2023-03-23 09:15:02'),
(120, 1, 1, 1, 1, 1, '2023-03-23 09:17:19', '2023-03-23 09:17:19'),
(121, 1, 1, 1, 1, 1, '2023-03-23 09:17:42', '2023-03-23 09:17:42'),
(122, 1, 1, 1, 1, 1, '2023-03-23 09:19:03', '2023-03-23 09:19:03'),
(123, 1, 1, 1, 1, 1, '2023-03-23 09:23:38', '2023-03-23 09:23:38'),
(124, 1, 1, 1, 1, 1, '2023-03-23 09:24:23', '2023-03-23 09:24:23'),
(125, 1, 1, 1, 1, 1, '2023-03-23 09:24:47', '2023-03-23 09:24:47'),
(126, 1, 1, 1, 1, 1, '2023-03-23 09:24:55', '2023-03-23 09:24:55'),
(127, 1, 1, 1, 1, 1, '2023-03-23 09:25:22', '2023-03-23 09:25:22'),
(128, 1, 1, 1, 1, 1, '2023-03-23 09:26:11', '2023-03-23 09:26:11'),
(129, 1, 1, 1, 1, 1, '2023-03-23 09:26:24', '2023-03-23 09:26:24'),
(130, 1, 1, 1, 1, 1, '2023-03-23 09:26:31', '2023-03-23 09:26:31'),
(131, 1, 1, 1, 1, 1, '2023-03-23 09:26:52', '2023-03-23 09:26:52'),
(132, 1, 1, 1, 1, 1, '2023-03-23 09:27:12', '2023-03-23 09:27:12'),
(133, 1, 1, 1, 1, 1, '2023-03-23 09:27:18', '2023-03-23 09:27:18'),
(134, 1, 1, 1, 1, 1, '2023-03-23 09:27:19', '2023-03-23 09:27:19'),
(135, 1, 1, 1, 1, 1, '2023-03-23 09:27:42', '2023-03-23 09:27:42'),
(136, 1, 1, 1, 1, 1, '2023-03-23 09:28:53', '2023-03-23 09:28:53'),
(137, 1, 1, 1, 1, 1, '2023-03-23 09:29:54', '2023-03-23 09:29:54'),
(138, 1, 1, 1, 1, 1, '2023-03-23 09:32:24', '2023-03-23 09:32:24'),
(139, 1, 1, 1, 1, 1, '2023-03-23 09:34:49', '2023-03-23 09:34:49'),
(140, 1, 1, 1, 1, 1, '2023-03-23 09:36:17', '2023-03-23 09:36:17'),
(141, 1, 1, 1, 1, 1, '2023-03-23 09:39:10', '2023-03-23 09:39:10'),
(142, 1, 1, 1, 1, 1, '2023-03-23 09:39:34', '2023-03-23 09:39:34'),
(143, 1, 1, 1, 1, 1, '2023-03-23 09:39:35', '2023-03-23 09:39:35'),
(144, 1, 1, 1, 1, 1, '2023-03-23 09:39:37', '2023-03-23 09:39:37'),
(145, 1, 1, 1, 1, 1, '2023-03-23 09:39:37', '2023-03-23 09:39:37'),
(146, 1, 1, 1, 1, 1, '2023-03-23 09:39:37', '2023-03-23 09:39:37'),
(147, 1, 1, 1, 1, 1, '2023-03-23 09:39:39', '2023-03-23 09:39:39'),
(148, 1, 1, 1, 1, 1, '2023-03-23 09:39:39', '2023-03-23 09:39:39'),
(149, 1, 1, 1, 1, 1, '2023-03-23 09:39:39', '2023-03-23 09:39:39'),
(150, 1, 1, 1, 1, 1, '2023-03-23 09:39:40', '2023-03-23 09:39:40'),
(151, 1, 1, 1, 1, 1, '2023-03-23 09:39:40', '2023-03-23 09:39:40'),
(152, 1, 1, 1, 1, 1, '2023-03-23 09:39:40', '2023-03-23 09:39:40'),
(153, 1, 1, 1, 1, 1, '2023-03-23 09:39:40', '2023-03-23 09:39:40'),
(154, 1, 1, 1, 1, 1, '2023-03-23 09:39:40', '2023-03-23 09:39:40'),
(155, 1, 1, 1, 1, 1, '2023-03-23 09:39:41', '2023-03-23 09:39:41'),
(156, 1, 1, 1, 1, 1, '2023-03-23 09:39:41', '2023-03-23 09:39:41'),
(157, 1, 1, 1, 1, 1, '2023-03-23 09:39:41', '2023-03-23 09:39:41'),
(158, 1, 1, 1, 1, 1, '2023-03-23 09:39:42', '2023-03-23 09:39:42'),
(159, 1, 1, 1, 1, 1, '2023-03-23 09:39:42', '2023-03-23 09:39:42'),
(160, 1, 1, 1, 1, 1, '2023-03-23 09:39:42', '2023-03-23 09:39:42'),
(161, 1, 1, 1, 1, 1, '2023-03-23 09:39:43', '2023-03-23 09:39:43'),
(162, 1, 1, 1, 1, 1, '2023-03-23 09:39:43', '2023-03-23 09:39:43'),
(163, 1, 1, 1, 1, 1, '2023-03-23 09:39:46', '2023-03-23 09:39:46'),
(164, 1, 1, 1, 1, 1, '2023-03-23 09:39:47', '2023-03-23 09:39:47'),
(165, 1, 1, 1, 1, 1, '2023-03-23 09:39:49', '2023-03-23 09:39:49'),
(166, 1, 1, 1, 1, 1, '2023-03-23 09:41:04', '2023-03-23 09:41:04'),
(167, 1, 1, 1, 1, 1, '2023-03-23 09:41:04', '2023-03-23 09:41:04'),
(168, 1, 1, 1, 1, 1, '2023-03-23 09:41:06', '2023-03-23 09:41:06'),
(169, 1, 1, 1, 1, 1, '2023-03-23 09:41:06', '2023-03-23 09:41:06'),
(170, 1, 1, 1, 1, 1, '2023-03-23 09:41:06', '2023-03-23 09:41:06'),
(171, 1, 1, 1, 1, 1, '2023-03-23 09:41:08', '2023-03-23 09:41:08'),
(172, 1, 1, 1, 1, 1, '2023-03-23 09:41:08', '2023-03-23 09:41:08'),
(173, 1, 1, 1, 1, 1, '2023-03-23 09:41:09', '2023-03-23 09:41:09'),
(174, 1, 1, 1, 1, 1, '2023-03-23 09:41:09', '2023-03-23 09:41:09'),
(175, 1, 1, 1, 1, 1, '2023-03-23 09:41:09', '2023-03-23 09:41:09'),
(176, 1, 1, 1, 1, 1, '2023-03-23 09:41:09', '2023-03-23 09:41:09'),
(177, 1, 1, 1, 1, 1, '2023-03-23 09:41:09', '2023-03-23 09:41:09'),
(178, 1, 1, 1, 1, 1, '2023-03-23 09:41:09', '2023-03-23 09:41:09'),
(179, 1, 1, 1, 1, 1, '2023-03-23 09:41:10', '2023-03-23 09:41:10'),
(180, 1, 1, 1, 1, 1, '2023-03-23 09:41:10', '2023-03-23 09:41:10'),
(181, 1, 1, 1, 1, 1, '2023-03-23 09:41:10', '2023-03-23 09:41:10'),
(182, 1, 1, 1, 1, 1, '2023-03-23 09:41:10', '2023-03-23 09:41:10'),
(183, 1, 1, 1, 1, 1, '2023-03-23 09:41:11', '2023-03-23 09:41:11'),
(184, 1, 1, 1, 1, 1, '2023-03-23 09:41:11', '2023-03-23 09:41:11'),
(185, 1, 1, 1, 1, 1, '2023-03-23 09:41:11', '2023-03-23 09:41:11'),
(186, 1, 1, 1, 1, 1, '2023-03-23 09:41:11', '2023-03-23 09:41:11'),
(187, 1, 1, 1, 1, 1, '2023-03-23 09:41:26', '2023-03-23 09:41:26'),
(188, 1, 1, 1, 1, 1, '2023-03-23 09:41:27', '2023-03-23 09:41:27'),
(189, 1, 1, 1, 1, 1, '2023-03-23 09:41:29', '2023-03-23 09:41:29'),
(190, 1, 1, 1, 1, 1, '2023-03-23 09:41:41', '2023-03-23 09:41:41'),
(191, 1, 1, 1, 1, 1, '2023-03-23 09:46:34', '2023-03-23 09:46:34'),
(192, 1, 1, 1, 1, 1, '2023-03-23 09:46:34', '2023-03-23 09:46:34'),
(193, 1, 1, 1, 1, 1, '2023-03-23 09:46:36', '2023-03-23 09:46:36'),
(194, 1, 1, 1, 1, 1, '2023-03-23 09:46:37', '2023-03-23 09:46:37'),
(195, 1, 1, 1, 1, 1, '2023-03-23 09:46:37', '2023-03-23 09:46:37'),
(196, 1, 1, 1, 1, 1, '2023-03-23 09:46:38', '2023-03-23 09:46:38'),
(197, 1, 1, 1, 1, 1, '2023-03-23 09:46:39', '2023-03-23 09:46:39'),
(198, 1, 1, 1, 1, 1, '2023-03-23 09:46:39', '2023-03-23 09:46:39'),
(199, 1, 1, 1, 1, 1, '2023-03-23 09:46:39', '2023-03-23 09:46:39'),
(200, 1, 1, 1, 1, 1, '2023-03-23 09:46:39', '2023-03-23 09:46:39'),
(201, 1, 1, 1, 1, 1, '2023-03-23 09:46:39', '2023-03-23 09:46:39'),
(202, 1, 1, 1, 1, 1, '2023-03-23 09:46:40', '2023-03-23 09:46:40'),
(203, 1, 1, 1, 1, 1, '2023-03-23 09:46:40', '2023-03-23 09:46:40'),
(204, 1, 1, 1, 1, 1, '2023-03-23 09:46:40', '2023-03-23 09:46:40'),
(205, 1, 1, 1, 1, 1, '2023-03-23 09:46:40', '2023-03-23 09:46:40'),
(206, 1, 1, 1, 1, 1, '2023-03-23 09:46:41', '2023-03-23 09:46:41'),
(207, 1, 1, 1, 1, 1, '2023-03-23 09:46:41', '2023-03-23 09:46:41'),
(208, 1, 1, 1, 1, 1, '2023-03-23 09:46:41', '2023-03-23 09:46:41'),
(209, 1, 1, 1, 1, 1, '2023-03-23 09:46:41', '2023-03-23 09:46:41'),
(210, 1, 1, 1, 1, 1, '2023-03-23 09:46:42', '2023-03-23 09:46:42'),
(211, 1, 1, 1, 1, 1, '2023-03-23 09:46:42', '2023-03-23 09:46:42'),
(212, 1, 1, 1, 1, 1, '2023-03-23 09:46:49', '2023-03-23 09:46:49'),
(213, 1, 1, 1, 1, 1, '2023-03-23 09:46:50', '2023-03-23 09:46:50'),
(214, 1, 1, 1, 1, 1, '2023-03-23 09:46:51', '2023-03-23 09:46:51'),
(215, 1, 1, 1, 1, 1, '2023-03-23 09:46:52', '2023-03-23 09:46:52'),
(216, 1, 1, 1, 1, 1, '2023-03-23 09:47:24', '2023-03-23 09:47:24'),
(217, 1, 1, 1, 1, 1, '2023-03-23 09:47:52', '2023-03-23 09:47:52'),
(218, 1, 1, 1, 1, 1, '2023-03-23 09:51:29', '2023-03-23 09:51:29'),
(219, 1, 1, 1, 1, 1, '2023-03-23 09:51:30', '2023-03-23 09:51:30'),
(220, 1, 1, 1, 1, 1, '2023-03-23 09:51:31', '2023-03-23 09:51:31'),
(221, 1, 1, 1, 1, 1, '2023-03-23 09:51:33', '2023-03-23 09:51:33'),
(222, 1, 1, 1, 1, 1, '2023-03-23 09:52:06', '2023-03-23 09:52:06'),
(223, 1, 1, 1, 1, 1, '2023-03-23 09:52:10', '2023-03-23 09:52:10'),
(224, 1, 1, 1, 1, 1, '2023-03-23 09:54:55', '2023-03-23 09:54:55'),
(225, 1, 1, 1, 1, 1, '2023-03-23 09:55:58', '2023-03-23 09:55:58'),
(226, 1, 1, 1, 1, 1, '2023-03-23 09:56:50', '2023-03-23 09:56:50'),
(227, 1, 1, 1, 1, 1, '2023-03-23 09:57:02', '2023-03-23 09:57:02'),
(228, 1, 1, 1, 1, 1, '2023-03-23 10:02:04', '2023-03-23 10:02:04'),
(229, 1, 1, 1, 1, 1, '2023-03-23 10:02:51', '2023-03-23 10:02:51'),
(230, 1, 1, 1, 1, 1, '2023-03-23 10:03:02', '2023-03-23 10:03:02'),
(231, 1, 1, 1, 1, 1, '2023-03-23 10:03:47', '2023-03-23 10:03:47'),
(232, 1, 1, 1, 1, 1, '2023-03-23 10:03:51', '2023-03-23 10:03:51'),
(233, 1, 1, 1, 1, 1, '2023-03-23 10:03:55', '2023-03-23 10:03:55'),
(234, 1, 1, 1, 1, 1, '2023-03-23 10:03:57', '2023-03-23 10:03:57'),
(235, 1, 1, 1, 1, 1, '2023-03-23 10:04:00', '2023-03-23 10:04:00'),
(236, 1, 1, 1, 1, 1, '2023-03-23 10:04:04', '2023-03-23 10:04:04'),
(237, 1, 1, 1, 1, 1, '2023-03-23 10:04:08', '2023-03-23 10:04:08'),
(238, 1, 1, 1, 1, 1, '2023-03-23 10:04:12', '2023-03-23 10:04:12'),
(239, 1, 1, 1, 1, 1, '2023-03-23 10:05:19', '2023-03-23 10:05:19'),
(240, 1, 1, 1, 1, 1, '2023-03-23 10:05:43', '2023-03-23 10:05:43'),
(241, 1, 1, 1, 1, 1, '2023-03-23 10:06:11', '2023-03-23 10:06:11'),
(242, 1, 1, 1, 1, 1, '2023-03-23 10:06:15', '2023-03-23 10:06:15'),
(243, 1, 1, 1, 1, 1, '2023-03-23 10:06:18', '2023-03-23 10:06:18'),
(244, 1, 1, 1, 1, 1, '2023-03-23 10:06:32', '2023-03-23 10:06:32'),
(245, 1, 1, 1, 1, 1, '2023-03-23 10:06:33', '2023-03-23 10:06:33'),
(246, 1, 1, 1, 1, 1, '2023-03-23 10:06:35', '2023-03-23 10:06:35'),
(247, 1, 1, 1, 1, 1, '2023-03-23 10:06:35', '2023-03-23 10:06:35'),
(248, 1, 1, 1, 1, 1, '2023-03-23 10:06:35', '2023-03-23 10:06:35'),
(249, 1, 1, 1, 1, 1, '2023-03-23 10:06:37', '2023-03-23 10:06:37'),
(250, 1, 1, 1, 1, 1, '2023-03-23 10:06:37', '2023-03-23 10:06:37'),
(251, 1, 1, 1, 1, 1, '2023-03-23 10:06:37', '2023-03-23 10:06:37'),
(252, 1, 1, 1, 1, 1, '2023-03-23 10:06:37', '2023-03-23 10:06:37'),
(253, 1, 1, 1, 1, 1, '2023-03-23 10:06:38', '2023-03-23 10:06:38'),
(254, 1, 1, 1, 1, 1, '2023-03-23 10:06:38', '2023-03-23 10:06:38'),
(255, 1, 1, 1, 1, 1, '2023-03-23 10:06:38', '2023-03-23 10:06:38'),
(256, 1, 1, 1, 1, 1, '2023-03-23 10:06:38', '2023-03-23 10:06:38'),
(257, 1, 1, 1, 1, 1, '2023-03-23 10:06:38', '2023-03-23 10:06:38'),
(258, 1, 1, 1, 1, 1, '2023-03-23 10:06:39', '2023-03-23 10:06:39'),
(259, 1, 1, 1, 1, 1, '2023-03-23 10:06:39', '2023-03-23 10:06:39'),
(260, 1, 1, 1, 1, 1, '2023-03-23 10:06:39', '2023-03-23 10:06:39'),
(261, 1, 1, 1, 1, 1, '2023-03-23 10:06:39', '2023-03-23 10:06:39'),
(262, 1, 1, 1, 1, 1, '2023-03-23 10:06:39', '2023-03-23 10:06:39'),
(263, 1, 1, 1, 1, 1, '2023-03-23 10:06:40', '2023-03-23 10:06:40'),
(264, 1, 1, 1, 1, 1, '2023-03-23 10:06:40', '2023-03-23 10:06:40'),
(265, 1, 1, 1, 1, 1, '2023-03-23 10:06:57', '2023-03-23 10:06:57'),
(266, 1, 1, 1, 1, 1, '2023-03-23 10:06:57', '2023-03-23 10:06:57'),
(267, 1, 1, 1, 1, 1, '2023-03-23 10:07:10', '2023-03-23 10:07:10'),
(268, 1, 1, 1, 1, 1, '2023-03-23 10:07:10', '2023-03-23 10:07:10'),
(269, 1, 1, 1, 1, 1, '2023-03-23 10:07:11', '2023-03-23 10:07:11'),
(270, 1, 1, 1, 1, 1, '2023-03-23 10:07:16', '2023-03-23 10:07:16'),
(271, 1, 1, 1, 1, 1, '2023-03-23 10:15:58', '2023-03-23 10:15:58'),
(272, 1, 1, 1, 1, 1, '2023-03-23 10:16:57', '2023-03-23 10:16:57'),
(273, 1, 1, 1, 1, 1, '2023-03-23 10:17:49', '2023-03-23 10:17:49'),
(274, 1, 1, 1, 1, 1, '2023-03-27 02:23:47', '2023-03-27 02:23:47'),
(275, 1, 1, 1, 1, 1, '2023-03-27 02:23:47', '2023-03-27 02:23:47'),
(276, 1, 1, 1, 1, 1, '2023-03-27 02:23:49', '2023-03-27 02:23:49'),
(277, 1, 1, 1, 1, 1, '2023-03-27 02:23:49', '2023-03-27 02:23:49'),
(278, 1, 1, 1, 1, 1, '2023-03-27 02:23:50', '2023-03-27 02:23:50'),
(279, 1, 1, 1, 1, 1, '2023-03-27 02:23:50', '2023-03-27 02:23:50'),
(280, 1, 1, 1, 1, 1, '2023-03-27 02:23:50', '2023-03-27 02:23:50'),
(281, 1, 1, 1, 1, 1, '2023-03-27 02:24:45', '2023-03-27 02:24:45'),
(282, 1, 1, 1, 1, 1, '2023-03-27 02:24:53', '2023-03-27 02:24:53'),
(283, 1, 1, 1, 1, 1, '2023-03-27 02:24:54', '2023-03-27 02:24:54'),
(284, 1, 1, 1, 1, 1, '2023-03-27 02:24:56', '2023-03-27 02:24:56'),
(285, 1, 1, 1, 1, 1, '2023-03-27 02:24:56', '2023-03-27 02:24:56'),
(286, 1, 1, 1, 1, 1, '2023-03-27 02:24:57', '2023-03-27 02:24:57'),
(287, 1, 1, 1, 1, 1, '2023-03-27 02:24:57', '2023-03-27 02:24:57'),
(288, 1, 1, 1, 1, 1, '2023-03-27 02:24:57', '2023-03-27 02:24:57'),
(289, 1, 1, 1, 1, 1, '2023-03-27 02:41:34', '2023-03-27 02:41:34'),
(290, 1, 1, 1, 1, 1, '2023-03-27 02:41:34', '2023-03-27 02:41:34'),
(291, 1, 1, 1, 1, 1, '2023-03-27 02:41:36', '2023-03-27 02:41:36'),
(292, 1, 1, 1, 1, 1, '2023-03-27 02:41:37', '2023-03-27 02:41:37'),
(293, 1, 1, 1, 1, 1, '2023-03-27 02:41:37', '2023-03-27 02:41:37'),
(294, 1, 1, 1, 1, 1, '2023-03-27 02:41:37', '2023-03-27 02:41:37'),
(295, 1, 1, 1, 1, 1, '2023-03-27 02:41:37', '2023-03-27 02:41:37'),
(296, 1, 1, 1, 1, 1, '2023-03-27 02:45:19', '2023-03-27 02:45:19'),
(297, 1, 1, 1, 1, 1, '2023-03-27 02:45:19', '2023-03-27 02:45:19'),
(298, 1, 1, 1, 1, 1, '2023-03-27 02:45:21', '2023-03-27 02:45:21'),
(299, 1, 1, 1, 1, 1, '2023-03-27 02:45:21', '2023-03-27 02:45:21'),
(300, 1, 1, 1, 1, 1, '2023-03-27 02:45:21', '2023-03-27 02:45:21'),
(301, 1, 1, 1, 1, 1, '2023-03-27 02:45:22', '2023-03-27 02:45:22'),
(302, 1, 1, 1, 1, 1, '2023-03-27 02:45:22', '2023-03-27 02:45:22'),
(303, 1, 1, 1, 1, 1, '2023-03-27 02:48:01', '2023-03-27 02:48:01'),
(304, 1, 1, 1, 1, 1, '2023-03-27 02:48:01', '2023-03-27 02:48:01'),
(305, 1, 1, 1, 1, 1, '2023-03-27 02:48:03', '2023-03-27 02:48:03'),
(306, 1, 1, 1, 1, 1, '2023-03-27 02:48:04', '2023-03-27 02:48:04'),
(307, 1, 1, 1, 1, 1, '2023-03-27 02:48:04', '2023-03-27 02:48:04'),
(308, 1, 1, 1, 1, 1, '2023-03-27 02:48:04', '2023-03-27 02:48:04'),
(309, 1, 1, 1, 1, 1, '2023-03-27 02:48:04', '2023-03-27 02:48:04'),
(310, 1, 1, 1, 1, 1, '2023-03-27 03:05:57', '2023-03-27 03:05:57'),
(311, 1, 1, 1, 1, 1, '2023-03-27 03:05:57', '2023-03-27 03:05:57'),
(312, 1, 1, 1, 1, 1, '2023-03-27 03:05:59', '2023-03-27 03:05:59'),
(313, 1, 1, 1, 1, 1, '2023-03-27 03:06:00', '2023-03-27 03:06:00'),
(314, 1, 1, 1, 1, 1, '2023-03-27 03:06:00', '2023-03-27 03:06:00'),
(315, 1, 1, 1, 1, 1, '2023-03-27 03:06:00', '2023-03-27 03:06:00'),
(316, 1, 1, 1, 1, 1, '2023-03-27 03:06:00', '2023-03-27 03:06:00'),
(317, 1, 1, 1, 1, 1, '2023-03-27 03:06:01', '2023-03-27 03:06:01'),
(318, 1, 1, 1, 1, 1, '2023-03-27 03:06:01', '2023-03-27 03:06:01'),
(319, 1, 1, 1, 1, 1, '2023-03-27 03:06:01', '2023-03-27 03:06:01'),
(320, 1, 1, 1, 1, 1, '2023-03-27 03:06:01', '2023-03-27 03:06:01'),
(321, 1, 1, 1, 1, 1, '2023-03-27 03:06:01', '2023-03-27 03:06:01'),
(322, 1, 1, 1, 1, 1, '2023-03-27 03:06:01', '2023-03-27 03:06:01'),
(323, 1, 1, 1, 1, 1, '2023-03-27 03:06:02', '2023-03-27 03:06:02'),
(324, 1, 1, 1, 1, 1, '2023-03-27 03:06:02', '2023-03-27 03:06:02'),
(325, 1, 1, 1, 1, 1, '2023-03-27 03:06:02', '2023-03-27 03:06:02'),
(326, 1, 1, 1, 1, 1, '2023-03-27 03:06:02', '2023-03-27 03:06:02'),
(327, 1, 1, 1, 1, 1, '2023-03-27 03:06:02', '2023-03-27 03:06:02'),
(328, 1, 1, 1, 1, 1, '2023-03-27 03:06:03', '2023-03-27 03:06:03'),
(329, 1, 1, 1, 1, 1, '2023-03-27 03:06:03', '2023-03-27 03:06:03'),
(330, 1, 1, 1, 1, 1, '2023-03-27 03:06:03', '2023-03-27 03:06:03'),
(331, 1, 1, 1, 1, 1, '2023-03-27 03:12:14', '2023-03-27 03:12:14'),
(332, 1, 1, 1, 1, 1, '2023-03-27 03:12:15', '2023-03-27 03:12:15'),
(333, 1, 1, 1, 1, 1, '2023-03-27 03:12:17', '2023-03-27 03:12:17'),
(334, 1, 1, 1, 1, 1, '2023-03-27 03:12:17', '2023-03-27 03:12:17'),
(335, 1, 1, 1, 1, 1, '2023-03-27 03:12:17', '2023-03-27 03:12:17'),
(336, 1, 1, 1, 1, 1, '2023-03-27 03:12:17', '2023-03-27 03:12:17'),
(337, 1, 1, 1, 1, 1, '2023-03-27 03:12:18', '2023-03-27 03:12:18'),
(338, 1, 1, 1, 1, 1, '2023-03-27 03:12:18', '2023-03-27 03:12:18'),
(339, 1, 1, 1, 1, 1, '2023-03-27 03:12:18', '2023-03-27 03:12:18'),
(340, 1, 1, 1, 1, 1, '2023-03-27 03:12:18', '2023-03-27 03:12:18'),
(341, 1, 1, 1, 1, 1, '2023-03-27 03:12:18', '2023-03-27 03:12:18'),
(342, 1, 1, 1, 1, 1, '2023-03-27 03:12:18', '2023-03-27 03:12:18'),
(343, 1, 1, 1, 1, 1, '2023-03-27 03:12:19', '2023-03-27 03:12:19'),
(344, 1, 1, 1, 1, 1, '2023-03-27 03:12:19', '2023-03-27 03:12:19'),
(345, 1, 1, 1, 1, 1, '2023-03-27 03:12:19', '2023-03-27 03:12:19'),
(346, 1, 1, 1, 1, 1, '2023-03-27 03:12:19', '2023-03-27 03:12:19'),
(347, 1, 1, 1, 1, 1, '2023-03-27 03:12:19', '2023-03-27 03:12:19'),
(348, 1, 1, 1, 1, 1, '2023-03-27 03:12:20', '2023-03-27 03:12:20'),
(349, 1, 1, 1, 1, 1, '2023-03-27 03:12:20', '2023-03-27 03:12:20'),
(350, 1, 1, 1, 1, 1, '2023-03-27 03:12:20', '2023-03-27 03:12:20'),
(351, 1, 1, 1, 1, 1, '2023-03-27 03:12:20', '2023-03-27 03:12:20'),
(352, 1, 1, 1, 1, 1, '2023-03-27 03:43:15', '2023-03-27 03:43:15'),
(353, 1, 1, 1, 1, 1, '2023-03-27 03:43:56', '2023-03-27 03:43:56'),
(354, 1, 1, 1, 1, 1, '2023-03-27 03:44:44', '2023-03-27 03:44:44'),
(355, 1, 1, 1, 1, 1, '2023-03-27 03:44:56', '2023-03-27 03:44:56'),
(356, 1, 1, 1, 1, 1, '2023-03-27 03:45:26', '2023-03-27 03:45:26'),
(357, 1, 1, 1, 1, 1, '2023-03-27 03:47:01', '2023-03-27 03:47:01'),
(358, 1, 1, 1, 1, 1, '2023-03-27 03:47:01', '2023-03-27 03:47:01'),
(359, 1, 1, 1, 1, 1, '2023-03-27 03:47:02', '2023-03-27 03:47:02'),
(360, 1, 1, 1, 1, 1, '2023-03-27 03:47:02', '2023-03-27 03:47:02'),
(361, 1, 1, 1, 1, 1, '2023-03-27 03:47:03', '2023-03-27 03:47:03'),
(362, 1, 1, 1, 1, 1, '2023-03-27 03:47:05', '2023-03-27 03:47:05'),
(363, 1, 1, 1, 1, 1, '2023-03-27 03:47:05', '2023-03-27 03:47:05'),
(364, 1, 1, 1, 1, 1, '2023-03-27 03:47:32', '2023-03-27 03:47:32'),
(365, 1, 1, 1, 1, 1, '2023-03-27 03:47:35', '2023-03-27 03:47:35'),
(366, 1, 1, 1, 1, 1, '2023-03-27 03:47:35', '2023-03-27 03:47:35'),
(367, 1, 1, 1, 1, 1, '2023-03-27 03:47:35', '2023-03-27 03:47:35'),
(368, 1, 1, 1, 1, 1, '2023-03-27 03:47:35', '2023-03-27 03:47:35'),
(369, 1, 1, 1, 1, 1, '2023-03-27 03:47:35', '2023-03-27 03:47:35'),
(370, 1, 1, 1, 1, 1, '2023-03-27 03:47:36', '2023-03-27 03:47:36'),
(371, 1, 1, 1, 1, 1, '2023-03-27 03:47:36', '2023-03-27 03:47:36'),
(372, 1, 1, 1, 1, 1, '2023-03-27 03:47:58', '2023-03-27 03:47:58'),
(373, 1, 1, 1, 1, 1, '2023-03-27 03:48:19', '2023-03-27 03:48:19'),
(374, 1, 1, 1, 1, 1, '2023-03-27 03:48:41', '2023-03-27 03:48:41'),
(375, 1, 1, 1, 1, 1, '2023-03-27 03:48:41', '2023-03-27 03:48:41'),
(376, 1, 1, 1, 1, 1, '2023-03-27 03:48:42', '2023-03-27 03:48:42'),
(377, 1, 1, 1, 1, 1, '2023-03-27 03:48:42', '2023-03-27 03:48:42'),
(378, 1, 1, 1, 1, 1, '2023-03-27 03:48:42', '2023-03-27 03:48:42'),
(379, 1, 1, 1, 1, 1, '2023-03-27 03:48:42', '2023-03-27 03:48:42'),
(380, 1, 1, 1, 1, 1, '2023-03-27 03:48:42', '2023-03-27 03:48:42'),
(381, 1, 1, 1, 1, 1, '2023-03-27 03:48:42', '2023-03-27 03:48:42'),
(382, 1, 1, 1, 1, 1, '2023-03-27 03:48:43', '2023-03-27 03:48:43'),
(383, 1, 1, 1, 1, 1, '2023-03-27 03:48:43', '2023-03-27 03:48:43'),
(384, 1, 1, 1, 1, 1, '2023-03-27 03:48:43', '2023-03-27 03:48:43'),
(385, 1, 1, 1, 1, 1, '2023-03-27 03:48:43', '2023-03-27 03:48:43'),
(386, 1, 1, 1, 1, 1, '2023-03-27 03:48:43', '2023-03-27 03:48:43'),
(387, 1, 1, 1, 1, 1, '2023-03-27 03:48:43', '2023-03-27 03:48:43'),
(388, 1, 1, 1, 1, 1, '2023-03-27 03:48:44', '2023-03-27 03:48:44'),
(389, 1, 1, 1, 1, 1, '2023-03-27 03:48:44', '2023-03-27 03:48:44'),
(390, 1, 1, 1, 1, 1, '2023-03-27 03:48:44', '2023-03-27 03:48:44'),
(391, 1, 1, 1, 1, 1, '2023-03-27 03:48:44', '2023-03-27 03:48:44'),
(392, 1, 1, 1, 1, 1, '2023-03-27 03:48:44', '2023-03-27 03:48:44'),
(393, 1, 1, 1, 1, 1, '2023-03-27 03:48:45', '2023-03-27 03:48:45'),
(394, 1, 1, 1, 1, 1, '2023-03-27 03:48:45', '2023-03-27 03:48:45'),
(395, 1, 1, 1, 1, 1, '2023-03-27 03:48:45', '2023-03-27 03:48:45'),
(396, 1, 1, 1, 1, 1, '2023-03-27 03:49:26', '2023-03-27 03:49:26'),
(397, 1, 1, 1, 1, 1, '2023-03-27 03:49:26', '2023-03-27 03:49:26'),
(398, 1, 1, 1, 1, 1, '2023-03-27 03:49:29', '2023-03-27 03:49:29'),
(399, 1, 1, 1, 1, 1, '2023-03-27 03:49:29', '2023-03-27 03:49:29'),
(400, 1, 1, 1, 1, 1, '2023-03-27 03:49:29', '2023-03-27 03:49:29'),
(401, 1, 1, 1, 1, 1, '2023-03-27 03:49:29', '2023-03-27 03:49:29'),
(402, 1, 1, 1, 1, 1, '2023-03-27 03:49:29', '2023-03-27 03:49:29'),
(403, 1, 1, 1, 1, 1, '2023-03-27 03:49:30', '2023-03-27 03:49:30'),
(404, 1, 1, 1, 1, 1, '2023-03-27 03:49:30', '2023-03-27 03:49:30'),
(405, 1, 1, 1, 1, 1, '2023-03-27 03:49:30', '2023-03-27 03:49:30'),
(406, 1, 1, 1, 1, 1, '2023-03-27 03:49:30', '2023-03-27 03:49:30'),
(407, 1, 1, 1, 1, 1, '2023-03-27 03:49:30', '2023-03-27 03:49:30'),
(408, 1, 1, 1, 1, 1, '2023-03-27 03:49:30', '2023-03-27 03:49:30'),
(409, 1, 1, 1, 1, 1, '2023-03-27 03:49:31', '2023-03-27 03:49:31'),
(410, 1, 1, 1, 1, 1, '2023-03-27 03:49:31', '2023-03-27 03:49:31'),
(411, 1, 1, 1, 1, 1, '2023-03-27 03:49:31', '2023-03-27 03:49:31'),
(412, 1, 1, 1, 1, 1, '2023-03-27 03:49:31', '2023-03-27 03:49:31'),
(413, 1, 1, 1, 1, 1, '2023-03-27 03:49:31', '2023-03-27 03:49:31'),
(414, 1, 1, 1, 1, 1, '2023-03-27 03:49:31', '2023-03-27 03:49:31'),
(415, 1, 1, 1, 1, 1, '2023-03-27 03:49:32', '2023-03-27 03:49:32'),
(416, 1, 1, 1, 1, 1, '2023-03-27 03:49:32', '2023-03-27 03:49:32'),
(417, 1, 1, 1, 1, 1, '2023-03-27 03:50:49', '2023-03-27 03:50:49'),
(418, 1, 1, 1, 1, 1, '2023-03-27 03:50:49', '2023-03-27 03:50:49'),
(419, 1, 1, 1, 1, 1, '2023-03-27 03:50:49', '2023-03-27 03:50:49'),
(420, 1, 1, 1, 1, 1, '2023-03-27 03:50:49', '2023-03-27 03:50:49'),
(421, 1, 1, 1, 1, 1, '2023-03-27 03:50:50', '2023-03-27 03:50:50'),
(422, 1, 1, 1, 1, 1, '2023-03-27 03:50:50', '2023-03-27 03:50:50'),
(423, 1, 1, 1, 1, 1, '2023-03-27 03:50:50', '2023-03-27 03:50:50'),
(424, 1, 1, 1, 1, 1, '2023-03-27 03:50:50', '2023-03-27 03:50:50'),
(425, 1, 1, 1, 1, 1, '2023-03-27 03:51:21', '2023-03-27 03:51:21'),
(426, 1, 1, 1, 1, 1, '2023-03-27 03:51:22', '2023-03-27 03:51:22'),
(427, 1, 1, 1, 1, 1, '2023-03-27 03:51:24', '2023-03-27 03:51:24'),
(428, 1, 1, 1, 1, 1, '2023-03-27 03:51:24', '2023-03-27 03:51:24'),
(429, 1, 1, 1, 1, 1, '2023-03-27 03:51:24', '2023-03-27 03:51:24'),
(430, 1, 1, 1, 1, 1, '2023-03-27 03:51:25', '2023-03-27 03:51:25'),
(431, 1, 1, 1, 1, 1, '2023-03-27 03:51:25', '2023-03-27 03:51:25'),
(432, 1, 1, 1, 1, 1, '2023-03-27 03:51:25', '2023-03-27 03:51:25'),
(433, 1, 1, 1, 1, 1, '2023-03-27 03:51:25', '2023-03-27 03:51:25'),
(434, 1, 1, 1, 1, 1, '2023-03-27 03:51:25', '2023-03-27 03:51:25'),
(435, 1, 1, 1, 1, 1, '2023-03-27 03:51:25', '2023-03-27 03:51:25'),
(436, 1, 1, 1, 1, 1, '2023-03-27 03:51:26', '2023-03-27 03:51:26'),
(437, 1, 1, 1, 1, 1, '2023-03-27 03:51:26', '2023-03-27 03:51:26'),
(438, 1, 1, 1, 1, 1, '2023-03-27 03:51:26', '2023-03-27 03:51:26'),
(439, 1, 1, 1, 1, 1, '2023-03-27 03:51:26', '2023-03-27 03:51:26'),
(440, 1, 1, 1, 1, 1, '2023-03-27 03:51:26', '2023-03-27 03:51:26'),
(441, 1, 1, 1, 1, 1, '2023-03-27 03:51:26', '2023-03-27 03:51:26'),
(442, 1, 1, 1, 1, 1, '2023-03-27 03:51:27', '2023-03-27 03:51:27'),
(443, 1, 1, 1, 1, 1, '2023-03-27 03:51:27', '2023-03-27 03:51:27'),
(444, 1, 1, 1, 1, 1, '2023-03-27 03:51:27', '2023-03-27 03:51:27'),
(445, 1, 1, 1, 1, 1, '2023-03-27 03:51:27', '2023-03-27 03:51:27'),
(446, 1, 1, 1, 1, 1, '2023-03-27 03:52:09', '2023-03-27 03:52:09'),
(447, 1, 1, 1, 1, 1, '2023-03-27 03:55:07', '2023-03-27 03:55:07'),
(448, 1, 1, 1, 1, 1, '2023-03-27 03:55:26', '2023-03-27 03:55:26'),
(449, 1, 1, 1, 1, 1, '2023-03-27 03:55:33', '2023-03-27 03:55:33'),
(450, 1, 1, 1, 1, 1, '2023-03-27 03:56:05', '2023-03-27 03:56:05'),
(451, 1, 1, 1, 1, 1, '2023-03-27 03:56:15', '2023-03-27 03:56:15'),
(452, 1, 1, 1, 1, 1, '2023-03-27 04:00:16', '2023-03-27 04:00:16'),
(453, 1, 1, 1, 1, 1, '2023-03-27 04:00:16', '2023-03-27 04:00:16'),
(454, 1, 1, 1, 1, 1, '2023-03-27 04:00:38', '2023-03-27 04:00:38'),
(455, 1, 1, 1, 1, 1, '2023-03-27 04:00:53', '2023-03-27 04:00:53'),
(456, 1, 1, 1, 1, 1, '2023-03-27 04:01:00', '2023-03-27 04:01:00'),
(457, 1, 1, 1, 1, 1, '2023-03-27 04:01:08', '2023-03-27 04:01:08'),
(458, 1, 1, 1, 1, 1, '2023-03-27 04:01:14', '2023-03-27 04:01:14'),
(459, 1, 1, 1, 1, 1, '2023-03-27 04:10:54', '2023-03-27 04:10:54'),
(460, 1, 1, 1, 1, 1, '2023-03-27 04:11:08', '2023-03-27 04:11:08'),
(461, 1, 1, 1, 1, 1, '2023-03-27 04:12:28', '2023-03-27 04:12:28'),
(462, 1, 1, 1, 1, 1, '2023-03-27 04:12:28', '2023-03-27 04:12:28'),
(463, 1, 1, 1, 1, 1, '2023-03-27 04:12:30', '2023-03-27 04:12:30'),
(464, 1, 1, 1, 1, 1, '2023-03-27 04:12:30', '2023-03-27 04:12:30'),
(465, 1, 1, 1, 1, 1, '2023-03-27 04:12:31', '2023-03-27 04:12:31'),
(466, 1, 1, 1, 1, 1, '2023-03-27 04:12:31', '2023-03-27 04:12:31'),
(467, 1, 1, 1, 1, 1, '2023-03-27 04:12:31', '2023-03-27 04:12:31'),
(468, 1, 1, 1, 1, 1, '2023-03-27 04:12:31', '2023-03-27 04:12:31'),
(469, 1, 1, 1, 1, 1, '2023-03-27 04:12:31', '2023-03-27 04:12:31'),
(470, 1, 1, 1, 1, 1, '2023-03-27 04:12:32', '2023-03-27 04:12:32'),
(471, 1, 1, 1, 1, 1, '2023-03-27 04:12:32', '2023-03-27 04:12:32'),
(472, 1, 1, 1, 1, 1, '2023-03-27 04:12:32', '2023-03-27 04:12:32'),
(473, 1, 1, 1, 1, 1, '2023-03-27 04:12:32', '2023-03-27 04:12:32'),
(474, 1, 1, 1, 1, 1, '2023-03-27 04:12:32', '2023-03-27 04:12:32'),
(475, 1, 1, 1, 1, 1, '2023-03-27 04:12:32', '2023-03-27 04:12:32'),
(476, 1, 1, 1, 1, 1, '2023-03-27 04:12:33', '2023-03-27 04:12:33'),
(477, 1, 1, 1, 1, 1, '2023-03-27 04:12:33', '2023-03-27 04:12:33'),
(478, 1, 1, 1, 1, 1, '2023-03-27 04:12:33', '2023-03-27 04:12:33'),
(479, 1, 1, 1, 1, 1, '2023-03-27 04:12:33', '2023-03-27 04:12:33'),
(480, 1, 1, 1, 1, 1, '2023-03-27 04:12:33', '2023-03-27 04:12:33'),
(481, 1, 1, 1, 1, 1, '2023-03-27 04:12:34', '2023-03-27 04:12:34'),
(482, 1, 1, 1, 1, 1, '2023-03-27 04:13:48', '2023-03-27 04:13:48'),
(483, 1, 1, 1, 1, 1, '2023-03-27 04:13:49', '2023-03-27 04:13:49'),
(484, 1, 1, 1, 1, 1, '2023-03-27 04:13:51', '2023-03-27 04:13:51'),
(485, 1, 1, 1, 1, 1, '2023-03-27 04:13:51', '2023-03-27 04:13:51'),
(486, 1, 1, 1, 1, 1, '2023-03-27 04:13:51', '2023-03-27 04:13:51'),
(487, 1, 1, 1, 1, 1, '2023-03-27 04:13:51', '2023-03-27 04:13:51'),
(488, 1, 1, 1, 1, 1, '2023-03-27 04:13:51', '2023-03-27 04:13:51'),
(489, 1, 1, 1, 1, 1, '2023-03-27 04:13:51', '2023-03-27 04:13:51'),
(490, 1, 1, 1, 1, 1, '2023-03-27 04:13:51', '2023-03-27 04:13:51'),
(491, 1, 1, 1, 1, 1, '2023-03-27 04:13:52', '2023-03-27 04:13:52'),
(492, 1, 1, 1, 1, 1, '2023-03-27 04:13:52', '2023-03-27 04:13:52'),
(493, 1, 1, 1, 1, 1, '2023-03-27 04:13:52', '2023-03-27 04:13:52'),
(494, 1, 1, 1, 1, 1, '2023-03-27 04:13:52', '2023-03-27 04:13:52'),
(495, 1, 1, 1, 1, 1, '2023-03-27 04:13:54', '2023-03-27 04:13:54'),
(496, 1, 1, 1, 1, 1, '2023-03-27 04:13:55', '2023-03-27 04:13:55'),
(497, 1, 1, 1, 1, 1, '2023-03-27 04:13:56', '2023-03-27 04:13:56'),
(498, 1, 1, 1, 1, 1, '2023-03-27 04:13:56', '2023-03-27 04:13:56'),
(499, 1, 1, 1, 1, 1, '2023-03-27 04:13:56', '2023-03-27 04:13:56'),
(500, 1, 1, 1, 1, 1, '2023-03-27 04:13:56', '2023-03-27 04:13:56'),
(501, 1, 1, 1, 1, 1, '2023-03-27 04:13:57', '2023-03-27 04:13:57'),
(502, 1, 1, 1, 1, 1, '2023-03-27 04:14:14', '2023-03-27 04:14:14'),
(503, 1, 1, 1, 1, 1, '2023-03-27 04:14:14', '2023-03-27 04:14:14'),
(504, 1, 1, 1, 1, 1, '2023-03-27 04:14:14', '2023-03-27 04:14:14'),
(505, 1, 1, 1, 1, 1, '2023-03-27 04:14:14', '2023-03-27 04:14:14'),
(506, 1, 1, 1, 1, 1, '2023-03-27 04:14:15', '2023-03-27 04:14:15'),
(507, 1, 1, 1, 1, 1, '2023-03-27 04:14:15', '2023-03-27 04:14:15'),
(508, 1, 1, 1, 1, 1, '2023-03-27 04:14:15', '2023-03-27 04:14:15'),
(509, 1, 1, 1, 1, 1, '2023-03-27 04:14:15', '2023-03-27 04:14:15'),
(510, 1, 1, 1, 1, 1, '2023-03-27 04:14:15', '2023-03-27 04:14:15'),
(511, 1, 1, 1, 1, 1, '2023-03-27 04:14:15', '2023-03-27 04:14:15'),
(512, 1, 1, 1, 1, 1, '2023-03-27 04:14:15', '2023-03-27 04:14:15'),
(513, 1, 1, 1, 1, 1, '2023-03-27 04:14:16', '2023-03-27 04:14:16'),
(514, 1, 1, 1, 1, 1, '2023-03-27 04:14:16', '2023-03-27 04:14:16'),
(515, 1, 1, 1, 1, 1, '2023-03-27 04:14:16', '2023-03-27 04:14:16'),
(516, 1, 1, 1, 1, 1, '2023-03-27 04:14:16', '2023-03-27 04:14:16'),
(517, 1, 1, 1, 1, 1, '2023-03-27 04:14:16', '2023-03-27 04:14:16'),
(518, 1, 1, 1, 1, 1, '2023-03-27 04:14:17', '2023-03-27 04:14:17'),
(519, 1, 1, 1, 1, 1, '2023-03-27 04:14:17', '2023-03-27 04:14:17'),
(520, 1, 1, 1, 1, 1, '2023-03-27 04:14:17', '2023-03-27 04:14:17'),
(521, 1, 1, 1, 1, 1, '2023-03-27 04:14:17', '2023-03-27 04:14:17'),
(522, 1, 1, 1, 1, 1, '2023-03-27 04:14:36', '2023-03-27 04:14:36'),
(523, 1, 1, 1, 1, 1, '2023-03-27 04:14:36', '2023-03-27 04:14:36'),
(524, 1, 1, 1, 1, 1, '2023-03-27 04:14:36', '2023-03-27 04:14:36'),
(525, 1, 1, 1, 1, 1, '2023-03-27 04:14:36', '2023-03-27 04:14:36'),
(526, 1, 1, 1, 1, 1, '2023-03-27 04:14:37', '2023-03-27 04:14:37'),
(527, 1, 1, 1, 1, 1, '2023-03-27 04:14:52', '2023-03-27 04:14:52'),
(528, 1, 1, 1, 1, 1, '2023-03-27 04:14:53', '2023-03-27 04:14:53'),
(529, 1, 1, 1, 1, 1, '2023-03-27 04:14:55', '2023-03-27 04:14:55'),
(530, 1, 1, 1, 1, 1, '2023-03-27 04:14:55', '2023-03-27 04:14:55'),
(531, 1, 1, 1, 1, 1, '2023-03-27 04:14:56', '2023-03-27 04:14:56'),
(532, 1, 1, 1, 1, 1, '2023-03-27 04:14:56', '2023-03-27 04:14:56'),
(533, 1, 1, 1, 1, 1, '2023-03-27 04:14:56', '2023-03-27 04:14:56'),
(534, 1, 1, 1, 1, 1, '2023-03-27 04:14:56', '2023-03-27 04:14:56'),
(535, 1, 1, 1, 1, 1, '2023-03-27 04:14:56', '2023-03-27 04:14:56'),
(536, 1, 1, 1, 1, 1, '2023-03-27 04:14:56', '2023-03-27 04:14:56'),
(537, 1, 1, 1, 1, 1, '2023-03-27 04:14:57', '2023-03-27 04:14:57'),
(538, 1, 1, 1, 1, 1, '2023-03-27 04:14:57', '2023-03-27 04:14:57'),
(539, 1, 1, 1, 1, 1, '2023-03-27 04:14:57', '2023-03-27 04:14:57'),
(540, 1, 1, 1, 1, 1, '2023-03-27 04:14:57', '2023-03-27 04:14:57'),
(541, 1, 1, 1, 1, 1, '2023-03-27 04:14:57', '2023-03-27 04:14:57'),
(542, 1, 1, 1, 1, 1, '2023-03-27 04:14:58', '2023-03-27 04:14:58'),
(543, 1, 1, 1, 1, 1, '2023-03-27 04:14:58', '2023-03-27 04:14:58'),
(544, 1, 1, 1, 1, 1, '2023-03-27 04:14:58', '2023-03-27 04:14:58'),
(545, 1, 1, 1, 1, 1, '2023-03-27 04:14:58', '2023-03-27 04:14:58'),
(546, 1, 1, 1, 1, 1, '2023-03-27 04:15:10', '2023-03-27 04:15:10'),
(547, 1, 1, 1, 1, 1, '2023-03-27 04:15:10', '2023-03-27 04:15:10'),
(548, 1, 1, 1, 1, 1, '2023-03-27 04:15:13', '2023-03-27 04:15:13'),
(549, 1, 1, 1, 1, 1, '2023-03-27 04:15:13', '2023-03-27 04:15:13'),
(550, 1, 1, 1, 1, 1, '2023-03-27 04:15:13', '2023-03-27 04:15:13'),
(551, 1, 1, 1, 1, 1, '2023-03-27 04:15:13', '2023-03-27 04:15:13'),
(552, 1, 1, 1, 1, 1, '2023-03-27 04:15:13', '2023-03-27 04:15:13'),
(553, 1, 1, 1, 1, 1, '2023-03-27 04:15:14', '2023-03-27 04:15:14'),
(554, 1, 1, 1, 1, 1, '2023-03-27 04:15:14', '2023-03-27 04:15:14'),
(555, 1, 1, 1, 1, 1, '2023-03-27 04:15:14', '2023-03-27 04:15:14'),
(556, 1, 1, 1, 1, 1, '2023-03-27 04:15:14', '2023-03-27 04:15:14'),
(557, 1, 1, 1, 1, 1, '2023-03-27 04:15:14', '2023-03-27 04:15:14'),
(558, 1, 1, 1, 1, 1, '2023-03-27 04:15:14', '2023-03-27 04:15:14'),
(559, 1, 1, 1, 1, 1, '2023-03-27 04:15:15', '2023-03-27 04:15:15'),
(560, 1, 1, 1, 1, 1, '2023-03-27 04:15:15', '2023-03-27 04:15:15'),
(561, 1, 1, 1, 1, 1, '2023-03-27 04:15:15', '2023-03-27 04:15:15'),
(562, 1, 1, 1, 1, 1, '2023-03-27 04:15:15', '2023-03-27 04:15:15'),
(563, 1, 1, 1, 1, 1, '2023-03-27 04:15:16', '2023-03-27 04:15:16'),
(564, 1, 1, 1, 1, 1, '2023-03-27 04:15:16', '2023-03-27 04:15:16'),
(565, 1, 1, 1, 1, 1, '2023-03-27 04:15:30', '2023-03-27 04:15:30'),
(566, 1, 1, 1, 1, 1, '2023-03-27 04:16:03', '2023-03-27 04:16:03'),
(567, 1, 1, 1, 1, 1, '2023-03-27 04:16:04', '2023-03-27 04:16:04'),
(568, 1, 1, 1, 1, 1, '2023-03-27 04:16:06', '2023-03-27 04:16:06'),
(569, 1, 1, 1, 1, 1, '2023-03-27 04:16:06', '2023-03-27 04:16:06'),
(570, 1, 1, 1, 1, 1, '2023-03-27 04:16:06', '2023-03-27 04:16:06'),
(571, 1, 1, 1, 1, 1, '2023-03-27 04:16:07', '2023-03-27 04:16:07'),
(572, 1, 1, 1, 1, 1, '2023-03-27 04:16:07', '2023-03-27 04:16:07'),
(573, 1, 1, 1, 1, 1, '2023-03-27 04:16:07', '2023-03-27 04:16:07'),
(574, 1, 1, 1, 1, 1, '2023-03-27 04:16:07', '2023-03-27 04:16:07'),
(575, 1, 1, 1, 1, 1, '2023-03-27 04:16:07', '2023-03-27 04:16:07'),
(576, 1, 1, 1, 1, 1, '2023-03-27 04:16:07', '2023-03-27 04:16:07'),
(577, 1, 1, 1, 1, 1, '2023-03-27 04:16:07', '2023-03-27 04:16:07'),
(578, 1, 1, 1, 1, 1, '2023-03-27 04:16:08', '2023-03-27 04:16:08'),
(579, 1, 1, 1, 1, 1, '2023-03-27 04:16:08', '2023-03-27 04:16:08'),
(580, 1, 1, 1, 1, 1, '2023-03-27 04:16:08', '2023-03-27 04:16:08'),
(581, 1, 1, 1, 1, 1, '2023-03-27 04:16:08', '2023-03-27 04:16:08'),
(582, 1, 1, 1, 1, 1, '2023-03-27 04:16:08', '2023-03-27 04:16:08'),
(583, 1, 1, 1, 1, 1, '2023-03-27 04:16:09', '2023-03-27 04:16:09'),
(584, 1, 1, 1, 1, 1, '2023-03-27 04:16:09', '2023-03-27 04:16:09'),
(585, 1, 1, 1, 1, 1, '2023-03-27 04:18:24', '2023-03-27 04:18:24'),
(586, 1, 1, 1, 1, 1, '2023-03-27 04:18:24', '2023-03-27 04:18:24'),
(587, 1, 1, 1, 1, 1, '2023-03-27 04:18:27', '2023-03-27 04:18:27'),
(588, 1, 1, 1, 1, 1, '2023-03-27 04:18:27', '2023-03-27 04:18:27'),
(589, 1, 1, 1, 1, 1, '2023-03-27 04:18:27', '2023-03-27 04:18:27'),
(590, 1, 1, 1, 1, 1, '2023-03-27 04:18:27', '2023-03-27 04:18:27'),
(591, 1, 1, 1, 1, 1, '2023-03-27 04:18:27', '2023-03-27 04:18:27'),
(592, 1, 1, 1, 1, 1, '2023-03-27 04:18:27', '2023-03-27 04:18:27'),
(593, 1, 1, 1, 1, 1, '2023-03-27 04:18:28', '2023-03-27 04:18:28'),
(594, 1, 1, 1, 1, 1, '2023-03-27 04:18:28', '2023-03-27 04:18:28'),
(595, 1, 1, 1, 1, 1, '2023-03-27 04:18:28', '2023-03-27 04:18:28'),
(596, 1, 1, 1, 1, 1, '2023-03-27 04:18:28', '2023-03-27 04:18:28'),
(597, 1, 1, 1, 1, 1, '2023-03-27 04:18:28', '2023-03-27 04:18:28'),
(598, 1, 1, 1, 1, 1, '2023-03-27 04:18:28', '2023-03-27 04:18:28'),
(599, 1, 1, 1, 1, 1, '2023-03-27 04:18:29', '2023-03-27 04:18:29'),
(600, 1, 1, 1, 1, 1, '2023-03-27 04:18:29', '2023-03-27 04:18:29'),
(601, 1, 1, 1, 1, 1, '2023-03-27 04:18:29', '2023-03-27 04:18:29'),
(602, 1, 1, 1, 1, 1, '2023-03-27 04:18:29', '2023-03-27 04:18:29'),
(603, 1, 1, 1, 1, 1, '2023-03-27 04:18:30', '2023-03-27 04:18:30'),
(604, 1, 1, 1, 1, 1, '2023-03-27 04:18:35', '2023-03-27 04:18:35'),
(605, 1, 1, 1, 1, 1, '2023-03-27 04:18:35', '2023-03-27 04:18:35'),
(606, 1, 1, 1, 1, 1, '2023-03-27 04:18:37', '2023-03-27 04:18:37'),
(607, 1, 1, 1, 1, 1, '2023-03-27 04:19:08', '2023-03-27 04:19:08'),
(608, 1, 1, 1, 1, 1, '2023-03-27 04:19:10', '2023-03-27 04:19:10'),
(609, 1, 1, 1, 1, 1, '2023-03-27 04:19:10', '2023-03-27 04:19:10'),
(610, 1, 1, 1, 1, 1, '2023-03-27 04:19:10', '2023-03-27 04:19:10'),
(611, 1, 1, 1, 1, 1, '2023-03-27 04:19:11', '2023-03-27 04:19:11'),
(612, 1, 1, 1, 1, 1, '2023-03-27 04:19:15', '2023-03-27 04:19:15'),
(613, 1, 1, 1, 1, 1, '2023-03-27 04:19:47', '2023-03-27 04:19:47'),
(614, 1, 1, 1, 1, 1, '2023-03-27 04:19:47', '2023-03-27 04:19:47'),
(615, 1, 1, 1, 1, 1, '2023-03-27 04:19:50', '2023-03-27 04:19:50'),
(616, 1, 1, 1, 1, 1, '2023-03-27 04:19:50', '2023-03-27 04:19:50'),
(617, 1, 1, 1, 1, 1, '2023-03-27 04:19:50', '2023-03-27 04:19:50'),
(618, 1, 1, 1, 1, 1, '2023-03-27 04:19:50', '2023-03-27 04:19:50'),
(619, 1, 1, 1, 1, 1, '2023-03-27 04:19:50', '2023-03-27 04:19:50'),
(620, 1, 1, 1, 1, 1, '2023-03-27 04:19:51', '2023-03-27 04:19:51'),
(621, 1, 1, 1, 1, 1, '2023-03-27 04:19:51', '2023-03-27 04:19:51'),
(622, 1, 1, 1, 1, 1, '2023-03-27 04:19:51', '2023-03-27 04:19:51'),
(623, 1, 1, 1, 1, 1, '2023-03-27 04:19:52', '2023-03-27 04:19:52'),
(624, 1, 1, 1, 1, 1, '2023-03-27 04:19:52', '2023-03-27 04:19:52'),
(625, 1, 1, 1, 1, 1, '2023-03-27 04:19:52', '2023-03-27 04:19:52'),
(626, 1, 1, 1, 1, 1, '2023-03-27 04:19:52', '2023-03-27 04:19:52'),
(627, 1, 1, 1, 1, 1, '2023-03-27 04:19:52', '2023-03-27 04:19:52'),
(628, 1, 1, 1, 1, 1, '2023-03-27 04:19:53', '2023-03-27 04:19:53'),
(629, 1, 1, 1, 1, 1, '2023-03-27 04:19:53', '2023-03-27 04:19:53'),
(630, 1, 1, 1, 1, 1, '2023-03-27 04:19:53', '2023-03-27 04:19:53'),
(631, 1, 1, 1, 1, 1, '2023-03-27 04:19:53', '2023-03-27 04:19:53'),
(632, 1, 1, 1, 1, 1, '2023-03-27 04:20:02', '2023-03-27 04:20:02'),
(633, 1, 1, 1, 1, 1, '2023-03-27 04:20:07', '2023-03-27 04:20:07'),
(634, 1, 1, 1, 1, 1, '2023-03-27 04:20:08', '2023-03-27 04:20:08'),
(635, 1, 1, 1, 1, 1, '2023-03-27 04:24:10', '2023-03-27 04:24:10'),
(636, 1, 1, 1, 1, 1, '2023-03-27 04:24:28', '2023-03-27 04:24:28'),
(637, 1, 1, 1, 1, 1, '2023-03-27 04:24:28', '2023-03-27 04:24:28'),
(638, 1, 1, 1, 1, 1, '2023-03-27 04:24:41', '2023-03-27 04:24:41'),
(639, 1, 1, 1, 1, 1, '2023-03-27 04:25:45', '2023-03-27 04:25:45'),
(640, 1, 1, 1, 1, 1, '2023-03-27 04:25:46', '2023-03-27 04:25:46'),
(641, 1, 1, 1, 1, 1, '2023-03-27 04:27:54', '2023-03-27 04:27:54'),
(642, 1, 1, 1, 1, 1, '2023-03-27 04:27:55', '2023-03-27 04:27:55'),
(643, 1, 1, 1, 1, 1, '2023-03-27 04:30:18', '2023-03-27 04:30:18'),
(644, 1, 1, 1, 1, 1, '2023-03-27 04:30:18', '2023-03-27 04:30:18'),
(645, 1, 1, 1, 1, 1, '2023-03-27 04:30:19', '2023-03-27 04:30:19'),
(646, 1, 1, 1, 1, 1, '2023-03-27 04:31:41', '2023-03-27 04:31:41'),
(647, 1, 1, 1, 1, 1, '2023-03-27 04:31:41', '2023-03-27 04:31:41'),
(648, 1, 1, 1, 1, 1, '2023-03-27 04:31:43', '2023-03-27 04:31:43'),
(649, 1, 1, 1, 1, 1, '2023-03-27 04:33:24', '2023-03-27 04:33:24'),
(650, 1, 1, 1, 1, 1, '2023-03-27 04:33:52', '2023-03-27 04:33:52'),
(651, 1, 1, 1, 1, 1, '2023-03-27 04:34:17', '2023-03-27 04:34:17'),
(652, 1, 1, 1, 1, 1, '2023-03-27 04:34:37', '2023-03-27 04:34:37'),
(653, 1, 1, 1, 1, 1, '2023-03-27 04:34:51', '2023-03-27 04:34:51'),
(654, 1, 1, 1, 1, 1, '2023-03-27 04:38:14', '2023-03-27 04:38:14'),
(655, 1, 1, 1, 1, 1, '2023-03-27 04:47:03', '2023-03-27 04:47:03'),
(656, 1, 1, 1, 1, 1, '2023-03-27 04:47:04', '2023-03-27 04:47:04'),
(657, 1, 1, 1, 1, 1, '2023-03-27 04:47:09', '2023-03-27 04:47:09'),
(658, 1, 1, 1, 1, 1, '2023-03-27 04:48:47', '2023-03-27 04:48:47'),
(659, 1, 1, 1, 1, 1, '2023-03-27 04:48:50', '2023-03-27 04:48:50'),
(660, 1, 1, 1, 1, 1, '2023-03-27 04:48:56', '2023-03-27 04:48:56'),
(661, 1, 1, 1, 1, 1, '2023-03-27 04:49:07', '2023-03-27 04:49:07'),
(662, 1, 1, 1, 1, 1, '2023-03-27 04:49:44', '2023-03-27 04:49:44'),
(663, 1, 1, 1, 1, 1, '2023-03-27 04:49:50', '2023-03-27 04:49:50'),
(664, 1, 1, 1, 1, 1, '2023-03-27 04:50:18', '2023-03-27 04:50:18'),
(665, 1, 1, 1, 1, 1, '2023-03-27 04:59:41', '2023-03-27 04:59:41'),
(666, 1, 1, 1, 1, 1, '2023-03-27 04:59:45', '2023-03-27 04:59:45'),
(667, 1, 1, 1, 1, 1, '2023-03-27 05:00:49', '2023-03-27 05:00:49'),
(668, 1, 1, 1, 1, 1, '2023-03-27 05:00:54', '2023-03-27 05:00:54'),
(669, 1, 1, 1, 1, 1, '2023-03-27 05:01:57', '2023-03-27 05:01:57'),
(670, 1, 1, 1, 1, 1, '2023-03-27 05:02:33', '2023-03-27 05:02:33'),
(671, 1, 1, 1, 1, 1, '2023-03-27 05:03:46', '2023-03-27 05:03:46'),
(672, 1, 1, 1, 1, 1, '2023-03-27 05:07:33', '2023-03-27 05:07:33'),
(673, 1, 1, 1, 1, 1, '2023-03-27 05:07:36', '2023-03-27 05:07:36'),
(674, 1, 1, 1, 1, 1, '2023-03-27 05:08:36', '2023-03-27 05:08:36'),
(675, 1, 1, 1, 1, 1, '2023-03-27 05:08:37', '2023-03-27 05:08:37'),
(676, 1, 1, 1, 1, 1, '2023-03-27 05:10:05', '2023-03-27 05:10:05'),
(677, 1, 1, 1, 1, 1, '2023-03-27 05:10:05', '2023-03-27 05:10:05'),
(678, 1, 1, 1, 1, 1, '2023-03-27 05:10:05', '2023-03-27 05:10:05'),
(679, 1, 1, 1, 1, 1, '2023-03-27 05:10:05', '2023-03-27 05:10:05'),
(680, 1, 1, 1, 1, 1, '2023-03-27 05:10:05', '2023-03-27 05:10:05'),
(681, 1, 1, 1, 1, 1, '2023-03-27 05:10:14', '2023-03-27 05:10:14'),
(682, 1, 1, 1, 1, 1, '2023-03-27 05:11:35', '2023-03-27 05:11:35'),
(683, 1, 1, 1, 1, 1, '2023-03-27 05:11:54', '2023-03-27 05:11:54'),
(684, 1, 1, 1, 1, 1, '2023-03-27 05:12:04', '2023-03-27 05:12:04'),
(685, 1, 1, 1, 1, 1, '2023-03-27 05:12:06', '2023-03-27 05:12:06'),
(686, 1, 1, 1, 1, 1, '2023-03-27 05:13:24', '2023-03-27 05:13:24'),
(687, 1, 1, 1, 1, 1, '2023-03-27 05:13:24', '2023-03-27 05:13:24'),
(688, 1, 1, 1, 1, 1, '2023-03-27 05:13:33', '2023-03-27 05:13:33'),
(689, 1, 1, 1, 1, 1, '2023-03-27 05:13:35', '2023-03-27 05:13:35'),
(690, 1, 1, 1, 1, 1, '2023-03-27 05:14:37', '2023-03-27 05:14:37'),
(691, 1, 1, 1, 1, 1, '2023-03-27 05:18:09', '2023-03-27 05:18:09'),
(692, 1, 1, 1, 1, 1, '2023-03-27 05:23:24', '2023-03-27 05:23:24'),
(693, 1, 1, 1, 1, 1, '2023-03-27 05:43:02', '2023-03-27 05:43:02'),
(694, 1, 1, 1, 1, 1, '2023-03-27 08:33:05', '2023-03-27 08:33:05'),
(695, 1, 1, 1, 1, 1, '2023-03-27 08:33:07', '2023-03-27 08:33:07'),
(696, 1, 1, 1, 1, 1, '2023-03-27 08:33:08', '2023-03-27 08:33:08'),
(697, 1, 1, 1, 1, 1, '2023-03-27 08:33:31', '2023-03-27 08:33:31'),
(698, 1, 1, 1, 1, 1, '2023-03-27 08:33:35', '2023-03-27 08:33:35'),
(699, 1, 1, 1, 1, 1, '2023-03-27 08:33:40', '2023-03-27 08:33:40'),
(700, 1, 1, 1, 1, 1, '2023-03-27 08:33:43', '2023-03-27 08:33:43'),
(701, 1, 1, 1, 1, 1, '2023-03-27 08:33:48', '2023-03-27 08:33:48'),
(702, 1, 1, 1, 1, 1, '2023-03-27 08:33:48', '2023-03-27 08:33:48'),
(703, 1, 1, 1, 1, 1, '2023-03-27 08:33:49', '2023-03-27 08:33:49'),
(704, 1, 1, 1, 1, 1, '2023-03-27 08:33:49', '2023-03-27 08:33:49'),
(705, 1, 1, 1, 1, 1, '2023-03-27 08:33:52', '2023-03-27 08:33:52'),
(706, 1, 1, 1, 1, 1, '2023-03-27 08:34:26', '2023-03-27 08:34:26'),
(707, 1, 1, 1, 1, 1, '2023-03-27 08:35:58', '2023-03-27 08:35:58'),
(708, 1, 1, 1, 1, 1, '2023-03-27 08:36:38', '2023-03-27 08:36:38'),
(709, 1, 1, 1, 1, 1, '2023-03-27 08:36:41', '2023-03-27 08:36:41'),
(710, 1, 1, 1, 1, 1, '2023-03-27 08:36:42', '2023-03-27 08:36:42'),
(711, 1, 1, 1, 1, 1, '2023-03-27 08:36:43', '2023-03-27 08:36:43'),
(712, 1, 1, 1, 1, 1, '2023-03-27 08:36:43', '2023-03-27 08:36:43'),
(713, 1, 1, 1, 1, 1, '2023-03-27 08:36:43', '2023-03-27 08:36:43'),
(714, 1, 1, 1, 1, 1, '2023-03-27 08:36:45', '2023-03-27 08:36:45'),
(715, 1, 1, 1, 1, 1, '2023-03-27 08:37:55', '2023-03-27 08:37:55'),
(716, 1, 1, 1, 1, 1, '2023-03-27 08:37:57', '2023-03-27 08:37:57'),
(717, 1, 1, 1, 1, 1, '2023-03-27 08:38:03', '2023-03-27 08:38:03'),
(718, 1, 1, 1, 1, 1, '2023-03-27 08:38:32', '2023-03-27 08:38:32'),
(719, 1, 1, 1, 1, 1, '2023-03-27 08:42:23', '2023-03-27 08:42:23'),
(720, 1, 1, 1, 1, 1, '2023-03-27 08:42:27', '2023-03-27 08:42:27'),
(721, 1, 1, 1, 1, 1, '2023-03-27 08:43:45', '2023-03-27 08:43:45'),
(722, 1, 1, 1, 1, 1, '2023-03-27 08:44:00', '2023-03-27 08:44:00'),
(723, 1, 1, 1, 1, 1, '2023-03-27 08:45:15', '2023-03-27 08:45:15'),
(724, 1, 1, 1, 1, 1, '2023-03-27 09:46:56', '2023-03-27 09:46:56'),
(725, 1, 1, 1, 1, 1, '2023-03-27 09:51:01', '2023-03-27 09:51:01'),
(726, 1, 1, 1, 1, 1, '2023-03-27 09:52:01', '2023-03-27 09:52:01'),
(727, 1, 1, 1, 1, 1, '2023-03-27 09:55:26', '2023-03-27 09:55:26'),
(728, 1, 1, 1, 1, 1, '2023-03-27 09:56:31', '2023-03-27 09:56:31'),
(729, 1, 1, 1, 1, 1, '2023-03-27 09:57:26', '2023-03-27 09:57:26'),
(730, 1, 1, 1, 1, 1, '2023-03-27 09:57:42', '2023-03-27 09:57:42'),
(731, 1, 1, 1, 1, 1, '2023-03-27 09:58:34', '2023-03-27 09:58:34'),
(732, 1, 1, 1, 1, 1, '2023-03-27 09:59:02', '2023-03-27 09:59:02'),
(733, 1, 1, 1, 1, 1, '2023-03-27 09:59:02', '2023-03-27 09:59:02'),
(734, 1, 1, 1, 1, 1, '2023-03-27 09:59:03', '2023-03-27 09:59:03'),
(735, 1, 1, 1, 1, 1, '2023-03-27 10:01:13', '2023-03-27 10:01:13'),
(736, 1, 1, 1, 1, 1, '2023-03-28 03:42:37', '2023-03-28 03:42:37'),
(737, 1, 1, 1, 1, 1, '2023-03-28 03:42:38', '2023-03-28 03:42:38'),
(738, 1, 1, 1, 1, 1, '2023-03-28 03:42:40', '2023-03-28 03:42:40'),
(739, 1, 1, 1, 1, 1, '2023-03-28 03:42:40', '2023-03-28 03:42:40'),
(740, 1, 1, 1, 1, 1, '2023-03-28 03:42:40', '2023-03-28 03:42:40'),
(741, 1, 1, 1, 1, 1, '2023-03-28 03:42:40', '2023-03-28 03:42:40'),
(742, 1, 1, 1, 1, 1, '2023-03-28 03:42:40', '2023-03-28 03:42:40'),
(743, 1, 1, 1, 1, 1, '2023-03-28 03:42:41', '2023-03-28 03:42:41'),
(744, 1, 1, 1, 1, 1, '2023-03-28 03:42:41', '2023-03-28 03:42:41'),
(745, 1, 1, 1, 1, 1, '2023-03-28 03:42:41', '2023-03-28 03:42:41'),
(746, 1, 1, 1, 1, 1, '2023-03-28 03:42:41', '2023-03-28 03:42:41'),
(747, 1, 1, 1, 1, 1, '2023-03-28 03:42:41', '2023-03-28 03:42:41'),
(748, 1, 1, 1, 1, 1, '2023-03-28 03:42:41', '2023-03-28 03:42:41'),
(749, 1, 1, 1, 1, 1, '2023-03-28 03:42:41', '2023-03-28 03:42:41'),
(750, 1, 1, 1, 1, 1, '2023-03-28 03:42:42', '2023-03-28 03:42:42'),
(751, 1, 1, 1, 1, 1, '2023-03-28 03:42:42', '2023-03-28 03:42:42'),
(752, 1, 1, 1, 1, 1, '2023-03-28 03:42:42', '2023-03-28 03:42:42'),
(753, 1, 1, 1, 1, 1, '2023-03-28 03:42:42', '2023-03-28 03:42:42'),
(754, 1, 1, 1, 1, 1, '2023-03-28 03:42:42', '2023-03-28 03:42:42'),
(755, 1, 1, 1, 1, 1, '2023-03-28 03:42:43', '2023-03-28 03:42:43'),
(756, 1, 1, 1, 1, 1, '2023-03-28 03:42:43', '2023-03-28 03:42:43'),
(757, 1, 1, 1, 1, 1, '2023-03-28 03:45:58', '2023-03-28 03:45:58'),
(758, 1, 1, 1, 1, 1, '2023-03-28 03:50:57', '2023-03-28 03:50:57');
INSERT INTO `profit_losses` (`id`, `user_id`, `opening_balance`, `income`, `expense`, `closing_balance`, `created_at`, `updated_at`) VALUES
(759, 1, 1, 1, 1, 1, '2023-03-28 03:50:58', '2023-03-28 03:50:58'),
(760, 1, 1, 1, 1, 1, '2023-03-28 03:50:58', '2023-03-28 03:50:58'),
(761, 1, 1, 1, 1, 1, '2023-03-28 03:51:19', '2023-03-28 03:51:19'),
(762, 1, 1, 1, 1, 1, '2023-03-28 03:51:19', '2023-03-28 03:51:19'),
(763, 1, 1, 1, 1, 1, '2023-03-28 03:51:19', '2023-03-28 03:51:19'),
(764, 1, 1, 1, 1, 1, '2023-03-28 03:52:19', '2023-03-28 03:52:19'),
(765, 1, 1, 1, 1, 1, '2023-03-28 03:52:19', '2023-03-28 03:52:19'),
(766, 1, 1, 1, 1, 1, '2023-03-28 03:52:19', '2023-03-28 03:52:19'),
(767, 1, 1, 1, 1, 1, '2023-03-28 03:53:47', '2023-03-28 03:53:47'),
(768, 1, 1, 1, 1, 1, '2023-03-28 03:53:58', '2023-03-28 03:53:58'),
(769, 1, 1, 1, 1, 1, '2023-03-28 03:54:03', '2023-03-28 03:54:03'),
(770, 1, 1, 1, 1, 1, '2023-03-28 03:54:08', '2023-03-28 03:54:08'),
(771, 1, 1, 1, 1, 1, '2023-03-28 03:55:11', '2023-03-28 03:55:11'),
(772, 1, 1, 1, 1, 1, '2023-03-28 03:56:52', '2023-03-28 03:56:52'),
(773, 1, 1, 1, 1, 1, '2023-03-28 03:56:52', '2023-03-28 03:56:52'),
(774, 1, 1, 1, 1, 1, '2023-03-28 03:56:52', '2023-03-28 03:56:52'),
(775, 1, 1, 1, 1, 1, '2023-03-28 03:56:57', '2023-03-28 03:56:57'),
(776, 1, 1, 1, 1, 1, '2023-03-28 04:31:55', '2023-03-28 04:31:55'),
(777, 1, 1, 1, 1, 1, '2023-03-28 04:32:23', '2023-03-28 04:32:23'),
(778, 1, 1, 1, 1, 1, '2023-03-28 04:32:30', '2023-03-28 04:32:30'),
(779, 1, 1, 1, 1, 1, '2023-03-28 04:33:09', '2023-03-28 04:33:09'),
(780, 1, 1, 1, 1, 1, '2023-03-28 04:33:19', '2023-03-28 04:33:19'),
(781, 1, 1, 1, 1, 1, '2023-03-28 04:33:33', '2023-03-28 04:33:33'),
(782, 1, 1, 1, 1, 1, '2023-03-28 04:33:49', '2023-03-28 04:33:49'),
(783, 1, 1, 1, 1, 1, '2023-03-28 04:34:16', '2023-03-28 04:34:16'),
(784, 1, 1, 1, 1, 1, '2023-03-28 04:34:21', '2023-03-28 04:34:21'),
(785, 1, 1, 1, 1, 1, '2023-03-28 04:34:49', '2023-03-28 04:34:49'),
(786, 1, 1, 1, 1, 1, '2023-03-28 04:35:17', '2023-03-28 04:35:17'),
(787, 1, 1, 1, 1, 1, '2023-03-28 04:36:06', '2023-03-28 04:36:06'),
(788, 1, 1, 1, 1, 1, '2023-03-28 04:37:02', '2023-03-28 04:37:02'),
(789, 1, 1, 1, 1, 1, '2023-03-28 04:37:03', '2023-03-28 04:37:03'),
(790, 1, 1, 1, 1, 1, '2023-03-28 04:37:03', '2023-03-28 04:37:03'),
(791, 1, 1, 1, 1, 1, '2023-03-28 04:43:08', '2023-03-28 04:43:08'),
(792, 1, 1, 1, 1, 1, '2023-03-28 04:43:08', '2023-03-28 04:43:08'),
(793, 1, 1, 1, 1, 1, '2023-03-28 04:43:11', '2023-03-28 04:43:11'),
(794, 1, 1, 1, 1, 1, '2023-03-28 04:43:11', '2023-03-28 04:43:11'),
(795, 1, 1, 1, 1, 1, '2023-03-28 04:43:11', '2023-03-28 04:43:11'),
(796, 1, 1, 1, 1, 1, '2023-03-28 04:43:12', '2023-03-28 04:43:12'),
(797, 1, 1, 1, 1, 1, '2023-03-28 04:43:12', '2023-03-28 04:43:12'),
(798, 1, 1, 1, 1, 1, '2023-03-28 04:43:12', '2023-03-28 04:43:12'),
(799, 1, 1, 1, 1, 1, '2023-03-28 04:43:12', '2023-03-28 04:43:12'),
(800, 1, 1, 1, 1, 1, '2023-03-28 04:43:12', '2023-03-28 04:43:12'),
(801, 1, 1, 1, 1, 1, '2023-03-28 04:43:12', '2023-03-28 04:43:12'),
(802, 1, 1, 1, 1, 1, '2023-03-28 04:43:13', '2023-03-28 04:43:13'),
(803, 1, 1, 1, 1, 1, '2023-03-28 04:43:13', '2023-03-28 04:43:13'),
(804, 1, 1, 1, 1, 1, '2023-03-28 04:43:13', '2023-03-28 04:43:13'),
(805, 1, 1, 1, 1, 1, '2023-03-28 04:43:13', '2023-03-28 04:43:13'),
(806, 1, 1, 1, 1, 1, '2023-03-28 04:43:13', '2023-03-28 04:43:13'),
(807, 1, 1, 1, 1, 1, '2023-03-28 04:43:14', '2023-03-28 04:43:14'),
(808, 1, 1, 1, 1, 1, '2023-03-28 04:43:14', '2023-03-28 04:43:14'),
(809, 1, 1, 1, 1, 1, '2023-03-28 04:43:14', '2023-03-28 04:43:14'),
(810, 1, 1, 1, 1, 1, '2023-03-28 04:43:14', '2023-03-28 04:43:14'),
(811, 1, 1, 1, 1, 1, '2023-03-28 04:43:14', '2023-03-28 04:43:14'),
(812, 1, 1, 1, 1, 1, '2023-03-28 04:43:28', '2023-03-28 04:43:28'),
(813, 1, 1, 1, 1, 1, '2023-03-28 04:45:30', '2023-03-28 04:45:30'),
(814, 1, 1, 1, 1, 1, '2023-03-28 04:45:30', '2023-03-28 04:45:30'),
(815, 1, 1, 1, 1, 1, '2023-03-28 04:45:30', '2023-03-28 04:45:30'),
(816, 1, 1, 1, 1, 1, '2023-03-28 04:46:35', '2023-03-28 04:46:35'),
(817, 1, 1, 1, 1, 1, '2023-03-28 04:46:35', '2023-03-28 04:46:35'),
(818, 1, 1, 1, 1, 1, '2023-03-28 04:46:35', '2023-03-28 04:46:35'),
(819, 1, 1, 1, 1, 1, '2023-03-28 04:46:59', '2023-03-28 04:46:59'),
(820, 1, 1, 1, 1, 1, '2023-03-28 04:46:59', '2023-03-28 04:46:59'),
(821, 1, 1, 1, 1, 1, '2023-03-28 04:47:02', '2023-03-28 04:47:02'),
(822, 1, 1, 1, 1, 1, '2023-03-28 04:47:02', '2023-03-28 04:47:02'),
(823, 1, 1, 1, 1, 1, '2023-03-28 04:47:02', '2023-03-28 04:47:02'),
(824, 1, 1, 1, 1, 1, '2023-03-28 04:47:02', '2023-03-28 04:47:02'),
(825, 1, 1, 1, 1, 1, '2023-03-28 04:47:03', '2023-03-28 04:47:03'),
(826, 1, 1, 1, 1, 1, '2023-03-28 04:47:03', '2023-03-28 04:47:03'),
(827, 1, 1, 1, 1, 1, '2023-03-28 04:47:03', '2023-03-28 04:47:03'),
(828, 1, 1, 1, 1, 1, '2023-03-28 04:47:03', '2023-03-28 04:47:03'),
(829, 1, 1, 1, 1, 1, '2023-03-28 04:47:03', '2023-03-28 04:47:03'),
(830, 1, 1, 1, 1, 1, '2023-03-28 04:47:04', '2023-03-28 04:47:04'),
(831, 1, 1, 1, 1, 1, '2023-03-28 04:47:04', '2023-03-28 04:47:04'),
(832, 1, 1, 1, 1, 1, '2023-03-28 04:47:04', '2023-03-28 04:47:04'),
(833, 1, 1, 1, 1, 1, '2023-03-28 04:47:04', '2023-03-28 04:47:04'),
(834, 1, 1, 1, 1, 1, '2023-03-28 04:47:04', '2023-03-28 04:47:04'),
(835, 1, 1, 1, 1, 1, '2023-03-28 04:47:05', '2023-03-28 04:47:05'),
(836, 1, 1, 1, 1, 1, '2023-03-28 04:47:05', '2023-03-28 04:47:05'),
(837, 1, 1, 1, 1, 1, '2023-03-28 04:47:05', '2023-03-28 04:47:05'),
(838, 1, 1, 1, 1, 1, '2023-03-28 04:47:05', '2023-03-28 04:47:05'),
(839, 1, 1, 1, 1, 1, '2023-03-28 04:47:05', '2023-03-28 04:47:05'),
(840, 1, 1, 1, 1, 1, '2023-03-28 04:47:12', '2023-03-28 04:47:12'),
(841, 1, 1, 1, 1, 1, '2023-03-28 04:49:21', '2023-03-28 04:49:21'),
(842, 1, 1, 1, 1, 1, '2023-03-28 04:49:22', '2023-03-28 04:49:22'),
(843, 1, 1, 1, 1, 1, '2023-03-28 04:49:22', '2023-03-28 04:49:22'),
(844, 1, 1, 1, 1, 1, '2023-03-28 04:57:35', '2023-03-28 04:57:35'),
(845, 1, 1, 1, 1, 1, '2023-03-28 04:57:37', '2023-03-28 04:57:37'),
(846, 1, 1, 1, 1, 1, '2023-03-28 04:57:37', '2023-03-28 04:57:37'),
(847, 1, 1, 1, 1, 1, '2023-03-28 05:00:30', '2023-03-28 05:00:30'),
(848, 1, 1, 1, 1, 1, '2023-03-28 05:00:55', '2023-03-28 05:00:55'),
(849, 1, 1, 1, 1, 1, '2023-03-28 05:02:09', '2023-03-28 05:02:09'),
(850, 1, 1, 1, 1, 1, '2023-03-28 05:02:10', '2023-03-28 05:02:10'),
(851, 1, 1, 1, 1, 1, '2023-03-28 05:02:10', '2023-03-28 05:02:10'),
(852, 1, 1, 1, 1, 1, '2023-03-28 05:02:10', '2023-03-28 05:02:10'),
(853, 1, 1, 1, 1, 1, '2023-03-28 05:02:10', '2023-03-28 05:02:10'),
(854, 1, 1, 1, 1, 1, '2023-03-28 05:02:19', '2023-03-28 05:02:19'),
(855, 1, 1, 1, 1, 1, '2023-03-28 05:02:20', '2023-03-28 05:02:20'),
(856, 1, 1, 1, 1, 1, '2023-03-28 05:03:51', '2023-03-28 05:03:51'),
(857, 1, 1, 1, 1, 1, '2023-03-28 05:04:00', '2023-03-28 05:04:00'),
(858, 1, 1, 1, 1, 1, '2023-03-28 05:04:00', '2023-03-28 05:04:00'),
(859, 1, 1, 1, 1, 1, '2023-03-28 05:04:01', '2023-03-28 05:04:01'),
(860, 1, 1, 1, 1, 1, '2023-03-28 05:04:42', '2023-03-28 05:04:42'),
(861, 1, 1, 1, 1, 1, '2023-03-28 05:05:15', '2023-03-28 05:05:15'),
(862, 1, 1, 1, 1, 1, '2023-03-28 05:05:16', '2023-03-28 05:05:16'),
(863, 1, 1, 1, 1, 1, '2023-03-28 05:05:19', '2023-03-28 05:05:19'),
(864, 1, 1, 1, 1, 1, '2023-03-28 05:05:26', '2023-03-28 05:05:26'),
(865, 1, 1, 1, 1, 1, '2023-03-28 05:05:40', '2023-03-28 05:05:40'),
(866, 1, 1, 1, 1, 1, '2023-03-28 05:05:40', '2023-03-28 05:05:40'),
(867, 1, 1, 1, 1, 1, '2023-03-28 05:05:41', '2023-03-28 05:05:41'),
(868, 1, 1, 1, 1, 1, '2023-03-28 05:05:48', '2023-03-28 05:05:48'),
(869, 1, 1, 1, 1, 1, '2023-03-28 05:05:48', '2023-03-28 05:05:48'),
(870, 1, 1, 1, 1, 1, '2023-03-28 05:05:49', '2023-03-28 05:05:49'),
(871, 1, 1, 1, 1, 1, '2023-03-28 05:05:51', '2023-03-28 05:05:51'),
(872, 1, 1, 1, 1, 1, '2023-03-28 05:06:48', '2023-03-28 05:06:48'),
(873, 1, 1, 1, 1, 1, '2023-03-28 05:07:24', '2023-03-28 05:07:24'),
(874, 1, 1, 1, 1, 1, '2023-03-28 05:07:25', '2023-03-28 05:07:25'),
(875, 1, 1, 1, 1, 1, '2023-03-28 05:07:25', '2023-03-28 05:07:25'),
(876, 1, 1, 1, 1, 1, '2023-03-28 05:07:25', '2023-03-28 05:07:25'),
(877, 1, 1, 1, 1, 1, '2023-03-28 05:07:25', '2023-03-28 05:07:25'),
(878, 1, 1, 1, 1, 1, '2023-03-28 05:07:25', '2023-03-28 05:07:25'),
(879, 1, 1, 1, 1, 1, '2023-03-28 05:10:32', '2023-03-28 05:10:32'),
(880, 1, 1, 1, 1, 1, '2023-03-28 05:10:32', '2023-03-28 05:10:32'),
(881, 1, 1, 1, 1, 1, '2023-03-28 05:10:32', '2023-03-28 05:10:32'),
(882, 1, 1, 1, 1, 1, '2023-03-28 05:10:58', '2023-03-28 05:10:58'),
(883, 1, 1, 1, 1, 1, '2023-03-28 05:10:58', '2023-03-28 05:10:58'),
(884, 1, 1, 1, 1, 1, '2023-03-28 05:10:58', '2023-03-28 05:10:58'),
(885, 1, 1, 1, 1, 1, '2023-03-28 05:11:27', '2023-03-28 05:11:27'),
(886, 1, 1, 1, 1, 1, '2023-03-28 05:12:14', '2023-03-28 05:12:14'),
(887, 1, 1, 1, 1, 1, '2023-03-28 05:12:42', '2023-03-28 05:12:42'),
(888, 1, 1, 1, 1, 1, '2023-03-28 05:12:42', '2023-03-28 05:12:42'),
(889, 1, 1, 1, 1, 1, '2023-03-28 05:12:43', '2023-03-28 05:12:43'),
(890, 1, 1, 1, 1, 1, '2023-03-28 05:12:43', '2023-03-28 05:12:43'),
(891, 1, 1, 1, 1, 1, '2023-03-28 05:12:43', '2023-03-28 05:12:43'),
(892, 1, 1, 1, 1, 1, '2023-03-28 05:12:44', '2023-03-28 05:12:44'),
(893, 1, 1, 1, 1, 1, '2023-03-28 05:12:58', '2023-03-28 05:12:58'),
(894, 1, 1, 1, 1, 1, '2023-03-28 05:13:14', '2023-03-28 05:13:14'),
(895, 1, 1, 1, 1, 1, '2023-03-28 05:13:18', '2023-03-28 05:13:18'),
(896, 1, 1, 1, 1, 1, '2023-03-28 05:13:38', '2023-03-28 05:13:38'),
(897, 1, 1, 1, 1, 1, '2023-03-28 05:13:43', '2023-03-28 05:13:43'),
(898, 1, 1, 1, 1, 1, '2023-03-28 05:15:30', '2023-03-28 05:15:30'),
(899, 1, 1, 1, 1, 1, '2023-03-28 05:15:42', '2023-03-28 05:15:42'),
(900, 1, 1, 1, 1, 1, '2023-03-28 05:16:03', '2023-03-28 05:16:03'),
(901, 1, 1, 1, 1, 1, '2023-03-28 05:16:53', '2023-03-28 05:16:53'),
(902, 1, 1, 1, 1, 1, '2023-03-28 05:16:55', '2023-03-28 05:16:55'),
(903, 1, 1, 1, 1, 1, '2023-03-28 05:18:57', '2023-03-28 05:18:57'),
(904, 1, 1, 1, 1, 1, '2023-03-28 05:21:59', '2023-03-28 05:21:59'),
(905, 1, 1, 1, 1, 1, '2023-03-28 05:22:26', '2023-03-28 05:22:26'),
(906, 1, 1, 1, 1, 1, '2023-03-28 05:22:31', '2023-03-28 05:22:31'),
(907, 1, 1, 1, 1, 1, '2023-03-28 05:22:39', '2023-03-28 05:22:39'),
(908, 1, 1, 1, 1, 1, '2023-03-28 05:22:39', '2023-03-28 05:22:39'),
(909, 1, 1, 1, 1, 1, '2023-03-28 05:22:39', '2023-03-28 05:22:39'),
(910, 1, 1, 1, 1, 1, '2023-03-28 05:22:51', '2023-03-28 05:22:51'),
(911, 1, 1, 1, 1, 1, '2023-03-28 05:22:53', '2023-03-28 05:22:53'),
(912, 1, 1, 1, 1, 1, '2023-03-28 05:23:00', '2023-03-28 05:23:00'),
(913, 1, 1, 1, 1, 1, '2023-03-28 05:23:00', '2023-03-28 05:23:00'),
(914, 1, 1, 1, 1, 1, '2023-03-28 05:23:01', '2023-03-28 05:23:01'),
(915, 1, 1, 1, 1, 1, '2023-03-28 05:23:05', '2023-03-28 05:23:05'),
(916, 1, 1, 1, 1, 1, '2023-03-28 05:50:35', '2023-03-28 05:50:35'),
(917, 1, 1, 1, 1, 1, '2023-03-28 05:50:36', '2023-03-28 05:50:36'),
(918, 1, 1, 1, 1, 1, '2023-03-28 07:51:49', '2023-03-28 07:51:49'),
(919, 1, 1, 1, 1, 1, '2023-03-28 07:51:50', '2023-03-28 07:51:50'),
(920, 1, 1, 1, 1, 1, '2023-03-28 07:51:52', '2023-03-28 07:51:52'),
(921, 1, 1, 1, 1, 1, '2023-03-28 07:51:52', '2023-03-28 07:51:52'),
(922, 1, 1, 1, 1, 1, '2023-03-28 07:51:52', '2023-03-28 07:51:52'),
(923, 1, 1, 1, 1, 1, '2023-03-28 07:51:52', '2023-03-28 07:51:52'),
(924, 1, 1, 1, 1, 1, '2023-03-28 07:51:52', '2023-03-28 07:51:52'),
(925, 1, 1, 1, 1, 1, '2023-03-28 07:51:53', '2023-03-28 07:51:53'),
(926, 1, 1, 1, 1, 1, '2023-03-28 07:51:53', '2023-03-28 07:51:53'),
(927, 1, 1, 1, 1, 1, '2023-03-28 07:51:53', '2023-03-28 07:51:53'),
(928, 1, 1, 1, 1, 1, '2023-03-28 07:51:53', '2023-03-28 07:51:53'),
(929, 1, 1, 1, 1, 1, '2023-03-28 07:51:53', '2023-03-28 07:51:53'),
(930, 1, 1, 1, 1, 1, '2023-03-28 07:51:53', '2023-03-28 07:51:53'),
(931, 1, 1, 1, 1, 1, '2023-03-28 07:51:54', '2023-03-28 07:51:54'),
(932, 1, 1, 1, 1, 1, '2023-03-28 07:51:54', '2023-03-28 07:51:54'),
(933, 1, 1, 1, 1, 1, '2023-03-28 07:51:54', '2023-03-28 07:51:54'),
(934, 1, 1, 1, 1, 1, '2023-03-28 07:51:54', '2023-03-28 07:51:54'),
(935, 1, 1, 1, 1, 1, '2023-03-28 07:51:54', '2023-03-28 07:51:54'),
(936, 1, 1, 1, 1, 1, '2023-03-28 07:51:55', '2023-03-28 07:51:55'),
(937, 1, 1, 1, 1, 1, '2023-03-28 07:51:55', '2023-03-28 07:51:55'),
(938, 1, 1, 1, 1, 1, '2023-03-28 07:51:55', '2023-03-28 07:51:55'),
(939, 1, 1, 1, 1, 1, '2023-03-28 07:57:29', '2023-03-28 07:57:29'),
(940, 1, 1, 1, 1, 1, '2023-03-28 07:57:29', '2023-03-28 07:57:29'),
(941, 1, 1, 1, 1, 1, '2023-03-28 07:57:32', '2023-03-28 07:57:32'),
(942, 1, 1, 1, 1, 1, '2023-03-28 07:57:32', '2023-03-28 07:57:32'),
(943, 1, 1, 1, 1, 1, '2023-03-28 07:57:32', '2023-03-28 07:57:32'),
(944, 1, 1, 1, 1, 1, '2023-03-28 07:57:32', '2023-03-28 07:57:32'),
(945, 1, 1, 1, 1, 1, '2023-03-28 07:57:33', '2023-03-28 07:57:33'),
(946, 1, 1, 1, 1, 1, '2023-03-28 07:57:33', '2023-03-28 07:57:33'),
(947, 1, 1, 1, 1, 1, '2023-03-28 07:57:33', '2023-03-28 07:57:33'),
(948, 1, 1, 1, 1, 1, '2023-03-28 07:57:33', '2023-03-28 07:57:33'),
(949, 1, 1, 1, 1, 1, '2023-03-28 07:57:33', '2023-03-28 07:57:33'),
(950, 1, 1, 1, 1, 1, '2023-03-28 07:57:34', '2023-03-28 07:57:34'),
(951, 1, 1, 1, 1, 1, '2023-03-28 07:57:34', '2023-03-28 07:57:34'),
(952, 1, 1, 1, 1, 1, '2023-03-28 07:57:34', '2023-03-28 07:57:34'),
(953, 1, 1, 1, 1, 1, '2023-03-28 07:57:34', '2023-03-28 07:57:34'),
(954, 1, 1, 1, 1, 1, '2023-03-28 07:57:34', '2023-03-28 07:57:34'),
(955, 1, 1, 1, 1, 1, '2023-03-28 07:57:35', '2023-03-28 07:57:35'),
(956, 1, 1, 1, 1, 1, '2023-03-28 07:57:35', '2023-03-28 07:57:35'),
(957, 1, 1, 1, 1, 1, '2023-03-28 07:57:35', '2023-03-28 07:57:35'),
(958, 1, 1, 1, 1, 1, '2023-03-28 07:57:35', '2023-03-28 07:57:35'),
(959, 1, 1, 1, 1, 1, '2023-03-28 07:57:35', '2023-03-28 07:57:35'),
(960, 1, 1, 1, 1, 1, '2023-03-28 07:57:53', '2023-03-28 07:57:53'),
(961, 1, 1, 1, 1, 1, '2023-03-28 08:01:52', '2023-03-28 08:01:52'),
(962, 1, 1, 1, 1, 1, '2023-03-28 08:04:18', '2023-03-28 08:04:18'),
(963, 1, 1, 1, 1, 1, '2023-03-28 08:04:50', '2023-03-28 08:04:50'),
(964, 1, 1, 1, 1, 1, '2023-03-28 08:04:50', '2023-03-28 08:04:50'),
(965, 1, 1, 1, 1, 1, '2023-03-28 08:23:13', '2023-03-28 08:23:13'),
(966, 1, 1, 1, 1, 1, '2023-03-28 08:23:14', '2023-03-28 08:23:14'),
(967, 1, 1, 1, 1, 1, '2023-03-28 08:23:16', '2023-03-28 08:23:16'),
(968, 1, 1, 1, 1, 1, '2023-03-28 08:23:16', '2023-03-28 08:23:16'),
(969, 1, 1, 1, 1, 1, '2023-03-28 08:23:17', '2023-03-28 08:23:17'),
(970, 1, 1, 1, 1, 1, '2023-03-28 08:23:17', '2023-03-28 08:23:17'),
(971, 1, 1, 1, 1, 1, '2023-03-28 08:23:17', '2023-03-28 08:23:17'),
(972, 1, 1, 1, 1, 1, '2023-03-28 08:23:17', '2023-03-28 08:23:17'),
(973, 1, 1, 1, 1, 1, '2023-03-28 08:23:17', '2023-03-28 08:23:17'),
(974, 1, 1, 1, 1, 1, '2023-03-28 08:23:17', '2023-03-28 08:23:17'),
(975, 1, 1, 1, 1, 1, '2023-03-28 08:23:18', '2023-03-28 08:23:18'),
(976, 1, 1, 1, 1, 1, '2023-03-28 08:23:18', '2023-03-28 08:23:18'),
(977, 1, 1, 1, 1, 1, '2023-03-28 08:23:18', '2023-03-28 08:23:18'),
(978, 1, 1, 1, 1, 1, '2023-03-28 08:23:18', '2023-03-28 08:23:18'),
(979, 1, 1, 1, 1, 1, '2023-03-28 08:23:18', '2023-03-28 08:23:18'),
(980, 1, 1, 1, 1, 1, '2023-03-28 08:23:18', '2023-03-28 08:23:18'),
(981, 1, 1, 1, 1, 1, '2023-03-28 08:23:19', '2023-03-28 08:23:19'),
(982, 1, 1, 1, 1, 1, '2023-03-28 08:23:19', '2023-03-28 08:23:19'),
(983, 1, 1, 1, 1, 1, '2023-03-28 08:23:19', '2023-03-28 08:23:19'),
(984, 1, 1, 1, 1, 1, '2023-03-28 08:23:19', '2023-03-28 08:23:19'),
(985, 1, 1, 1, 1, 1, '2023-03-28 08:23:19', '2023-03-28 08:23:19'),
(986, 1, 1, 1, 1, 1, '2023-03-28 08:23:40', '2023-03-28 08:23:40'),
(987, 1, 1, 1, 1, 1, '2023-03-28 08:24:54', '2023-03-28 08:24:54'),
(988, 1, 1, 1, 1, 1, '2023-03-28 08:25:16', '2023-03-28 08:25:16'),
(989, 1, 1, 1, 1, 1, '2023-03-28 08:25:19', '2023-03-28 08:25:19'),
(990, 1, 1, 1, 1, 1, '2023-03-28 08:25:38', '2023-03-28 08:25:38'),
(991, 1, 1, 1, 1, 1, '2023-03-28 08:25:39', '2023-03-28 08:25:39'),
(992, 1, 1, 1, 1, 1, '2023-03-28 08:25:39', '2023-03-28 08:25:39'),
(993, 1, 1, 1, 1, 1, '2023-03-28 08:25:51', '2023-03-28 08:25:51'),
(994, 1, 1, 1, 1, 1, '2023-03-28 08:42:02', '2023-03-28 08:42:02'),
(995, 1, 1, 1, 1, 1, '2023-03-28 08:42:05', '2023-03-28 08:42:05'),
(996, 1, 1, 1, 1, 1, '2023-03-28 08:42:34', '2023-03-28 08:42:34'),
(997, 1, 1, 1, 1, 1, '2023-03-28 08:42:47', '2023-03-28 08:42:47'),
(998, 1, 1, 1, 1, 1, '2023-03-28 08:43:38', '2023-03-28 08:43:38'),
(999, 1, 1, 1, 1, 1, '2023-03-28 08:43:49', '2023-03-28 08:43:49'),
(1000, 1, 1, 1, 1, 1, '2023-03-28 08:43:49', '2023-03-28 08:43:49'),
(1001, 1, 1, 1, 1, 1, '2023-03-28 08:43:50', '2023-03-28 08:43:50'),
(1002, 1, 1, 1, 1, 1, '2023-03-28 08:43:55', '2023-03-28 08:43:55'),
(1003, 1, 1, 1, 1, 1, '2023-03-28 08:48:50', '2023-03-28 08:48:50'),
(1004, 1, 1, 1, 1, 1, '2023-03-28 08:49:47', '2023-03-28 08:49:47'),
(1005, 1, 1, 1, 1, 1, '2023-03-28 08:50:39', '2023-03-28 08:50:39'),
(1006, 1, 1, 1, 1, 1, '2023-03-28 08:51:08', '2023-03-28 08:51:08'),
(1007, 1, 1, 1, 1, 1, '2023-03-28 08:51:12', '2023-03-28 08:51:12'),
(1008, 1, 1, 1, 1, 1, '2023-03-28 08:52:56', '2023-03-28 08:52:56'),
(1009, 1, 1, 1, 1, 1, '2023-03-28 08:53:36', '2023-03-28 08:53:36'),
(1010, 1, 1, 1, 1, 1, '2023-03-28 08:58:16', '2023-03-28 08:58:16'),
(1011, 1, 1, 1, 1, 1, '2023-03-28 08:58:24', '2023-03-28 08:58:24'),
(1012, 1, 1, 1, 1, 1, '2023-03-28 08:58:24', '2023-03-28 08:58:24'),
(1013, 1, 1, 1, 1, 1, '2023-03-28 08:58:24', '2023-03-28 08:58:24'),
(1014, 1, 1, 1, 1, 1, '2023-03-28 08:59:30', '2023-03-28 08:59:30'),
(1015, 1, 1, 1, 1, 1, '2023-03-28 08:59:35', '2023-03-28 08:59:35'),
(1016, 1, 1, 1, 1, 1, '2023-03-28 08:59:39', '2023-03-28 08:59:39'),
(1017, 1, 1, 1, 1, 1, '2023-03-28 09:02:25', '2023-03-28 09:02:25'),
(1018, 1, 1, 1, 1, 1, '2023-03-28 09:05:05', '2023-03-28 09:05:05'),
(1019, 1, 1, 1, 1, 1, '2023-03-28 09:07:32', '2023-03-28 09:07:32'),
(1020, 1, 1, 1, 1, 1, '2023-03-28 09:28:05', '2023-03-28 09:28:05'),
(1021, 1, 1, 1, 1, 1, '2023-03-28 09:28:48', '2023-03-28 09:28:48'),
(1022, 1, 1, 1, 1, 1, '2023-03-28 09:34:24', '2023-03-28 09:34:24'),
(1023, 1, 1, 1, 1, 1, '2023-03-28 09:37:17', '2023-03-28 09:37:17'),
(1024, 1, 1, 1, 1, 1, '2023-03-28 09:42:28', '2023-03-28 09:42:28'),
(1025, 1, 1, 1, 1, 1, '2023-03-28 09:43:03', '2023-03-28 09:43:03'),
(1026, 1, 1, 1, 1, 1, '2023-03-28 09:52:34', '2023-03-28 09:52:34'),
(1027, 1, 1, 1, 1, 1, '2023-03-28 09:52:55', '2023-03-28 09:52:55'),
(1028, 1, 1, 1, 1, 1, '2023-03-28 09:53:10', '2023-03-28 09:53:10'),
(1029, 1, 1, 1, 1, 1, '2023-03-28 09:53:27', '2023-03-28 09:53:27'),
(1030, 1, 1, 1, 1, 1, '2023-03-28 09:54:57', '2023-03-28 09:54:57'),
(1031, 1, 1, 1, 1, 1, '2023-03-28 09:54:57', '2023-03-28 09:54:57'),
(1032, 1, 1, 1, 1, 1, '2023-03-28 09:54:57', '2023-03-28 09:54:57'),
(1033, 1, 1, 1, 1, 1, '2023-03-28 09:55:46', '2023-03-28 09:55:46'),
(1034, 1, 1, 1, 1, 1, '2023-03-28 09:55:46', '2023-03-28 09:55:46'),
(1035, 1, 1, 1, 1, 1, '2023-03-28 09:55:46', '2023-03-28 09:55:46'),
(1036, 1, 1, 1, 1, 1, '2023-03-28 09:57:02', '2023-03-28 09:57:02'),
(1037, 1, 1, 1, 1, 1, '2023-03-28 09:57:03', '2023-03-28 09:57:03'),
(1038, 1, 1, 1, 1, 1, '2023-03-28 09:57:04', '2023-03-28 09:57:04'),
(1039, 1, 1, 1, 1, 1, '2023-03-28 09:57:08', '2023-03-28 09:57:08'),
(1040, 1, 1, 1, 1, 1, '2023-03-28 10:03:57', '2023-03-28 10:03:57'),
(1041, 1, 1, 1, 1, 1, '2023-03-28 10:05:02', '2023-03-28 10:05:02'),
(1042, 1, 1, 1, 1, 1, '2023-03-28 10:05:08', '2023-03-28 10:05:08'),
(1043, 1, 1, 1, 1, 1, '2023-03-28 10:05:36', '2023-03-28 10:05:36'),
(1044, 1, 1, 1, 1, 1, '2023-03-28 10:05:42', '2023-03-28 10:05:42'),
(1045, 1, 1, 1, 1, 1, '2023-03-28 10:06:06', '2023-03-28 10:06:06'),
(1046, 1, 1, 1, 1, 1, '2023-03-29 03:31:35', '2023-03-29 03:31:35'),
(1047, 1, 1, 1, 1, 1, '2023-03-29 03:31:36', '2023-03-29 03:31:36'),
(1048, 1, 1, 1, 1, 1, '2023-03-29 03:31:38', '2023-03-29 03:31:38'),
(1049, 1, 1, 1, 1, 1, '2023-03-29 03:31:38', '2023-03-29 03:31:38'),
(1050, 1, 1, 1, 1, 1, '2023-03-29 03:31:39', '2023-03-29 03:31:39'),
(1051, 1, 1, 1, 1, 1, '2023-03-29 03:31:39', '2023-03-29 03:31:39'),
(1052, 1, 1, 1, 1, 1, '2023-03-29 03:31:39', '2023-03-29 03:31:39'),
(1053, 1, 1, 1, 1, 1, '2023-03-29 03:31:39', '2023-03-29 03:31:39'),
(1054, 1, 1, 1, 1, 1, '2023-03-29 03:31:39', '2023-03-29 03:31:39'),
(1055, 1, 1, 1, 1, 1, '2023-03-29 03:31:40', '2023-03-29 03:31:40'),
(1056, 1, 1, 1, 1, 1, '2023-03-29 03:31:40', '2023-03-29 03:31:40'),
(1057, 1, 1, 1, 1, 1, '2023-03-29 03:31:40', '2023-03-29 03:31:40'),
(1058, 1, 1, 1, 1, 1, '2023-03-29 03:31:40', '2023-03-29 03:31:40'),
(1059, 1, 1, 1, 1, 1, '2023-03-29 03:31:40', '2023-03-29 03:31:40'),
(1060, 1, 1, 1, 1, 1, '2023-03-29 03:31:41', '2023-03-29 03:31:41'),
(1061, 1, 1, 1, 1, 1, '2023-03-29 03:31:41', '2023-03-29 03:31:41'),
(1062, 1, 1, 1, 1, 1, '2023-03-29 03:31:41', '2023-03-29 03:31:41'),
(1063, 1, 1, 1, 1, 1, '2023-03-29 03:31:41', '2023-03-29 03:31:41'),
(1064, 1, 1, 1, 1, 1, '2023-03-29 03:31:41', '2023-03-29 03:31:41'),
(1065, 1, 1, 1, 1, 1, '2023-03-29 03:31:42', '2023-03-29 03:31:42'),
(1066, 1, 1, 1, 1, 1, '2023-03-29 03:31:42', '2023-03-29 03:31:42'),
(1067, 1, 1, 1, 1, 1, '2023-03-29 03:32:58', '2023-03-29 03:32:58'),
(1068, 1, 1, 1, 1, 1, '2023-03-29 03:33:08', '2023-03-29 03:33:08'),
(1069, 1, 1, 1, 1, 1, '2023-03-29 03:34:11', '2023-03-29 03:34:11'),
(1070, 1, 1, 1, 1, 1, '2023-03-29 03:35:50', '2023-03-29 03:35:50'),
(1071, 1, 1, 1, 1, 1, '2023-03-29 03:36:06', '2023-03-29 03:36:06'),
(1072, 1, 1, 1, 1, 1, '2023-03-29 03:36:25', '2023-03-29 03:36:25'),
(1073, 1, 1, 1, 1, 1, '2023-03-29 03:36:54', '2023-03-29 03:36:54'),
(1074, 1, 1, 1, 1, 1, '2023-03-29 03:37:03', '2023-03-29 03:37:03'),
(1075, 1, 1, 1, 1, 1, '2023-03-29 03:38:20', '2023-03-29 03:38:20'),
(1076, 1, 1, 1, 1, 1, '2023-03-29 03:39:02', '2023-03-29 03:39:02'),
(1077, 1, 1, 1, 1, 1, '2023-03-29 03:39:13', '2023-03-29 03:39:13'),
(1078, 1, 1, 1, 1, 1, '2023-03-29 03:39:39', '2023-03-29 03:39:39'),
(1079, 1, 1, 1, 1, 1, '2023-03-29 03:42:32', '2023-03-29 03:42:32'),
(1080, 1, 1, 1, 1, 1, '2023-03-29 03:43:04', '2023-03-29 03:43:04'),
(1081, 1, 1, 1, 1, 1, '2023-03-29 03:44:05', '2023-03-29 03:44:05'),
(1082, 1, 1, 1, 1, 1, '2023-03-29 03:44:11', '2023-03-29 03:44:11'),
(1083, 1, 1, 1, 1, 1, '2023-03-29 03:46:28', '2023-03-29 03:46:28'),
(1084, 1, 1, 1, 1, 1, '2023-03-29 03:52:29', '2023-03-29 03:52:29'),
(1085, 1, 1, 1, 1, 1, '2023-03-29 03:53:36', '2023-03-29 03:53:36'),
(1086, 1, 1, 1, 1, 1, '2023-03-29 04:01:47', '2023-03-29 04:01:47'),
(1087, 1, 1, 1, 1, 1, '2023-03-29 04:02:13', '2023-03-29 04:02:13'),
(1088, 1, 1, 1, 1, 1, '2023-03-29 04:03:03', '2023-03-29 04:03:03'),
(1089, 1, 1, 1, 1, 1, '2023-03-29 04:04:50', '2023-03-29 04:04:50'),
(1090, 1, 1, 1, 1, 1, '2023-03-29 04:05:47', '2023-03-29 04:05:47'),
(1091, 1, 1, 1, 1, 1, '2023-03-29 04:05:59', '2023-03-29 04:05:59'),
(1092, 1, 1, 1, 1, 1, '2023-03-29 04:06:25', '2023-03-29 04:06:25'),
(1093, 1, 1, 1, 1, 1, '2023-03-29 04:08:37', '2023-03-29 04:08:37'),
(1094, 1, 1, 1, 1, 1, '2023-03-29 04:08:47', '2023-03-29 04:08:47'),
(1095, 1, 1, 1, 1, 1, '2023-03-29 04:09:19', '2023-03-29 04:09:19'),
(1096, 1, 1, 1, 1, 1, '2023-03-29 04:28:46', '2023-03-29 04:28:46'),
(1097, 1, 1, 1, 1, 1, '2023-03-29 04:28:57', '2023-03-29 04:28:57'),
(1098, 1, 1, 1, 1, 1, '2023-03-29 04:29:19', '2023-03-29 04:29:19'),
(1099, 1, 1, 1, 1, 1, '2023-03-29 04:30:58', '2023-03-29 04:30:58'),
(1100, 1, 1, 1, 1, 1, '2023-03-29 04:37:34', '2023-03-29 04:37:34'),
(1101, 1, 1, 1, 1, 1, '2023-03-29 04:38:23', '2023-03-29 04:38:23'),
(1102, 1, 1, 1, 1, 1, '2023-03-29 04:39:23', '2023-03-29 04:39:23'),
(1103, 1, 1, 1, 1, 1, '2023-03-29 04:41:15', '2023-03-29 04:41:15'),
(1104, 1, 1, 1, 1, 1, '2023-03-29 04:41:15', '2023-03-29 04:41:15'),
(1105, 1, 1, 1, 1, 1, '2023-03-29 04:41:17', '2023-03-29 04:41:17'),
(1106, 1, 1, 1, 1, 1, '2023-03-29 04:41:18', '2023-03-29 04:41:18'),
(1107, 1, 1, 1, 1, 1, '2023-03-29 04:41:18', '2023-03-29 04:41:18'),
(1108, 1, 1, 1, 1, 1, '2023-03-29 04:41:18', '2023-03-29 04:41:18'),
(1109, 1, 1, 1, 1, 1, '2023-03-29 04:41:18', '2023-03-29 04:41:18'),
(1110, 1, 1, 1, 1, 1, '2023-03-29 04:41:18', '2023-03-29 04:41:18'),
(1111, 1, 1, 1, 1, 1, '2023-03-29 04:41:18', '2023-03-29 04:41:18'),
(1112, 1, 1, 1, 1, 1, '2023-03-29 04:41:19', '2023-03-29 04:41:19'),
(1113, 1, 1, 1, 1, 1, '2023-03-29 04:41:19', '2023-03-29 04:41:19'),
(1114, 1, 1, 1, 1, 1, '2023-03-29 04:41:19', '2023-03-29 04:41:19'),
(1115, 1, 1, 1, 1, 1, '2023-03-29 04:41:19', '2023-03-29 04:41:19'),
(1116, 1, 1, 1, 1, 1, '2023-03-29 04:41:19', '2023-03-29 04:41:19'),
(1117, 1, 1, 1, 1, 1, '2023-03-29 04:41:19', '2023-03-29 04:41:19'),
(1118, 1, 1, 1, 1, 1, '2023-03-29 04:41:20', '2023-03-29 04:41:20'),
(1119, 1, 1, 1, 1, 1, '2023-03-29 04:41:20', '2023-03-29 04:41:20'),
(1120, 1, 1, 1, 1, 1, '2023-03-29 04:41:20', '2023-03-29 04:41:20'),
(1121, 1, 1, 1, 1, 1, '2023-03-29 04:41:20', '2023-03-29 04:41:20'),
(1122, 1, 1, 1, 1, 1, '2023-03-29 04:41:20', '2023-03-29 04:41:20'),
(1123, 1, 1, 1, 1, 1, '2023-03-29 04:41:20', '2023-03-29 04:41:20'),
(1124, 1, 1, 1, 1, 1, '2023-03-29 04:42:55', '2023-03-29 04:42:55'),
(1125, 1, 1, 1, 1, 1, '2023-03-29 04:43:11', '2023-03-29 04:43:11'),
(1126, 1, 1, 1, 1, 1, '2023-03-29 04:44:46', '2023-03-29 04:44:46'),
(1127, 1, 1, 1, 1, 1, '2023-03-29 04:48:34', '2023-03-29 04:48:34'),
(1128, 1, 1, 1, 1, 1, '2023-03-29 04:48:39', '2023-03-29 04:48:39'),
(1129, 1, 1, 1, 1, 1, '2023-03-29 04:48:48', '2023-03-29 04:48:48'),
(1130, 1, 1, 1, 1, 1, '2023-03-29 04:49:53', '2023-03-29 04:49:53'),
(1131, 1, 1, 1, 1, 1, '2023-03-29 05:00:50', '2023-03-29 05:00:50'),
(1132, 1, 1, 1, 1, 1, '2023-03-29 05:00:55', '2023-03-29 05:00:55'),
(1133, 1, 1, 1, 1, 1, '2023-03-29 05:01:20', '2023-03-29 05:01:20'),
(1134, 1, 1, 1, 1, 1, '2023-03-29 05:01:28', '2023-03-29 05:01:28'),
(1135, 1, 1, 1, 1, 1, '2023-03-29 05:16:20', '2023-03-29 05:16:20'),
(1136, 1, 1, 1, 1, 1, '2023-03-29 05:16:20', '2023-03-29 05:16:20'),
(1137, 1, 1, 1, 1, 1, '2023-03-29 05:16:23', '2023-03-29 05:16:23'),
(1138, 1, 1, 1, 1, 1, '2023-03-29 05:16:23', '2023-03-29 05:16:23'),
(1139, 1, 1, 1, 1, 1, '2023-03-29 05:16:23', '2023-03-29 05:16:23'),
(1140, 1, 1, 1, 1, 1, '2023-03-29 05:16:23', '2023-03-29 05:16:23'),
(1141, 1, 1, 1, 1, 1, '2023-03-29 05:16:23', '2023-03-29 05:16:23'),
(1142, 1, 1, 1, 1, 1, '2023-03-29 05:16:24', '2023-03-29 05:16:24'),
(1143, 1, 1, 1, 1, 1, '2023-03-29 05:16:24', '2023-03-29 05:16:24'),
(1144, 1, 1, 1, 1, 1, '2023-03-29 05:16:24', '2023-03-29 05:16:24'),
(1145, 1, 1, 1, 1, 1, '2023-03-29 05:16:24', '2023-03-29 05:16:24'),
(1146, 1, 1, 1, 1, 1, '2023-03-29 05:16:24', '2023-03-29 05:16:24'),
(1147, 1, 1, 1, 1, 1, '2023-03-29 05:16:24', '2023-03-29 05:16:24'),
(1148, 1, 1, 1, 1, 1, '2023-03-29 05:16:25', '2023-03-29 05:16:25'),
(1149, 1, 1, 1, 1, 1, '2023-03-29 05:16:25', '2023-03-29 05:16:25'),
(1150, 1, 1, 1, 1, 1, '2023-03-29 05:16:25', '2023-03-29 05:16:25'),
(1151, 1, 1, 1, 1, 1, '2023-03-29 05:16:25', '2023-03-29 05:16:25'),
(1152, 1, 1, 1, 1, 1, '2023-03-29 05:16:25', '2023-03-29 05:16:25'),
(1153, 1, 1, 1, 1, 1, '2023-03-29 05:16:26', '2023-03-29 05:16:26'),
(1154, 1, 1, 1, 1, 1, '2023-03-29 05:16:26', '2023-03-29 05:16:26'),
(1155, 1, 1, 1, 1, 1, '2023-03-29 05:16:26', '2023-03-29 05:16:26'),
(1156, 1, 1, 1, 1, 1, '2023-03-29 05:16:49', '2023-03-29 05:16:49'),
(1157, 1, 1, 1, 1, 1, '2023-03-29 05:17:13', '2023-03-29 05:17:13'),
(1158, 1, 1, 1, 1, 1, '2023-03-29 05:19:31', '2023-03-29 05:19:31'),
(1159, 1, 1, 1, 1, 1, '2023-03-29 05:19:31', '2023-03-29 05:19:31'),
(1160, 1, 1, 1, 1, 1, '2023-03-29 05:19:32', '2023-03-29 05:19:32'),
(1161, 1, 1, 1, 1, 1, '2023-03-29 05:19:44', '2023-03-29 05:19:44'),
(1162, 1, 1, 1, 1, 1, '2023-03-29 05:19:46', '2023-03-29 05:19:46'),
(1163, 1, 1, 1, 1, 1, '2023-03-29 05:19:51', '2023-03-29 05:19:51'),
(1164, 1, 1, 1, 1, 1, '2023-03-29 05:21:12', '2023-03-29 05:21:12'),
(1165, 1, 1, 1, 1, 1, '2023-03-29 05:21:20', '2023-03-29 05:21:20'),
(1166, 1, 1, 1, 1, 1, '2023-03-29 05:25:08', '2023-03-29 05:25:08'),
(1167, 1, 1, 1, 1, 1, '2023-03-29 05:25:39', '2023-03-29 05:25:39'),
(1168, 1, 1, 1, 1, 1, '2023-03-29 05:25:52', '2023-03-29 05:25:52'),
(1169, 1, 1, 1, 1, 1, '2023-03-29 05:26:16', '2023-03-29 05:26:16'),
(1170, 1, 1, 1, 1, 1, '2023-03-29 05:28:39', '2023-03-29 05:28:39'),
(1171, 1, 1, 1, 1, 1, '2023-03-29 05:28:39', '2023-03-29 05:28:39'),
(1172, 1, 1, 1, 1, 1, '2023-03-29 05:28:39', '2023-03-29 05:28:39'),
(1173, 1, 1, 1, 1, 1, '2023-03-29 05:28:42', '2023-03-29 05:28:42'),
(1174, 1, 1, 1, 1, 1, '2023-03-29 05:28:46', '2023-03-29 05:28:46'),
(1175, 1, 1, 1, 1, 1, '2023-03-29 05:28:46', '2023-03-29 05:28:46'),
(1176, 1, 1, 1, 1, 1, '2023-03-29 05:28:53', '2023-03-29 05:28:53'),
(1177, 1, 1, 1, 1, 1, '2023-03-29 05:29:00', '2023-03-29 05:29:00'),
(1178, 1, 1, 1, 1, 1, '2023-03-29 05:29:01', '2023-03-29 05:29:01'),
(1179, 1, 1, 1, 1, 1, '2023-03-29 05:29:01', '2023-03-29 05:29:01'),
(1180, 1, 1, 1, 1, 1, '2023-03-29 05:29:01', '2023-03-29 05:29:01'),
(1181, 1, 1, 1, 1, 1, '2023-03-29 05:29:01', '2023-03-29 05:29:01'),
(1182, 1, 1, 1, 1, 1, '2023-03-29 05:29:09', '2023-03-29 05:29:09'),
(1183, 1, 1, 1, 1, 1, '2023-03-29 05:29:11', '2023-03-29 05:29:11'),
(1184, 1, 1, 1, 1, 1, '2023-03-29 05:29:23', '2023-03-29 05:29:23'),
(1185, 1, 1, 1, 1, 1, '2023-03-29 05:29:44', '2023-03-29 05:29:44'),
(1186, 1, 1, 1, 1, 1, '2023-03-29 05:29:53', '2023-03-29 05:29:53'),
(1187, 1, 1, 1, 1, 1, '2023-03-29 05:29:55', '2023-03-29 05:29:55'),
(1188, 1, 1, 1, 1, 1, '2023-03-29 05:30:00', '2023-03-29 05:30:00'),
(1189, 1, 1, 1, 1, 1, '2023-03-29 05:30:02', '2023-03-29 05:30:02'),
(1190, 1, 1, 1, 1, 1, '2023-03-29 05:30:02', '2023-03-29 05:30:02'),
(1191, 1, 1, 1, 1, 1, '2023-03-29 05:30:02', '2023-03-29 05:30:02'),
(1192, 1, 1, 1, 1, 1, '2023-03-29 05:30:09', '2023-03-29 05:30:09'),
(1193, 1, 1, 1, 1, 1, '2023-03-29 05:30:14', '2023-03-29 05:30:14'),
(1194, 1, 1, 1, 1, 1, '2023-03-29 05:30:18', '2023-03-29 05:30:18'),
(1195, 1, 1, 1, 1, 1, '2023-03-29 05:30:20', '2023-03-29 05:30:20'),
(1196, 1, 1, 1, 1, 1, '2023-03-29 05:30:29', '2023-03-29 05:30:29'),
(1197, 1, 1, 1, 1, 1, '2023-03-29 05:30:30', '2023-03-29 05:30:30'),
(1198, 1, 1, 1, 1, 1, '2023-03-29 05:30:30', '2023-03-29 05:30:30'),
(1199, 1, 1, 1, 1, 1, '2023-03-29 05:30:34', '2023-03-29 05:30:34'),
(1200, 1, 1, 1, 1, 1, '2023-03-29 05:30:39', '2023-03-29 05:30:39'),
(1201, 1, 1, 1, 1, 1, '2023-03-29 05:30:49', '2023-03-29 05:30:49'),
(1202, 1, 1, 1, 1, 1, '2023-03-29 05:32:06', '2023-03-29 05:32:06'),
(1203, 1, 1, 1, 1, 1, '2023-03-29 05:36:07', '2023-03-29 05:36:07'),
(1204, 1, 1, 1, 1, 1, '2023-03-29 05:39:56', '2023-03-29 05:39:56'),
(1205, 1, 1, 1, 1, 1, '2023-03-29 05:44:32', '2023-03-29 05:44:32'),
(1206, 1, 1, 1, 1, 1, '2023-03-29 05:47:29', '2023-03-29 05:47:29'),
(1207, 1, 1, 1, 1, 1, '2023-03-29 06:05:02', '2023-03-29 06:05:02'),
(1208, 1, 1, 1, 1, 1, '2023-03-29 06:05:20', '2023-03-29 06:05:20'),
(1209, 1, 1, 1, 1, 1, '2023-03-29 06:18:31', '2023-03-29 06:18:31'),
(1210, 1, 1, 1, 1, 1, '2023-03-29 06:28:05', '2023-03-29 06:28:05'),
(1211, 1, 1, 1, 1, 1, '2023-03-29 06:28:17', '2023-03-29 06:28:17'),
(1212, 1, 1, 1, 1, 1, '2023-03-29 06:28:17', '2023-03-29 06:28:17'),
(1213, 1, 1, 1, 1, 1, '2023-03-29 06:28:19', '2023-03-29 06:28:19'),
(1214, 1, 1, 1, 1, 1, '2023-03-29 06:28:41', '2023-03-29 06:28:41'),
(1215, 1, 1, 1, 1, 1, '2023-03-29 06:28:43', '2023-03-29 06:28:43'),
(1216, 1, 1, 1, 1, 1, '2023-03-29 06:28:43', '2023-03-29 06:28:43'),
(1217, 1, 1, 1, 1, 1, '2023-03-29 06:28:43', '2023-03-29 06:28:43'),
(1218, 1, 1, 1, 1, 1, '2023-03-29 06:28:43', '2023-03-29 06:28:43'),
(1219, 1, 1, 1, 1, 1, '2023-03-29 06:28:52', '2023-03-29 06:28:52'),
(1220, 1, 1, 1, 1, 1, '2023-03-29 06:39:50', '2023-03-29 06:39:50'),
(1221, 1, 1, 1, 1, 1, '2023-03-29 06:44:50', '2023-03-29 06:44:50'),
(1222, 1, 1, 1, 1, 1, '2023-03-29 06:45:19', '2023-03-29 06:45:19'),
(1223, 1, 1, 1, 1, 1, '2023-03-29 06:50:04', '2023-03-29 06:50:04'),
(1224, 1, 1, 1, 1, 1, '2023-03-30 04:43:59', '2023-03-30 04:43:59'),
(1225, 1, 1, 1, 1, 1, '2023-03-30 04:44:00', '2023-03-30 04:44:00'),
(1226, 1, 1, 1, 1, 1, '2023-03-30 04:44:00', '2023-03-30 04:44:00'),
(1227, 1, 1, 1, 1, 1, '2023-03-30 04:44:00', '2023-03-30 04:44:00'),
(1228, 1, 1, 1, 1, 1, '2023-03-30 04:44:00', '2023-03-30 04:44:00'),
(1229, 1, 1, 1, 1, 1, '2023-03-30 04:44:00', '2023-03-30 04:44:00'),
(1230, 1, 1, 1, 1, 1, '2023-03-30 04:44:01', '2023-03-30 04:44:01'),
(1231, 1, 1, 1, 1, 1, '2023-03-30 04:44:01', '2023-03-30 04:44:01'),
(1232, 1, 1, 1, 1, 1, '2023-03-30 04:44:01', '2023-03-30 04:44:01'),
(1233, 1, 1, 1, 1, 1, '2023-03-30 04:44:01', '2023-03-30 04:44:01'),
(1234, 1, 1, 1, 1, 1, '2023-03-30 04:44:01', '2023-03-30 04:44:01'),
(1235, 1, 1, 1, 1, 1, '2023-03-30 04:44:01', '2023-03-30 04:44:01'),
(1236, 1, 1, 1, 1, 1, '2023-03-30 04:44:02', '2023-03-30 04:44:02'),
(1237, 1, 1, 1, 1, 1, '2023-03-30 04:44:02', '2023-03-30 04:44:02'),
(1238, 1, 1, 1, 1, 1, '2023-03-30 04:44:02', '2023-03-30 04:44:02'),
(1239, 1, 1, 1, 1, 1, '2023-03-30 04:44:02', '2023-03-30 04:44:02'),
(1240, 1, 1, 1, 1, 1, '2023-03-30 04:44:03', '2023-03-30 04:44:03'),
(1241, 1, 1, 1, 1, 1, '2023-03-30 04:44:03', '2023-03-30 04:44:03'),
(1242, 1, 1, 1, 1, 1, '2023-03-30 04:44:03', '2023-03-30 04:44:03'),
(1243, 1, 1, 1, 1, 1, '2023-03-30 04:44:03', '2023-03-30 04:44:03'),
(1244, 1, 1, 1, 1, 1, '2023-03-30 04:44:49', '2023-03-30 04:44:49'),
(1245, 1, 1, 1, 1, 1, '2023-03-30 04:44:49', '2023-03-30 04:44:49'),
(1246, 1, 1, 1, 1, 1, '2023-03-30 04:44:56', '2023-03-30 04:44:56'),
(1247, 1, 1, 1, 1, 1, '2023-03-30 04:45:03', '2023-03-30 04:45:03'),
(1248, 1, 1, 1, 1, 1, '2023-03-30 04:45:14', '2023-03-30 04:45:14'),
(1249, 1, 1, 1, 1, 1, '2023-03-30 04:46:16', '2023-03-30 04:46:16'),
(1250, 1, 1, 1, 1, 1, '2023-03-30 04:46:45', '2023-03-30 04:46:45'),
(1251, 1, 1, 1, 1, 1, '2023-03-30 04:47:35', '2023-03-30 04:47:35'),
(1252, 1, 1, 1, 1, 1, '2023-03-30 04:48:07', '2023-03-30 04:48:07'),
(1253, 1, 1, 1, 1, 1, '2023-03-30 04:48:22', '2023-03-30 04:48:22'),
(1254, 1, 1, 1, 1, 1, '2023-03-30 04:51:08', '2023-03-30 04:51:08'),
(1255, 1, 1, 1, 1, 1, '2023-03-30 04:51:44', '2023-03-30 04:51:44'),
(1256, 1, 1, 1, 1, 1, '2023-03-30 04:52:02', '2023-03-30 04:52:02'),
(1257, 1, 1, 1, 1, 1, '2023-03-30 04:52:02', '2023-03-30 04:52:02'),
(1258, 1, 1, 1, 1, 1, '2023-03-30 04:52:03', '2023-03-30 04:52:03'),
(1259, 1, 1, 1, 1, 1, '2023-03-30 04:53:24', '2023-03-30 04:53:24'),
(1260, 1, 1, 1, 1, 1, '2023-03-30 04:53:52', '2023-03-30 04:53:52'),
(1261, 1, 1, 1, 1, 1, '2023-03-30 04:54:12', '2023-03-30 04:54:12'),
(1262, 1, 1, 1, 1, 1, '2023-03-30 04:54:36', '2023-03-30 04:54:36'),
(1263, 1, 1, 1, 1, 1, '2023-03-30 04:54:56', '2023-03-30 04:54:56'),
(1264, 1, 1, 1, 1, 1, '2023-03-30 04:55:06', '2023-03-30 04:55:06'),
(1265, 1, 1, 1, 1, 1, '2023-03-30 04:56:13', '2023-03-30 04:56:13'),
(1266, 1, 1, 1, 1, 1, '2023-03-30 04:56:32', '2023-03-30 04:56:32'),
(1267, 1, 1, 1, 1, 1, '2023-03-30 04:56:47', '2023-03-30 04:56:47'),
(1268, 1, 1, 1, 1, 1, '2023-03-30 04:59:37', '2023-03-30 04:59:37'),
(1269, 1, 1, 1, 1, 1, '2023-03-30 04:59:55', '2023-03-30 04:59:55'),
(1270, 1, 1, 1, 1, 1, '2023-03-30 05:00:00', '2023-03-30 05:00:00'),
(1271, 1, 1, 1, 1, 1, '2023-03-30 05:00:50', '2023-03-30 05:00:50'),
(1272, 1, 1, 1, 1, 1, '2023-03-30 05:01:08', '2023-03-30 05:01:08'),
(1273, 1, 1, 1, 1, 1, '2023-03-30 05:01:45', '2023-03-30 05:01:45'),
(1274, 1, 1, 1, 1, 1, '2023-03-30 05:02:18', '2023-03-30 05:02:18'),
(1275, 1, 1, 1, 1, 1, '2023-03-30 05:02:36', '2023-03-30 05:02:36'),
(1276, 1, 1, 1, 1, 1, '2023-03-30 05:02:52', '2023-03-30 05:02:52'),
(1277, 1, 1, 1, 1, 1, '2023-03-30 05:03:22', '2023-03-30 05:03:22'),
(1278, 1, 1, 1, 1, 1, '2023-03-30 05:03:53', '2023-03-30 05:03:53'),
(1279, 1, 1, 1, 1, 1, '2023-03-30 05:04:28', '2023-03-30 05:04:28'),
(1280, 1, 1, 1, 1, 1, '2023-03-30 05:05:08', '2023-03-30 05:05:08'),
(1281, 1, 1, 1, 1, 1, '2023-03-30 05:05:25', '2023-03-30 05:05:25'),
(1282, 1, 1, 1, 1, 1, '2023-03-30 05:07:02', '2023-03-30 05:07:02'),
(1283, 1, 1, 1, 1, 1, '2023-03-30 05:09:16', '2023-03-30 05:09:16'),
(1284, 1, 1, 1, 1, 1, '2023-03-30 05:09:47', '2023-03-30 05:09:47'),
(1285, 1, 1, 1, 1, 1, '2023-03-30 05:09:50', '2023-03-30 05:09:50'),
(1286, 1, 1, 1, 1, 1, '2023-03-30 05:10:06', '2023-03-30 05:10:06'),
(1287, 1, 1, 1, 1, 1, '2023-03-30 05:10:06', '2023-03-30 05:10:06'),
(1288, 1, 1, 1, 1, 1, '2023-03-30 05:10:06', '2023-03-30 05:10:06'),
(1289, 1, 1, 1, 1, 1, '2023-03-30 05:10:06', '2023-03-30 05:10:06'),
(1290, 1, 1, 1, 1, 1, '2023-03-30 05:10:07', '2023-03-30 05:10:07'),
(1291, 1, 1, 1, 1, 1, '2023-03-30 05:12:17', '2023-03-30 05:12:17'),
(1292, 1, 1, 1, 1, 1, '2023-03-30 05:13:04', '2023-03-30 05:13:04'),
(1293, 1, 1, 1, 1, 1, '2023-03-30 05:13:11', '2023-03-30 05:13:11'),
(1294, 1, 1, 1, 1, 1, '2023-03-30 05:18:08', '2023-03-30 05:18:08'),
(1295, 1, 1, 1, 1, 1, '2023-03-30 05:18:33', '2023-03-30 05:18:33'),
(1296, 1, 1, 1, 1, 1, '2023-03-30 05:20:51', '2023-03-30 05:20:51'),
(1297, 1, 1, 1, 1, 1, '2023-03-30 05:22:20', '2023-03-30 05:22:20'),
(1298, 1, 1, 1, 1, 1, '2023-03-30 05:22:21', '2023-03-30 05:22:21'),
(1299, 1, 1, 1, 1, 1, '2023-03-30 05:22:23', '2023-03-30 05:22:23'),
(1300, 1, 1, 1, 1, 1, '2023-03-30 05:22:23', '2023-03-30 05:22:23'),
(1301, 1, 1, 1, 1, 1, '2023-03-30 05:22:23', '2023-03-30 05:22:23'),
(1302, 1, 1, 1, 1, 1, '2023-03-30 05:22:23', '2023-03-30 05:22:23'),
(1303, 1, 1, 1, 1, 1, '2023-03-30 05:22:24', '2023-03-30 05:22:24'),
(1304, 1, 1, 1, 1, 1, '2023-03-30 05:22:24', '2023-03-30 05:22:24'),
(1305, 1, 1, 1, 1, 1, '2023-03-30 05:22:24', '2023-03-30 05:22:24'),
(1306, 1, 1, 1, 1, 1, '2023-03-30 05:22:24', '2023-03-30 05:22:24'),
(1307, 1, 1, 1, 1, 1, '2023-03-30 05:22:24', '2023-03-30 05:22:24'),
(1308, 1, 1, 1, 1, 1, '2023-03-30 05:22:25', '2023-03-30 05:22:25'),
(1309, 1, 1, 1, 1, 1, '2023-03-30 05:22:25', '2023-03-30 05:22:25'),
(1310, 1, 1, 1, 1, 1, '2023-03-30 05:22:25', '2023-03-30 05:22:25'),
(1311, 1, 1, 1, 1, 1, '2023-03-30 05:22:25', '2023-03-30 05:22:25'),
(1312, 1, 1, 1, 1, 1, '2023-03-30 05:22:25', '2023-03-30 05:22:25'),
(1313, 1, 1, 1, 1, 1, '2023-03-30 05:22:26', '2023-03-30 05:22:26'),
(1314, 1, 1, 1, 1, 1, '2023-03-30 05:22:26', '2023-03-30 05:22:26'),
(1315, 1, 1, 1, 1, 1, '2023-03-30 05:22:26', '2023-03-30 05:22:26'),
(1316, 1, 1, 1, 1, 1, '2023-03-30 05:22:41', '2023-03-30 05:22:41'),
(1317, 1, 1, 1, 1, 1, '2023-03-30 05:25:14', '2023-03-30 05:25:14'),
(1318, 1, 1, 1, 1, 1, '2023-03-30 05:25:15', '2023-03-30 05:25:15'),
(1319, 1, 1, 1, 1, 1, '2023-03-30 05:25:17', '2023-03-30 05:25:17'),
(1320, 1, 1, 1, 1, 1, '2023-03-30 05:25:17', '2023-03-30 05:25:17'),
(1321, 1, 1, 1, 1, 1, '2023-03-30 05:25:17', '2023-03-30 05:25:17'),
(1322, 1, 1, 1, 1, 1, '2023-03-30 05:25:17', '2023-03-30 05:25:17'),
(1323, 1, 1, 1, 1, 1, '2023-03-30 05:25:17', '2023-03-30 05:25:17'),
(1324, 1, 1, 1, 1, 1, '2023-03-30 05:25:17', '2023-03-30 05:25:17'),
(1325, 1, 1, 1, 1, 1, '2023-03-30 05:25:18', '2023-03-30 05:25:18'),
(1326, 1, 1, 1, 1, 1, '2023-03-30 05:25:18', '2023-03-30 05:25:18'),
(1327, 1, 1, 1, 1, 1, '2023-03-30 05:25:18', '2023-03-30 05:25:18'),
(1328, 1, 1, 1, 1, 1, '2023-03-30 05:25:18', '2023-03-30 05:25:18'),
(1329, 1, 1, 1, 1, 1, '2023-03-30 05:25:19', '2023-03-30 05:25:19'),
(1330, 1, 1, 1, 1, 1, '2023-03-30 05:25:19', '2023-03-30 05:25:19'),
(1331, 1, 1, 1, 1, 1, '2023-03-30 05:25:19', '2023-03-30 05:25:19'),
(1332, 1, 1, 1, 1, 1, '2023-03-30 05:25:19', '2023-03-30 05:25:19'),
(1333, 1, 1, 1, 1, 1, '2023-03-30 05:25:19', '2023-03-30 05:25:19'),
(1334, 1, 1, 1, 1, 1, '2023-03-30 05:25:20', '2023-03-30 05:25:20'),
(1335, 1, 1, 1, 1, 1, '2023-03-30 05:25:20', '2023-03-30 05:25:20'),
(1336, 1, 1, 1, 1, 1, '2023-03-30 05:25:31', '2023-03-30 05:25:31'),
(1337, 1, 1, 1, 1, 1, '2023-03-30 05:25:41', '2023-03-30 05:25:41'),
(1338, 1, 1, 1, 1, 1, '2023-03-30 05:29:02', '2023-03-30 05:29:02'),
(1339, 1, 1, 1, 1, 1, '2023-03-30 05:29:02', '2023-03-30 05:29:02'),
(1340, 1, 1, 1, 1, 1, '2023-03-30 05:29:05', '2023-03-30 05:29:05'),
(1341, 1, 1, 1, 1, 1, '2023-03-30 05:29:05', '2023-03-30 05:29:05'),
(1342, 1, 1, 1, 1, 1, '2023-03-30 05:29:05', '2023-03-30 05:29:05'),
(1343, 1, 1, 1, 1, 1, '2023-03-30 05:29:05', '2023-03-30 05:29:05'),
(1344, 1, 1, 1, 1, 1, '2023-03-30 05:29:05', '2023-03-30 05:29:05'),
(1345, 1, 1, 1, 1, 1, '2023-03-30 05:29:05', '2023-03-30 05:29:05'),
(1346, 1, 1, 1, 1, 1, '2023-03-30 05:29:06', '2023-03-30 05:29:06'),
(1347, 1, 1, 1, 1, 1, '2023-03-30 05:29:06', '2023-03-30 05:29:06'),
(1348, 1, 1, 1, 1, 1, '2023-03-30 05:29:06', '2023-03-30 05:29:06'),
(1349, 1, 1, 1, 1, 1, '2023-03-30 05:29:06', '2023-03-30 05:29:06'),
(1350, 1, 1, 1, 1, 1, '2023-03-30 05:29:06', '2023-03-30 05:29:06'),
(1351, 1, 1, 1, 1, 1, '2023-03-30 05:29:07', '2023-03-30 05:29:07'),
(1352, 1, 1, 1, 1, 1, '2023-03-30 05:29:07', '2023-03-30 05:29:07'),
(1353, 1, 1, 1, 1, 1, '2023-03-30 05:29:07', '2023-03-30 05:29:07'),
(1354, 1, 1, 1, 1, 1, '2023-03-30 05:29:07', '2023-03-30 05:29:07'),
(1355, 1, 1, 1, 1, 1, '2023-03-30 05:29:08', '2023-03-30 05:29:08'),
(1356, 1, 1, 1, 1, 1, '2023-03-30 05:29:08', '2023-03-30 05:29:08'),
(1357, 1, 1, 1, 1, 1, '2023-03-30 05:29:27', '2023-03-30 05:29:27'),
(1358, 1, 1, 1, 1, 1, '2023-03-30 05:30:42', '2023-03-30 05:30:42'),
(1359, 1, 1, 1, 1, 1, '2023-03-30 05:30:42', '2023-03-30 05:30:42'),
(1360, 1, 1, 1, 1, 1, '2023-03-30 05:30:44', '2023-03-30 05:30:44'),
(1361, 1, 1, 1, 1, 1, '2023-03-30 05:30:45', '2023-03-30 05:30:45'),
(1362, 1, 1, 1, 1, 1, '2023-03-30 05:30:45', '2023-03-30 05:30:45'),
(1363, 1, 1, 1, 1, 1, '2023-03-30 05:30:45', '2023-03-30 05:30:45'),
(1364, 1, 1, 1, 1, 1, '2023-03-30 05:30:45', '2023-03-30 05:30:45'),
(1365, 1, 1, 1, 1, 1, '2023-03-30 05:30:45', '2023-03-30 05:30:45'),
(1366, 1, 1, 1, 1, 1, '2023-03-30 05:30:45', '2023-03-30 05:30:45'),
(1367, 1, 1, 1, 1, 1, '2023-03-30 05:30:46', '2023-03-30 05:30:46'),
(1368, 1, 1, 1, 1, 1, '2023-03-30 05:30:46', '2023-03-30 05:30:46'),
(1369, 1, 1, 1, 1, 1, '2023-03-30 05:30:46', '2023-03-30 05:30:46'),
(1370, 1, 1, 1, 1, 1, '2023-03-30 05:30:46', '2023-03-30 05:30:46'),
(1371, 1, 1, 1, 1, 1, '2023-03-30 05:30:46', '2023-03-30 05:30:46'),
(1372, 1, 1, 1, 1, 1, '2023-03-30 05:30:46', '2023-03-30 05:30:46'),
(1373, 1, 1, 1, 1, 1, '2023-03-30 05:30:47', '2023-03-30 05:30:47'),
(1374, 1, 1, 1, 1, 1, '2023-03-30 05:30:47', '2023-03-30 05:30:47'),
(1375, 1, 1, 1, 1, 1, '2023-03-30 05:30:48', '2023-03-30 05:30:48'),
(1376, 1, 1, 1, 1, 1, '2023-03-30 05:30:48', '2023-03-30 05:30:48'),
(1377, 1, 1, 1, 1, 1, '2023-03-30 05:30:59', '2023-03-30 05:30:59'),
(1378, 1, 1, 1, 1, 1, '2023-03-30 05:31:51', '2023-03-30 05:31:51'),
(1379, 1, 1, 1, 1, 1, '2023-03-30 05:31:51', '2023-03-30 05:31:51'),
(1380, 1, 1, 1, 1, 1, '2023-03-30 05:31:53', '2023-03-30 05:31:53'),
(1381, 1, 1, 1, 1, 1, '2023-03-30 05:31:53', '2023-03-30 05:31:53'),
(1382, 1, 1, 1, 1, 1, '2023-03-30 05:31:54', '2023-03-30 05:31:54'),
(1383, 1, 1, 1, 1, 1, '2023-03-30 05:31:54', '2023-03-30 05:31:54'),
(1384, 1, 1, 1, 1, 1, '2023-03-30 05:31:54', '2023-03-30 05:31:54'),
(1385, 1, 1, 1, 1, 1, '2023-03-30 05:31:54', '2023-03-30 05:31:54'),
(1386, 1, 1, 1, 1, 1, '2023-03-30 05:31:54', '2023-03-30 05:31:54'),
(1387, 1, 1, 1, 1, 1, '2023-03-30 05:31:54', '2023-03-30 05:31:54'),
(1388, 1, 1, 1, 1, 1, '2023-03-30 05:31:55', '2023-03-30 05:31:55'),
(1389, 1, 1, 1, 1, 1, '2023-03-30 05:31:55', '2023-03-30 05:31:55'),
(1390, 1, 1, 1, 1, 1, '2023-03-30 05:31:55', '2023-03-30 05:31:55'),
(1391, 1, 1, 1, 1, 1, '2023-03-30 05:31:55', '2023-03-30 05:31:55'),
(1392, 1, 1, 1, 1, 1, '2023-03-30 05:31:55', '2023-03-30 05:31:55'),
(1393, 1, 1, 1, 1, 1, '2023-03-30 05:31:56', '2023-03-30 05:31:56'),
(1394, 1, 1, 1, 1, 1, '2023-03-30 05:31:56', '2023-03-30 05:31:56'),
(1395, 1, 1, 1, 1, 1, '2023-03-30 05:31:56', '2023-03-30 05:31:56'),
(1396, 1, 1, 1, 1, 1, '2023-03-30 05:31:56', '2023-03-30 05:31:56'),
(1397, 1, 1, 1, 1, 1, '2023-03-30 05:32:04', '2023-03-30 05:32:04'),
(1398, 1, 1, 1, 1, 1, '2023-03-30 05:36:40', '2023-03-30 05:36:40'),
(1399, 1, 1, 1, 1, 1, '2023-03-30 05:36:41', '2023-03-30 05:36:41'),
(1400, 1, 1, 1, 1, 1, '2023-03-30 05:36:41', '2023-03-30 05:36:41'),
(1401, 1, 1, 1, 1, 1, '2023-03-30 05:36:41', '2023-03-30 05:36:41'),
(1402, 1, 1, 1, 1, 1, '2023-03-30 05:36:41', '2023-03-30 05:36:41'),
(1403, 1, 1, 1, 1, 1, '2023-03-30 05:36:41', '2023-03-30 05:36:41'),
(1404, 1, 1, 1, 1, 1, '2023-03-30 05:36:42', '2023-03-30 05:36:42'),
(1405, 1, 1, 1, 1, 1, '2023-03-30 05:36:42', '2023-03-30 05:36:42'),
(1406, 1, 1, 1, 1, 1, '2023-03-30 05:36:42', '2023-03-30 05:36:42'),
(1407, 1, 1, 1, 1, 1, '2023-03-30 05:36:42', '2023-03-30 05:36:42'),
(1408, 1, 1, 1, 1, 1, '2023-03-30 05:36:42', '2023-03-30 05:36:42'),
(1409, 1, 1, 1, 1, 1, '2023-03-30 05:36:42', '2023-03-30 05:36:42'),
(1410, 1, 1, 1, 1, 1, '2023-03-30 05:36:43', '2023-03-30 05:36:43'),
(1411, 1, 1, 1, 1, 1, '2023-03-30 05:36:43', '2023-03-30 05:36:43'),
(1412, 1, 1, 1, 1, 1, '2023-03-30 05:36:43', '2023-03-30 05:36:43'),
(1413, 1, 1, 1, 1, 1, '2023-03-30 05:36:43', '2023-03-30 05:36:43'),
(1414, 1, 1, 1, 1, 1, '2023-03-30 05:36:43', '2023-03-30 05:36:43'),
(1415, 1, 1, 1, 1, 1, '2023-03-30 05:36:44', '2023-03-30 05:36:44'),
(1416, 1, 1, 1, 1, 1, '2023-03-30 05:36:44', '2023-03-30 05:36:44'),
(1417, 1, 1, 1, 1, 1, '2023-03-30 05:36:44', '2023-03-30 05:36:44'),
(1418, 1, 1, 1, 1, 1, '2023-03-30 05:36:55', '2023-03-30 05:36:55'),
(1419, 1, 1, 1, 1, 1, '2023-03-30 05:37:06', '2023-03-30 05:37:06'),
(1420, 1, 1, 1, 1, 1, '2023-03-30 05:37:21', '2023-03-30 05:37:21'),
(1421, 1, 1, 1, 1, 1, '2023-03-30 05:37:29', '2023-03-30 05:37:29'),
(1422, 1, 1, 1, 1, 1, '2023-03-30 05:40:07', '2023-03-30 05:40:07'),
(1423, 1, 1, 1, 1, 1, '2023-03-30 05:41:10', '2023-03-30 05:41:10'),
(1424, 1, 1, 1, 1, 1, '2023-03-30 05:41:10', '2023-03-30 05:41:10'),
(1425, 1, 1, 1, 1, 1, '2023-03-30 05:41:13', '2023-03-30 05:41:13'),
(1426, 1, 1, 1, 1, 1, '2023-03-30 05:41:13', '2023-03-30 05:41:13'),
(1427, 1, 1, 1, 1, 1, '2023-03-30 05:41:13', '2023-03-30 05:41:13'),
(1428, 1, 1, 1, 1, 1, '2023-03-30 05:41:13', '2023-03-30 05:41:13'),
(1429, 1, 1, 1, 1, 1, '2023-03-30 05:41:13', '2023-03-30 05:41:13'),
(1430, 1, 1, 1, 1, 1, '2023-03-30 05:41:14', '2023-03-30 05:41:14'),
(1431, 1, 1, 1, 1, 1, '2023-03-30 05:41:14', '2023-03-30 05:41:14'),
(1432, 1, 1, 1, 1, 1, '2023-03-30 05:41:14', '2023-03-30 05:41:14'),
(1433, 1, 1, 1, 1, 1, '2023-03-30 05:41:14', '2023-03-30 05:41:14'),
(1434, 1, 1, 1, 1, 1, '2023-03-30 05:41:14', '2023-03-30 05:41:14'),
(1435, 1, 1, 1, 1, 1, '2023-03-30 05:41:15', '2023-03-30 05:41:15'),
(1436, 1, 1, 1, 1, 1, '2023-03-30 05:41:15', '2023-03-30 05:41:15'),
(1437, 1, 1, 1, 1, 1, '2023-03-30 05:41:15', '2023-03-30 05:41:15'),
(1438, 1, 1, 1, 1, 1, '2023-03-30 05:41:15', '2023-03-30 05:41:15'),
(1439, 1, 1, 1, 1, 1, '2023-03-30 05:41:15', '2023-03-30 05:41:15'),
(1440, 1, 1, 1, 1, 1, '2023-03-30 05:41:16', '2023-03-30 05:41:16'),
(1441, 1, 1, 1, 1, 1, '2023-03-30 05:41:17', '2023-03-30 05:41:17'),
(1442, 1, 1, 1, 1, 1, '2023-03-30 05:41:31', '2023-03-30 05:41:31'),
(1443, 1, 1, 1, 1, 1, '2023-03-30 05:42:36', '2023-03-30 05:42:36'),
(1444, 1, 1, 1, 1, 1, '2023-03-30 05:42:52', '2023-03-30 05:42:52'),
(1445, 1, 1, 1, 1, 1, '2023-03-30 05:42:52', '2023-03-30 05:42:52'),
(1446, 1, 1, 1, 1, 1, '2023-03-30 05:42:54', '2023-03-30 05:42:54'),
(1447, 1, 1, 1, 1, 1, '2023-03-30 05:42:54', '2023-03-30 05:42:54'),
(1448, 1, 1, 1, 1, 1, '2023-03-30 05:42:54', '2023-03-30 05:42:54'),
(1449, 1, 1, 1, 1, 1, '2023-03-30 05:42:54', '2023-03-30 05:42:54'),
(1450, 1, 1, 1, 1, 1, '2023-03-30 05:42:55', '2023-03-30 05:42:55'),
(1451, 1, 1, 1, 1, 1, '2023-03-30 05:42:55', '2023-03-30 05:42:55'),
(1452, 1, 1, 1, 1, 1, '2023-03-30 05:42:55', '2023-03-30 05:42:55'),
(1453, 1, 1, 1, 1, 1, '2023-03-30 05:42:55', '2023-03-30 05:42:55'),
(1454, 1, 1, 1, 1, 1, '2023-03-30 05:42:55', '2023-03-30 05:42:55'),
(1455, 1, 1, 1, 1, 1, '2023-03-30 05:42:56', '2023-03-30 05:42:56'),
(1456, 1, 1, 1, 1, 1, '2023-03-30 05:42:56', '2023-03-30 05:42:56'),
(1457, 1, 1, 1, 1, 1, '2023-03-30 05:42:56', '2023-03-30 05:42:56'),
(1458, 1, 1, 1, 1, 1, '2023-03-30 05:42:56', '2023-03-30 05:42:56'),
(1459, 1, 1, 1, 1, 1, '2023-03-30 05:42:57', '2023-03-30 05:42:57'),
(1460, 1, 1, 1, 1, 1, '2023-03-30 05:42:57', '2023-03-30 05:42:57'),
(1461, 1, 1, 1, 1, 1, '2023-03-30 05:42:57', '2023-03-30 05:42:57'),
(1462, 1, 1, 1, 1, 1, '2023-03-30 05:42:57', '2023-03-30 05:42:57'),
(1463, 1, 1, 1, 1, 1, '2023-03-30 05:43:10', '2023-03-30 05:43:10'),
(1464, 1, 1, 1, 1, 1, '2023-03-30 05:43:25', '2023-03-30 05:43:25'),
(1465, 1, 1, 1, 1, 1, '2023-03-30 05:45:56', '2023-03-30 05:45:56'),
(1466, 1, 1, 1, 1, 1, '2023-03-30 05:45:56', '2023-03-30 05:45:56'),
(1467, 1, 1, 1, 1, 1, '2023-03-30 05:45:56', '2023-03-30 05:45:56'),
(1468, 1, 1, 1, 1, 1, '2023-03-30 05:46:05', '2023-03-30 05:46:05'),
(1469, 1, 1, 1, 1, 1, '2023-03-30 05:47:02', '2023-03-30 05:47:02'),
(1470, 1, 1, 1, 1, 1, '2023-03-30 05:47:03', '2023-03-30 05:47:03'),
(1471, 1, 1, 1, 1, 1, '2023-03-30 05:47:19', '2023-03-30 05:47:19'),
(1472, 1, 1, 1, 1, 1, '2023-03-30 05:48:56', '2023-03-30 05:48:56'),
(1473, 1, 1, 1, 1, 1, '2023-03-30 05:50:55', '2023-03-30 05:50:55'),
(1474, 1, 1, 1, 1, 1, '2023-03-30 05:52:02', '2023-03-30 05:52:02'),
(1475, 1, 1, 1, 1, 1, '2023-03-30 05:53:29', '2023-03-30 05:53:29'),
(1476, 1, 1, 1, 1, 1, '2023-03-30 05:55:12', '2023-03-30 05:55:12'),
(1477, 1, 1, 1, 1, 1, '2023-03-30 06:02:26', '2023-03-30 06:02:26'),
(1478, 1, 1, 1, 1, 1, '2023-03-30 06:02:46', '2023-03-30 06:02:46'),
(1479, 1, 1, 1, 1, 1, '2023-03-30 06:03:34', '2023-03-30 06:03:34'),
(1480, 1, 1, 1, 1, 1, '2023-03-30 06:03:46', '2023-03-30 06:03:46'),
(1481, 1, 1, 1, 1, 1, '2023-03-30 06:03:53', '2023-03-30 06:03:53'),
(1482, 1, 1, 1, 1, 1, '2023-03-30 06:04:08', '2023-03-30 06:04:08'),
(1483, 1, 1, 1, 1, 1, '2023-03-30 06:05:47', '2023-03-30 06:05:47'),
(1484, 1, 1, 1, 1, 1, '2023-03-30 06:05:51', '2023-03-30 06:05:51'),
(1485, 1, 1, 1, 1, 1, '2023-03-30 06:07:04', '2023-03-30 06:07:04'),
(1486, 1, 1, 1, 1, 1, '2023-03-30 06:07:05', '2023-03-30 06:07:05'),
(1487, 1, 1, 1, 1, 1, '2023-03-30 06:07:05', '2023-03-30 06:07:05'),
(1488, 1, 1, 1, 1, 1, '2023-03-30 06:07:14', '2023-03-30 06:07:14'),
(1489, 1, 1, 1, 1, 1, '2023-03-30 06:21:31', '2023-03-30 06:21:31'),
(1490, 1, 1, 1, 1, 1, '2023-03-30 06:22:59', '2023-03-30 06:22:59'),
(1491, 1, 1, 1, 1, 1, '2023-03-30 06:23:12', '2023-03-30 06:23:12'),
(1492, 1, 1, 1, 1, 1, '2023-03-30 06:24:42', '2023-03-30 06:24:42'),
(1493, 1, 1, 1, 1, 1, '2023-03-30 06:28:16', '2023-03-30 06:28:16'),
(1494, 1, 1, 1, 1, 1, '2023-03-30 06:28:17', '2023-03-30 06:28:17'),
(1495, 1, 1, 1, 1, 1, '2023-03-30 06:28:19', '2023-03-30 06:28:19'),
(1496, 1, 1, 1, 1, 1, '2023-03-30 06:28:19', '2023-03-30 06:28:19'),
(1497, 1, 1, 1, 1, 1, '2023-03-30 06:28:19', '2023-03-30 06:28:19'),
(1498, 1, 1, 1, 1, 1, '2023-03-30 06:28:19', '2023-03-30 06:28:19'),
(1499, 1, 1, 1, 1, 1, '2023-03-30 06:28:20', '2023-03-30 06:28:20'),
(1500, 1, 1, 1, 1, 1, '2023-03-30 06:28:20', '2023-03-30 06:28:20'),
(1501, 1, 1, 1, 1, 1, '2023-03-30 06:28:20', '2023-03-30 06:28:20'),
(1502, 1, 1, 1, 1, 1, '2023-03-30 06:28:20', '2023-03-30 06:28:20'),
(1503, 1, 1, 1, 1, 1, '2023-03-30 06:28:20', '2023-03-30 06:28:20'),
(1504, 1, 1, 1, 1, 1, '2023-03-30 06:28:20', '2023-03-30 06:28:20'),
(1505, 1, 1, 1, 1, 1, '2023-03-30 06:28:21', '2023-03-30 06:28:21');
INSERT INTO `profit_losses` (`id`, `user_id`, `opening_balance`, `income`, `expense`, `closing_balance`, `created_at`, `updated_at`) VALUES
(1506, 1, 1, 1, 1, 1, '2023-03-30 06:28:21', '2023-03-30 06:28:21'),
(1507, 1, 1, 1, 1, 1, '2023-03-30 06:28:21', '2023-03-30 06:28:21'),
(1508, 1, 1, 1, 1, 1, '2023-03-30 06:28:21', '2023-03-30 06:28:21'),
(1509, 1, 1, 1, 1, 1, '2023-03-30 06:28:21', '2023-03-30 06:28:21'),
(1510, 1, 1, 1, 1, 1, '2023-03-30 06:28:22', '2023-03-30 06:28:22'),
(1511, 1, 1, 1, 1, 1, '2023-03-30 06:28:22', '2023-03-30 06:28:22'),
(1512, 1, 1, 1, 1, 1, '2023-03-30 06:32:55', '2023-03-30 06:32:55'),
(1513, 1, 1, 1, 1, 1, '2023-03-30 06:33:05', '2023-03-30 06:33:05'),
(1514, 1, 1, 1, 1, 1, '2023-03-30 06:38:29', '2023-03-30 06:38:29'),
(1515, 1, 1, 1, 1, 1, '2023-03-30 06:38:29', '2023-03-30 06:38:29'),
(1516, 1, 1, 1, 1, 1, '2023-03-30 06:38:31', '2023-03-30 06:38:31'),
(1517, 1, 1, 1, 1, 1, '2023-03-30 06:38:32', '2023-03-30 06:38:32'),
(1518, 1, 1, 1, 1, 1, '2023-03-30 06:38:32', '2023-03-30 06:38:32'),
(1519, 1, 1, 1, 1, 1, '2023-03-30 06:38:32', '2023-03-30 06:38:32'),
(1520, 1, 1, 1, 1, 1, '2023-03-30 06:38:32', '2023-03-30 06:38:32'),
(1521, 1, 1, 1, 1, 1, '2023-03-30 06:38:32', '2023-03-30 06:38:32'),
(1522, 1, 1, 1, 1, 1, '2023-03-30 06:38:32', '2023-03-30 06:38:32'),
(1523, 1, 1, 1, 1, 1, '2023-03-30 06:38:33', '2023-03-30 06:38:33'),
(1524, 1, 1, 1, 1, 1, '2023-03-30 06:38:33', '2023-03-30 06:38:33'),
(1525, 1, 1, 1, 1, 1, '2023-03-30 06:38:33', '2023-03-30 06:38:33'),
(1526, 1, 1, 1, 1, 1, '2023-03-30 06:38:33', '2023-03-30 06:38:33'),
(1527, 1, 1, 1, 1, 1, '2023-03-30 06:38:34', '2023-03-30 06:38:34'),
(1528, 1, 1, 1, 1, 1, '2023-03-30 06:38:34', '2023-03-30 06:38:34'),
(1529, 1, 1, 1, 1, 1, '2023-03-30 06:38:34', '2023-03-30 06:38:34'),
(1530, 1, 1, 1, 1, 1, '2023-03-30 06:38:34', '2023-03-30 06:38:34'),
(1531, 1, 1, 1, 1, 1, '2023-03-30 06:38:35', '2023-03-30 06:38:35'),
(1532, 1, 1, 1, 1, 1, '2023-03-30 06:38:35', '2023-03-30 06:38:35'),
(1533, 1, 1, 1, 1, 1, '2023-03-30 06:38:42', '2023-03-30 06:38:42'),
(1534, 1, 1, 1, 1, 1, '2023-03-30 06:38:49', '2023-03-30 06:38:49'),
(1535, 1, 1, 1, 1, 1, '2023-03-30 06:39:09', '2023-03-30 06:39:09'),
(1536, 1, 1, 1, 1, 1, '2023-03-30 06:39:41', '2023-03-30 06:39:41'),
(1537, 1, 1, 1, 1, 1, '2023-03-30 06:39:42', '2023-03-30 06:39:42'),
(1538, 1, 1, 1, 1, 1, '2023-03-30 06:39:44', '2023-03-30 06:39:44'),
(1539, 1, 1, 1, 1, 1, '2023-03-30 06:39:44', '2023-03-30 06:39:44'),
(1540, 1, 1, 1, 1, 1, '2023-03-30 06:39:44', '2023-03-30 06:39:44'),
(1541, 1, 1, 1, 1, 1, '2023-03-30 06:39:44', '2023-03-30 06:39:44'),
(1542, 1, 1, 1, 1, 1, '2023-03-30 06:39:45', '2023-03-30 06:39:45'),
(1543, 1, 1, 1, 1, 1, '2023-03-30 06:39:45', '2023-03-30 06:39:45'),
(1544, 1, 1, 1, 1, 1, '2023-03-30 06:39:45', '2023-03-30 06:39:45'),
(1545, 1, 1, 1, 1, 1, '2023-03-30 06:39:45', '2023-03-30 06:39:45'),
(1546, 1, 1, 1, 1, 1, '2023-03-30 06:39:45', '2023-03-30 06:39:45'),
(1547, 1, 1, 1, 1, 1, '2023-03-30 06:39:46', '2023-03-30 06:39:46'),
(1548, 1, 1, 1, 1, 1, '2023-03-30 06:39:46', '2023-03-30 06:39:46'),
(1549, 1, 1, 1, 1, 1, '2023-03-30 06:39:46', '2023-03-30 06:39:46'),
(1550, 1, 1, 1, 1, 1, '2023-03-30 06:39:46', '2023-03-30 06:39:46'),
(1551, 1, 1, 1, 1, 1, '2023-03-30 06:39:46', '2023-03-30 06:39:46'),
(1552, 1, 1, 1, 1, 1, '2023-03-30 06:39:47', '2023-03-30 06:39:47'),
(1553, 1, 1, 1, 1, 1, '2023-03-30 06:39:47', '2023-03-30 06:39:47'),
(1554, 1, 1, 1, 1, 1, '2023-03-30 06:39:47', '2023-03-30 06:39:47'),
(1555, 1, 1, 1, 1, 1, '2023-03-30 06:39:59', '2023-03-30 06:39:59'),
(1556, 1, 1, 1, 1, 1, '2023-03-30 06:40:37', '2023-03-30 06:40:37'),
(1557, 1, 1, 1, 1, 1, '2023-03-30 06:40:47', '2023-03-30 06:40:47'),
(1558, 1, 1, 1, 1, 1, '2023-03-30 06:41:21', '2023-03-30 06:41:21'),
(1559, 1, 1, 1, 1, 1, '2023-03-30 06:42:03', '2023-03-30 06:42:03'),
(1560, 1, 1, 1, 1, 1, '2023-03-30 06:42:03', '2023-03-30 06:42:03'),
(1561, 1, 1, 1, 1, 1, '2023-03-30 06:42:05', '2023-03-30 06:42:05'),
(1562, 1, 1, 1, 1, 1, '2023-03-30 06:42:06', '2023-03-30 06:42:06'),
(1563, 1, 1, 1, 1, 1, '2023-03-30 06:42:06', '2023-03-30 06:42:06'),
(1564, 1, 1, 1, 1, 1, '2023-03-30 06:42:06', '2023-03-30 06:42:06'),
(1565, 1, 1, 1, 1, 1, '2023-03-30 06:42:06', '2023-03-30 06:42:06'),
(1566, 1, 1, 1, 1, 1, '2023-03-30 06:42:06', '2023-03-30 06:42:06'),
(1567, 1, 1, 1, 1, 1, '2023-03-30 06:42:07', '2023-03-30 06:42:07'),
(1568, 1, 1, 1, 1, 1, '2023-03-30 06:42:07', '2023-03-30 06:42:07'),
(1569, 1, 1, 1, 1, 1, '2023-03-30 06:42:07', '2023-03-30 06:42:07'),
(1570, 1, 1, 1, 1, 1, '2023-03-30 06:42:07', '2023-03-30 06:42:07'),
(1571, 1, 1, 1, 1, 1, '2023-03-30 06:42:08', '2023-03-30 06:42:08'),
(1572, 1, 1, 1, 1, 1, '2023-03-30 06:42:08', '2023-03-30 06:42:08'),
(1573, 1, 1, 1, 1, 1, '2023-03-30 06:42:08', '2023-03-30 06:42:08'),
(1574, 1, 1, 1, 1, 1, '2023-03-30 06:42:09', '2023-03-30 06:42:09'),
(1575, 1, 1, 1, 1, 1, '2023-03-30 06:42:09', '2023-03-30 06:42:09'),
(1576, 1, 1, 1, 1, 1, '2023-03-30 06:42:09', '2023-03-30 06:42:09'),
(1577, 1, 1, 1, 1, 1, '2023-03-30 06:42:10', '2023-03-30 06:42:10'),
(1578, 1, 1, 1, 1, 1, '2023-03-30 06:42:15', '2023-03-30 06:42:15'),
(1579, 1, 1, 1, 1, 1, '2023-03-30 06:42:24', '2023-03-30 06:42:24'),
(1580, 1, 1, 1, 1, 1, '2023-03-30 06:42:40', '2023-03-30 06:42:40'),
(1581, 1, 1, 1, 1, 1, '2023-03-30 06:44:15', '2023-03-30 06:44:15'),
(1582, 1, 1, 1, 1, 1, '2023-03-30 06:44:15', '2023-03-30 06:44:15'),
(1583, 1, 1, 1, 1, 1, '2023-03-30 06:44:18', '2023-03-30 06:44:18'),
(1584, 1, 1, 1, 1, 1, '2023-03-30 06:44:18', '2023-03-30 06:44:18'),
(1585, 1, 1, 1, 1, 1, '2023-03-30 06:44:18', '2023-03-30 06:44:18'),
(1586, 1, 1, 1, 1, 1, '2023-03-30 06:44:18', '2023-03-30 06:44:18'),
(1587, 1, 1, 1, 1, 1, '2023-03-30 06:44:18', '2023-03-30 06:44:18'),
(1588, 1, 1, 1, 1, 1, '2023-03-30 06:44:18', '2023-03-30 06:44:18'),
(1589, 1, 1, 1, 1, 1, '2023-03-30 06:44:18', '2023-03-30 06:44:18'),
(1590, 1, 1, 1, 1, 1, '2023-03-30 06:44:19', '2023-03-30 06:44:19'),
(1591, 1, 1, 1, 1, 1, '2023-03-30 06:44:19', '2023-03-30 06:44:19'),
(1592, 1, 1, 1, 1, 1, '2023-03-30 06:44:19', '2023-03-30 06:44:19'),
(1593, 1, 1, 1, 1, 1, '2023-03-30 06:44:20', '2023-03-30 06:44:20'),
(1594, 1, 1, 1, 1, 1, '2023-03-30 06:44:20', '2023-03-30 06:44:20'),
(1595, 1, 1, 1, 1, 1, '2023-03-30 06:44:20', '2023-03-30 06:44:20'),
(1596, 1, 1, 1, 1, 1, '2023-03-30 06:44:20', '2023-03-30 06:44:20'),
(1597, 1, 1, 1, 1, 1, '2023-03-30 06:44:20', '2023-03-30 06:44:20'),
(1598, 1, 1, 1, 1, 1, '2023-03-30 06:44:21', '2023-03-30 06:44:21'),
(1599, 1, 1, 1, 1, 1, '2023-03-30 06:44:21', '2023-03-30 06:44:21'),
(1600, 1, 1, 1, 1, 1, '2023-03-30 06:44:42', '2023-03-30 06:44:42'),
(1601, 1, 1, 1, 1, 1, '2023-03-30 06:45:41', '2023-03-30 06:45:41'),
(1602, 1, 1, 1, 1, 1, '2023-03-30 06:47:23', '2023-03-30 06:47:23'),
(1603, 1, 1, 1, 1, 1, '2023-03-30 06:47:23', '2023-03-30 06:47:23'),
(1604, 1, 1, 1, 1, 1, '2023-03-30 06:47:25', '2023-03-30 06:47:25'),
(1605, 1, 1, 1, 1, 1, '2023-03-30 06:47:25', '2023-03-30 06:47:25'),
(1606, 1, 1, 1, 1, 1, '2023-03-30 06:47:25', '2023-03-30 06:47:25'),
(1607, 1, 1, 1, 1, 1, '2023-03-30 06:47:26', '2023-03-30 06:47:26'),
(1608, 1, 1, 1, 1, 1, '2023-03-30 06:47:26', '2023-03-30 06:47:26'),
(1609, 1, 1, 1, 1, 1, '2023-03-30 06:47:26', '2023-03-30 06:47:26'),
(1610, 1, 1, 1, 1, 1, '2023-03-30 06:47:26', '2023-03-30 06:47:26'),
(1611, 1, 1, 1, 1, 1, '2023-03-30 06:47:26', '2023-03-30 06:47:26'),
(1612, 1, 1, 1, 1, 1, '2023-03-30 06:47:27', '2023-03-30 06:47:27'),
(1613, 1, 1, 1, 1, 1, '2023-03-30 06:47:27', '2023-03-30 06:47:27'),
(1614, 1, 1, 1, 1, 1, '2023-03-30 06:47:27', '2023-03-30 06:47:27'),
(1615, 1, 1, 1, 1, 1, '2023-03-30 06:47:27', '2023-03-30 06:47:27'),
(1616, 1, 1, 1, 1, 1, '2023-03-30 06:47:27', '2023-03-30 06:47:27'),
(1617, 1, 1, 1, 1, 1, '2023-03-30 06:47:28', '2023-03-30 06:47:28'),
(1618, 1, 1, 1, 1, 1, '2023-03-30 06:47:28', '2023-03-30 06:47:28'),
(1619, 1, 1, 1, 1, 1, '2023-03-30 06:47:28', '2023-03-30 06:47:28'),
(1620, 1, 1, 1, 1, 1, '2023-03-30 06:47:28', '2023-03-30 06:47:28'),
(1621, 1, 1, 1, 1, 1, '2023-03-30 06:47:41', '2023-03-30 06:47:41'),
(1622, 1, 1, 1, 1, 1, '2023-03-30 06:47:58', '2023-03-30 06:47:58'),
(1623, 1, 1, 1, 1, 1, '2023-03-30 06:48:18', '2023-03-30 06:48:18'),
(1624, 1, 1, 1, 1, 1, '2023-03-30 07:03:56', '2023-03-30 07:03:56'),
(1625, 1, 1, 1, 1, 1, '2023-03-30 07:05:07', '2023-03-30 07:05:07'),
(1626, 1, 1, 1, 1, 1, '2023-03-30 07:05:40', '2023-03-30 07:05:40'),
(1627, 1, 1, 1, 1, 1, '2023-03-30 07:05:42', '2023-03-30 07:05:42'),
(1628, 1, 1, 1, 1, 1, '2023-03-30 07:05:51', '2023-03-30 07:05:51'),
(1629, 1, 1, 1, 1, 1, '2023-03-30 07:05:54', '2023-03-30 07:05:54'),
(1630, 1, 1, 1, 1, 1, '2023-03-30 07:05:58', '2023-03-30 07:05:58'),
(1631, 1, 1, 1, 1, 1, '2023-03-30 07:06:01', '2023-03-30 07:06:01'),
(1632, 1, 1, 1, 1, 1, '2023-03-30 07:06:04', '2023-03-30 07:06:04'),
(1633, 1, 1, 1, 1, 1, '2023-03-30 07:06:20', '2023-03-30 07:06:20'),
(1634, 1, 1, 1, 1, 1, '2023-03-30 07:06:24', '2023-03-30 07:06:24'),
(1635, 1, 1, 1, 1, 1, '2023-03-30 07:08:33', '2023-03-30 07:08:33'),
(1636, 1, 1, 1, 1, 1, '2023-03-30 07:08:33', '2023-03-30 07:08:33'),
(1637, 1, 1, 1, 1, 1, '2023-03-30 07:08:36', '2023-03-30 07:08:36'),
(1638, 1, 1, 1, 1, 1, '2023-03-30 07:08:36', '2023-03-30 07:08:36'),
(1639, 1, 1, 1, 1, 1, '2023-03-30 07:08:36', '2023-03-30 07:08:36'),
(1640, 1, 1, 1, 1, 1, '2023-03-30 07:08:36', '2023-03-30 07:08:36'),
(1641, 1, 1, 1, 1, 1, '2023-03-30 07:08:36', '2023-03-30 07:08:36'),
(1642, 1, 1, 1, 1, 1, '2023-03-30 07:08:37', '2023-03-30 07:08:37'),
(1643, 1, 1, 1, 1, 1, '2023-03-30 07:08:37', '2023-03-30 07:08:37'),
(1644, 1, 1, 1, 1, 1, '2023-03-30 07:08:37', '2023-03-30 07:08:37'),
(1645, 1, 1, 1, 1, 1, '2023-03-30 07:08:37', '2023-03-30 07:08:37'),
(1646, 1, 1, 1, 1, 1, '2023-03-30 07:08:37', '2023-03-30 07:08:37'),
(1647, 1, 1, 1, 1, 1, '2023-03-30 07:08:38', '2023-03-30 07:08:38'),
(1648, 1, 1, 1, 1, 1, '2023-03-30 07:08:38', '2023-03-30 07:08:38'),
(1649, 1, 1, 1, 1, 1, '2023-03-30 07:08:38', '2023-03-30 07:08:38'),
(1650, 1, 1, 1, 1, 1, '2023-03-30 07:08:39', '2023-03-30 07:08:39'),
(1651, 1, 1, 1, 1, 1, '2023-03-30 07:08:39', '2023-03-30 07:08:39'),
(1652, 1, 1, 1, 1, 1, '2023-03-30 07:08:40', '2023-03-30 07:08:40'),
(1653, 1, 1, 1, 1, 1, '2023-03-30 07:08:40', '2023-03-30 07:08:40'),
(1654, 1, 1, 1, 1, 1, '2023-03-30 07:08:42', '2023-03-30 07:08:42'),
(1655, 1, 1, 1, 1, 1, '2023-03-30 07:08:47', '2023-03-30 07:08:47'),
(1656, 1, 1, 1, 1, 1, '2023-03-30 07:08:56', '2023-03-30 07:08:56'),
(1657, 1, 1, 1, 1, 1, '2023-03-30 07:09:26', '2023-03-30 07:09:26'),
(1658, 1, 1, 1, 1, 1, '2023-03-30 07:10:35', '2023-03-30 07:10:35'),
(1659, 1, 1, 1, 1, 1, '2023-03-30 07:10:39', '2023-03-30 07:10:39'),
(1660, 1, 1, 1, 1, 1, '2023-03-30 07:10:42', '2023-03-30 07:10:42'),
(1661, 1, 1, 1, 1, 1, '2023-03-30 07:13:45', '2023-03-30 07:13:45'),
(1662, 1, 1, 1, 1, 1, '2023-03-30 07:13:45', '2023-03-30 07:13:45'),
(1663, 1, 1, 1, 1, 1, '2023-03-30 07:13:45', '2023-03-30 07:13:45'),
(1664, 1, 1, 1, 1, 1, '2023-03-30 07:13:45', '2023-03-30 07:13:45'),
(1665, 1, 1, 1, 1, 1, '2023-03-30 07:13:45', '2023-03-30 07:13:45'),
(1666, 1, 1, 1, 1, 1, '2023-03-30 07:17:58', '2023-03-30 07:17:58'),
(1667, 1, 1, 1, 1, 1, '2023-03-30 07:18:11', '2023-03-30 07:18:11'),
(1668, 1, 1, 1, 1, 1, '2023-03-30 07:47:44', '2023-03-30 07:47:44'),
(1669, 1, 1, 1, 1, 1, '2023-03-30 07:47:45', '2023-03-30 07:47:45'),
(1670, 1, 1, 1, 1, 1, '2023-03-30 07:47:47', '2023-03-30 07:47:47'),
(1671, 1, 1, 1, 1, 1, '2023-03-30 07:47:47', '2023-03-30 07:47:47'),
(1672, 1, 1, 1, 1, 1, '2023-03-30 07:47:47', '2023-03-30 07:47:47'),
(1673, 1, 1, 1, 1, 1, '2023-03-30 07:47:47', '2023-03-30 07:47:47'),
(1674, 1, 1, 1, 1, 1, '2023-03-30 07:47:47', '2023-03-30 07:47:47'),
(1675, 1, 1, 1, 1, 1, '2023-03-30 07:47:48', '2023-03-30 07:47:48'),
(1676, 1, 1, 1, 1, 1, '2023-03-30 07:47:48', '2023-03-30 07:47:48'),
(1677, 1, 1, 1, 1, 1, '2023-03-30 07:47:48', '2023-03-30 07:47:48'),
(1678, 1, 1, 1, 1, 1, '2023-03-30 07:47:48', '2023-03-30 07:47:48'),
(1679, 1, 1, 1, 1, 1, '2023-03-30 07:47:49', '2023-03-30 07:47:49'),
(1680, 1, 1, 1, 1, 1, '2023-03-30 07:47:49', '2023-03-30 07:47:49'),
(1681, 1, 1, 1, 1, 1, '2023-03-30 07:47:49', '2023-03-30 07:47:49'),
(1682, 1, 1, 1, 1, 1, '2023-03-30 07:47:50', '2023-03-30 07:47:50'),
(1683, 1, 1, 1, 1, 1, '2023-03-30 07:47:50', '2023-03-30 07:47:50'),
(1684, 1, 1, 1, 1, 1, '2023-03-30 07:47:50', '2023-03-30 07:47:50'),
(1685, 1, 1, 1, 1, 1, '2023-03-30 07:47:51', '2023-03-30 07:47:51'),
(1686, 1, 1, 1, 1, 1, '2023-03-30 07:47:51', '2023-03-30 07:47:51'),
(1687, 1, 1, 1, 1, 1, '2023-03-30 07:48:10', '2023-03-30 07:48:10'),
(1688, 1, 1, 1, 1, 1, '2023-03-30 07:48:18', '2023-03-30 07:48:18'),
(1689, 1, 1, 1, 1, 1, '2023-03-30 07:48:29', '2023-03-30 07:48:29'),
(1690, 1, 1, 1, 1, 1, '2023-03-30 07:48:36', '2023-03-30 07:48:36'),
(1691, 1, 1, 1, 1, 1, '2023-03-30 07:51:05', '2023-03-30 07:51:05'),
(1692, 1, 1, 1, 1, 1, '2023-03-30 07:51:05', '2023-03-30 07:51:05'),
(1693, 1, 1, 1, 1, 1, '2023-03-30 07:51:08', '2023-03-30 07:51:08'),
(1694, 1, 1, 1, 1, 1, '2023-03-30 07:51:08', '2023-03-30 07:51:08'),
(1695, 1, 1, 1, 1, 1, '2023-03-30 07:51:08', '2023-03-30 07:51:08'),
(1696, 1, 1, 1, 1, 1, '2023-03-30 07:51:08', '2023-03-30 07:51:08'),
(1697, 1, 1, 1, 1, 1, '2023-03-30 07:51:08', '2023-03-30 07:51:08'),
(1698, 1, 1, 1, 1, 1, '2023-03-30 07:51:08', '2023-03-30 07:51:08'),
(1699, 1, 1, 1, 1, 1, '2023-03-30 07:51:08', '2023-03-30 07:51:08'),
(1700, 1, 1, 1, 1, 1, '2023-03-30 07:51:09', '2023-03-30 07:51:09'),
(1701, 1, 1, 1, 1, 1, '2023-03-30 07:51:09', '2023-03-30 07:51:09'),
(1702, 1, 1, 1, 1, 1, '2023-03-30 07:51:09', '2023-03-30 07:51:09'),
(1703, 1, 1, 1, 1, 1, '2023-03-30 07:51:09', '2023-03-30 07:51:09'),
(1704, 1, 1, 1, 1, 1, '2023-03-30 07:51:10', '2023-03-30 07:51:10'),
(1705, 1, 1, 1, 1, 1, '2023-03-30 07:51:10', '2023-03-30 07:51:10'),
(1706, 1, 1, 1, 1, 1, '2023-03-30 07:51:10', '2023-03-30 07:51:10'),
(1707, 1, 1, 1, 1, 1, '2023-03-30 07:51:10', '2023-03-30 07:51:10'),
(1708, 1, 1, 1, 1, 1, '2023-03-30 07:51:11', '2023-03-30 07:51:11'),
(1709, 1, 1, 1, 1, 1, '2023-03-30 07:51:11', '2023-03-30 07:51:11'),
(1710, 1, 1, 1, 1, 1, '2023-03-30 07:51:43', '2023-03-30 07:51:43'),
(1711, 1, 1, 1, 1, 1, '2023-03-30 07:51:43', '2023-03-30 07:51:43'),
(1712, 1, 1, 1, 1, 1, '2023-03-30 07:51:45', '2023-03-30 07:51:45'),
(1713, 1, 1, 1, 1, 1, '2023-03-30 07:51:45', '2023-03-30 07:51:45'),
(1714, 1, 1, 1, 1, 1, '2023-03-30 07:51:46', '2023-03-30 07:51:46'),
(1715, 1, 1, 1, 1, 1, '2023-03-30 07:51:46', '2023-03-30 07:51:46'),
(1716, 1, 1, 1, 1, 1, '2023-03-30 07:51:46', '2023-03-30 07:51:46'),
(1717, 1, 1, 1, 1, 1, '2023-03-30 07:51:46', '2023-03-30 07:51:46'),
(1718, 1, 1, 1, 1, 1, '2023-03-30 07:51:46', '2023-03-30 07:51:46'),
(1719, 1, 1, 1, 1, 1, '2023-03-30 07:51:47', '2023-03-30 07:51:47'),
(1720, 1, 1, 1, 1, 1, '2023-03-30 07:51:47', '2023-03-30 07:51:47'),
(1721, 1, 1, 1, 1, 1, '2023-03-30 07:51:47', '2023-03-30 07:51:47'),
(1722, 1, 1, 1, 1, 1, '2023-03-30 07:51:47', '2023-03-30 07:51:47'),
(1723, 1, 1, 1, 1, 1, '2023-03-30 07:51:47', '2023-03-30 07:51:47'),
(1724, 1, 1, 1, 1, 1, '2023-03-30 07:51:48', '2023-03-30 07:51:48'),
(1725, 1, 1, 1, 1, 1, '2023-03-30 07:51:48', '2023-03-30 07:51:48'),
(1726, 1, 1, 1, 1, 1, '2023-03-30 07:51:48', '2023-03-30 07:51:48'),
(1727, 1, 1, 1, 1, 1, '2023-03-30 07:51:48', '2023-03-30 07:51:48'),
(1728, 1, 1, 1, 1, 1, '2023-03-30 07:51:49', '2023-03-30 07:51:49'),
(1729, 1, 1, 1, 1, 1, '2023-03-30 07:52:58', '2023-03-30 07:52:58'),
(1730, 1, 1, 1, 1, 1, '2023-03-30 07:52:58', '2023-03-30 07:52:58'),
(1731, 1, 1, 1, 1, 1, '2023-03-30 07:52:58', '2023-03-30 07:52:58'),
(1732, 1, 1, 1, 1, 1, '2023-03-30 07:53:11', '2023-03-30 07:53:11'),
(1733, 1, 1, 1, 1, 1, '2023-03-30 07:53:18', '2023-03-30 07:53:18'),
(1734, 1, 1, 1, 1, 1, '2023-03-30 07:53:33', '2023-03-30 07:53:33'),
(1735, 1, 1, 1, 1, 1, '2023-03-30 07:53:33', '2023-03-30 07:53:33'),
(1736, 1, 1, 1, 1, 1, '2023-03-30 07:53:47', '2023-03-30 07:53:47'),
(1737, 1, 1, 1, 1, 1, '2023-03-30 07:53:56', '2023-03-30 07:53:56'),
(1738, 1, 1, 1, 1, 1, '2023-03-30 07:56:59', '2023-03-30 07:56:59'),
(1739, 1, 1, 1, 1, 1, '2023-03-30 07:57:40', '2023-03-30 07:57:40'),
(1740, 1, 1, 1, 1, 1, '2023-03-30 07:57:41', '2023-03-30 07:57:41'),
(1741, 1, 1, 1, 1, 1, '2023-03-30 07:57:43', '2023-03-30 07:57:43'),
(1742, 1, 1, 1, 1, 1, '2023-03-30 07:57:43', '2023-03-30 07:57:43'),
(1743, 1, 1, 1, 1, 1, '2023-03-30 07:57:43', '2023-03-30 07:57:43'),
(1744, 1, 1, 1, 1, 1, '2023-03-30 07:57:43', '2023-03-30 07:57:43'),
(1745, 1, 1, 1, 1, 1, '2023-03-30 07:57:43', '2023-03-30 07:57:43'),
(1746, 1, 1, 1, 1, 1, '2023-03-30 07:57:44', '2023-03-30 07:57:44'),
(1747, 1, 1, 1, 1, 1, '2023-03-30 07:57:44', '2023-03-30 07:57:44'),
(1748, 1, 1, 1, 1, 1, '2023-03-30 07:57:44', '2023-03-30 07:57:44'),
(1749, 1, 1, 1, 1, 1, '2023-03-30 07:57:45', '2023-03-30 07:57:45'),
(1750, 1, 1, 1, 1, 1, '2023-03-30 07:57:45', '2023-03-30 07:57:45'),
(1751, 1, 1, 1, 1, 1, '2023-03-30 07:57:45', '2023-03-30 07:57:45'),
(1752, 1, 1, 1, 1, 1, '2023-03-30 07:57:45', '2023-03-30 07:57:45'),
(1753, 1, 1, 1, 1, 1, '2023-03-30 07:57:46', '2023-03-30 07:57:46'),
(1754, 1, 1, 1, 1, 1, '2023-03-30 07:57:46', '2023-03-30 07:57:46'),
(1755, 1, 1, 1, 1, 1, '2023-03-30 07:57:46', '2023-03-30 07:57:46'),
(1756, 1, 1, 1, 1, 1, '2023-03-30 07:57:47', '2023-03-30 07:57:47'),
(1757, 1, 1, 1, 1, 1, '2023-03-30 07:57:47', '2023-03-30 07:57:47'),
(1758, 1, 1, 1, 1, 1, '2023-03-30 07:58:05', '2023-03-30 07:58:05'),
(1759, 1, 1, 1, 1, 1, '2023-03-30 07:58:06', '2023-03-30 07:58:06'),
(1760, 1, 1, 1, 1, 1, '2023-03-30 07:58:06', '2023-03-30 07:58:06'),
(1761, 1, 1, 1, 1, 1, '2023-03-30 08:10:04', '2023-03-30 08:10:04'),
(1762, 1, 1, 1, 1, 1, '2023-03-30 08:10:05', '2023-03-30 08:10:05'),
(1763, 1, 1, 1, 1, 1, '2023-03-30 08:10:06', '2023-03-30 08:10:06'),
(1764, 1, 1, 1, 1, 1, '2023-03-30 08:10:27', '2023-03-30 08:10:27'),
(1765, 1, 1, 1, 1, 1, '2023-03-30 08:10:33', '2023-03-30 08:10:33'),
(1766, 1, 1, 1, 1, 1, '2023-03-30 08:11:27', '2023-03-30 08:11:27'),
(1767, 1, 1, 1, 1, 1, '2023-03-30 08:11:27', '2023-03-30 08:11:27'),
(1768, 1, 1, 1, 1, 1, '2023-03-30 08:11:29', '2023-03-30 08:11:29'),
(1769, 1, 1, 1, 1, 1, '2023-03-30 08:11:54', '2023-03-30 08:11:54'),
(1770, 1, 1, 1, 1, 1, '2023-03-30 08:12:11', '2023-03-30 08:12:11'),
(1771, 1, 1, 1, 1, 1, '2023-03-30 08:12:23', '2023-03-30 08:12:23'),
(1772, 1, 1, 1, 1, 1, '2023-03-30 08:12:32', '2023-03-30 08:12:32'),
(1773, 1, 1, 1, 1, 1, '2023-03-30 08:12:35', '2023-03-30 08:12:35'),
(1774, 1, 1, 1, 1, 1, '2023-03-30 08:12:38', '2023-03-30 08:12:38'),
(1775, 1, 1, 1, 1, 1, '2023-03-30 08:13:04', '2023-03-30 08:13:04'),
(1776, 1, 1, 1, 1, 1, '2023-03-30 08:13:05', '2023-03-30 08:13:05'),
(1777, 1, 1, 1, 1, 1, '2023-03-30 08:13:11', '2023-03-30 08:13:11'),
(1778, 1, 1, 1, 1, 1, '2023-03-30 08:13:20', '2023-03-30 08:13:20'),
(1779, 1, 1, 1, 1, 1, '2023-03-30 08:13:21', '2023-03-30 08:13:21'),
(1780, 1, 1, 1, 1, 1, '2023-03-30 08:13:23', '2023-03-30 08:13:23'),
(1781, 1, 1, 1, 1, 1, '2023-03-30 08:13:23', '2023-03-30 08:13:23'),
(1782, 1, 1, 1, 1, 1, '2023-03-30 08:13:23', '2023-03-30 08:13:23'),
(1783, 1, 1, 1, 1, 1, '2023-03-30 08:13:24', '2023-03-30 08:13:24'),
(1784, 1, 1, 1, 1, 1, '2023-03-30 08:13:24', '2023-03-30 08:13:24'),
(1785, 1, 1, 1, 1, 1, '2023-03-30 08:13:24', '2023-03-30 08:13:24'),
(1786, 1, 1, 1, 1, 1, '2023-03-30 08:13:24', '2023-03-30 08:13:24'),
(1787, 1, 1, 1, 1, 1, '2023-03-30 08:13:24', '2023-03-30 08:13:24'),
(1788, 1, 1, 1, 1, 1, '2023-03-30 08:13:24', '2023-03-30 08:13:24'),
(1789, 1, 1, 1, 1, 1, '2023-03-30 08:13:25', '2023-03-30 08:13:25'),
(1790, 1, 1, 1, 1, 1, '2023-03-30 08:13:25', '2023-03-30 08:13:25'),
(1791, 1, 1, 1, 1, 1, '2023-03-30 08:13:25', '2023-03-30 08:13:25'),
(1792, 1, 1, 1, 1, 1, '2023-03-30 08:13:25', '2023-03-30 08:13:25'),
(1793, 1, 1, 1, 1, 1, '2023-03-30 08:13:26', '2023-03-30 08:13:26'),
(1794, 1, 1, 1, 1, 1, '2023-03-30 08:13:26', '2023-03-30 08:13:26'),
(1795, 1, 1, 1, 1, 1, '2023-03-30 08:13:26', '2023-03-30 08:13:26'),
(1796, 1, 1, 1, 1, 1, '2023-03-30 08:13:27', '2023-03-30 08:13:27'),
(1797, 1, 1, 1, 1, 1, '2023-03-30 08:14:01', '2023-03-30 08:14:01'),
(1798, 1, 1, 1, 1, 1, '2023-03-30 08:14:02', '2023-03-30 08:14:02'),
(1799, 1, 1, 1, 1, 1, '2023-03-30 08:14:05', '2023-03-30 08:14:05'),
(1800, 1, 1, 1, 1, 1, '2023-03-30 08:14:05', '2023-03-30 08:14:05'),
(1801, 1, 1, 1, 1, 1, '2023-03-30 08:14:05', '2023-03-30 08:14:05'),
(1802, 1, 1, 1, 1, 1, '2023-03-30 08:14:05', '2023-03-30 08:14:05'),
(1803, 1, 1, 1, 1, 1, '2023-03-30 08:14:05', '2023-03-30 08:14:05'),
(1804, 1, 1, 1, 1, 1, '2023-03-30 08:14:05', '2023-03-30 08:14:05'),
(1805, 1, 1, 1, 1, 1, '2023-03-30 08:14:05', '2023-03-30 08:14:05'),
(1806, 1, 1, 1, 1, 1, '2023-03-30 08:14:06', '2023-03-30 08:14:06'),
(1807, 1, 1, 1, 1, 1, '2023-03-30 08:14:06', '2023-03-30 08:14:06'),
(1808, 1, 1, 1, 1, 1, '2023-03-30 08:14:06', '2023-03-30 08:14:06'),
(1809, 1, 1, 1, 1, 1, '2023-03-30 08:14:06', '2023-03-30 08:14:06'),
(1810, 1, 1, 1, 1, 1, '2023-03-30 08:14:06', '2023-03-30 08:14:06'),
(1811, 1, 1, 1, 1, 1, '2023-03-30 08:14:07', '2023-03-30 08:14:07'),
(1812, 1, 1, 1, 1, 1, '2023-03-30 08:14:07', '2023-03-30 08:14:07'),
(1813, 1, 1, 1, 1, 1, '2023-03-30 08:14:07', '2023-03-30 08:14:07'),
(1814, 1, 1, 1, 1, 1, '2023-03-30 08:14:07', '2023-03-30 08:14:07'),
(1815, 1, 1, 1, 1, 1, '2023-03-30 08:14:08', '2023-03-30 08:14:08'),
(1816, 1, 1, 1, 1, 1, '2023-03-30 08:15:01', '2023-03-30 08:15:01'),
(1817, 1, 1, 1, 1, 1, '2023-03-30 08:15:04', '2023-03-30 08:15:04'),
(1818, 1, 1, 1, 1, 1, '2023-03-30 08:17:17', '2023-03-30 08:17:17'),
(1819, 1, 1, 1, 1, 1, '2023-03-30 08:23:48', '2023-03-30 08:23:48'),
(1820, 1, 1, 1, 1, 1, '2023-03-30 08:23:53', '2023-03-30 08:23:53'),
(1821, 1, 1, 1, 1, 1, '2023-03-30 08:23:57', '2023-03-30 08:23:57'),
(1822, 1, 1, 1, 1, 1, '2023-03-30 08:24:07', '2023-03-30 08:24:07'),
(1823, 1, 1, 1, 1, 1, '2023-03-30 08:24:17', '2023-03-30 08:24:17'),
(1824, 1, 1, 1, 1, 1, '2023-03-30 08:24:22', '2023-03-30 08:24:22'),
(1825, 1, 1, 1, 1, 1, '2023-03-30 08:25:25', '2023-03-30 08:25:25'),
(1826, 1, 1, 1, 1, 1, '2023-03-30 08:25:26', '2023-03-30 08:25:26'),
(1827, 1, 1, 1, 1, 1, '2023-03-30 08:25:27', '2023-03-30 08:25:27'),
(1828, 1, 1, 1, 1, 1, '2023-03-30 08:25:35', '2023-03-30 08:25:35'),
(1829, 1, 1, 1, 1, 1, '2023-03-30 08:25:39', '2023-03-30 08:25:39'),
(1830, 1, 1, 1, 1, 1, '2023-03-30 08:25:42', '2023-03-30 08:25:42'),
(1831, 1, 1, 1, 1, 1, '2023-03-30 08:25:52', '2023-03-30 08:25:52'),
(1832, 1, 1, 1, 1, 1, '2023-03-30 08:27:11', '2023-03-30 08:27:11'),
(1833, 1, 1, 1, 1, 1, '2023-03-30 08:27:18', '2023-03-30 08:27:18'),
(1834, 1, 1, 1, 1, 1, '2023-03-30 08:28:19', '2023-03-30 08:28:19'),
(1835, 1, 1, 1, 1, 1, '2023-03-30 08:28:19', '2023-03-30 08:28:19'),
(1836, 1, 1, 1, 1, 1, '2023-03-30 08:28:20', '2023-03-30 08:28:20'),
(1837, 1, 1, 1, 1, 1, '2023-03-30 08:28:50', '2023-03-30 08:28:50'),
(1838, 1, 1, 1, 1, 1, '2023-03-30 08:29:36', '2023-03-30 08:29:36'),
(1839, 1, 1, 1, 1, 1, '2023-03-30 08:29:55', '2023-03-30 08:29:55'),
(1840, 1, 1, 1, 1, 1, '2023-03-30 08:29:55', '2023-03-30 08:29:55'),
(1841, 1, 1, 1, 1, 1, '2023-03-30 08:29:57', '2023-03-30 08:29:57'),
(1842, 1, 1, 1, 1, 1, '2023-03-30 08:29:58', '2023-03-30 08:29:58'),
(1843, 1, 1, 1, 1, 1, '2023-03-30 08:29:58', '2023-03-30 08:29:58'),
(1844, 1, 1, 1, 1, 1, '2023-03-30 08:29:58', '2023-03-30 08:29:58'),
(1845, 1, 1, 1, 1, 1, '2023-03-30 08:29:58', '2023-03-30 08:29:58'),
(1846, 1, 1, 1, 1, 1, '2023-03-30 08:29:58', '2023-03-30 08:29:58'),
(1847, 1, 1, 1, 1, 1, '2023-03-30 08:29:58', '2023-03-30 08:29:58'),
(1848, 1, 1, 1, 1, 1, '2023-03-30 08:29:59', '2023-03-30 08:29:59'),
(1849, 1, 1, 1, 1, 1, '2023-03-30 08:29:59', '2023-03-30 08:29:59'),
(1850, 1, 1, 1, 1, 1, '2023-03-30 08:29:59', '2023-03-30 08:29:59'),
(1851, 1, 1, 1, 1, 1, '2023-03-30 08:29:59', '2023-03-30 08:29:59'),
(1852, 1, 1, 1, 1, 1, '2023-03-30 08:29:59', '2023-03-30 08:29:59'),
(1853, 1, 1, 1, 1, 1, '2023-03-30 08:29:59', '2023-03-30 08:29:59'),
(1854, 1, 1, 1, 1, 1, '2023-03-30 08:30:00', '2023-03-30 08:30:00'),
(1855, 1, 1, 1, 1, 1, '2023-03-30 08:30:00', '2023-03-30 08:30:00'),
(1856, 1, 1, 1, 1, 1, '2023-03-30 08:30:00', '2023-03-30 08:30:00'),
(1857, 1, 1, 1, 1, 1, '2023-03-30 08:30:01', '2023-03-30 08:30:01'),
(1858, 1, 1, 1, 1, 1, '2023-03-30 08:30:19', '2023-03-30 08:30:19'),
(1859, 1, 1, 1, 1, 1, '2023-03-30 08:30:38', '2023-03-30 08:30:38'),
(1860, 1, 1, 1, 1, 1, '2023-03-30 08:32:31', '2023-03-30 08:32:31'),
(1861, 1, 1, 1, 1, 1, '2023-03-30 08:32:40', '2023-03-30 08:32:40'),
(1862, 1, 1, 1, 1, 1, '2023-03-30 08:33:03', '2023-03-30 08:33:03'),
(1863, 1, 1, 1, 1, 1, '2023-03-30 08:33:10', '2023-03-30 08:33:10'),
(1864, 1, 1, 1, 1, 1, '2023-03-30 08:33:13', '2023-03-30 08:33:13'),
(1865, 1, 1, 1, 1, 1, '2023-03-30 08:33:17', '2023-03-30 08:33:17'),
(1866, 1, 1, 1, 1, 1, '2023-03-30 08:34:34', '2023-03-30 08:34:34'),
(1867, 1, 1, 1, 1, 1, '2023-03-30 08:36:02', '2023-03-30 08:36:02'),
(1868, 1, 1, 1, 1, 1, '2023-03-30 08:36:49', '2023-03-30 08:36:49'),
(1869, 1, 1, 1, 1, 1, '2023-03-30 08:37:35', '2023-03-30 08:37:35'),
(1870, 1, 1, 1, 1, 1, '2023-03-30 08:37:35', '2023-03-30 08:37:35'),
(1871, 1, 1, 1, 1, 1, '2023-03-30 08:37:37', '2023-03-30 08:37:37'),
(1872, 1, 1, 1, 1, 1, '2023-03-30 08:37:47', '2023-03-30 08:37:47'),
(1873, 1, 1, 1, 1, 1, '2023-03-30 08:38:10', '2023-03-30 08:38:10'),
(1874, 1, 1, 1, 1, 1, '2023-03-30 08:38:11', '2023-03-30 08:38:11'),
(1875, 1, 1, 1, 1, 1, '2023-03-30 08:38:13', '2023-03-30 08:38:13'),
(1876, 1, 1, 1, 1, 1, '2023-03-30 08:38:13', '2023-03-30 08:38:13'),
(1877, 1, 1, 1, 1, 1, '2023-03-30 08:38:13', '2023-03-30 08:38:13'),
(1878, 1, 1, 1, 1, 1, '2023-03-30 08:38:14', '2023-03-30 08:38:14'),
(1879, 1, 1, 1, 1, 1, '2023-03-30 08:38:14', '2023-03-30 08:38:14'),
(1880, 1, 1, 1, 1, 1, '2023-03-30 08:38:14', '2023-03-30 08:38:14'),
(1881, 1, 1, 1, 1, 1, '2023-03-30 08:38:14', '2023-03-30 08:38:14'),
(1882, 1, 1, 1, 1, 1, '2023-03-30 08:38:14', '2023-03-30 08:38:14'),
(1883, 1, 1, 1, 1, 1, '2023-03-30 08:38:15', '2023-03-30 08:38:15'),
(1884, 1, 1, 1, 1, 1, '2023-03-30 08:38:15', '2023-03-30 08:38:15'),
(1885, 1, 1, 1, 1, 1, '2023-03-30 08:38:15', '2023-03-30 08:38:15'),
(1886, 1, 1, 1, 1, 1, '2023-03-30 08:38:15', '2023-03-30 08:38:15'),
(1887, 1, 1, 1, 1, 1, '2023-03-30 08:38:15', '2023-03-30 08:38:15'),
(1888, 1, 1, 1, 1, 1, '2023-03-30 08:38:16', '2023-03-30 08:38:16'),
(1889, 1, 1, 1, 1, 1, '2023-03-30 08:38:16', '2023-03-30 08:38:16'),
(1890, 1, 1, 1, 1, 1, '2023-03-30 08:38:16', '2023-03-30 08:38:16'),
(1891, 1, 1, 1, 1, 1, '2023-03-30 08:38:16', '2023-03-30 08:38:16'),
(1892, 1, 1, 1, 1, 1, '2023-03-30 08:38:25', '2023-03-30 08:38:25'),
(1893, 1, 1, 1, 1, 1, '2023-03-30 08:39:04', '2023-03-30 08:39:04'),
(1894, 1, 1, 1, 1, 1, '2023-03-30 08:39:05', '2023-03-30 08:39:05'),
(1895, 1, 1, 1, 1, 1, '2023-03-30 08:39:06', '2023-03-30 08:39:06'),
(1896, 1, 1, 1, 1, 1, '2023-03-30 08:39:37', '2023-03-30 08:39:37'),
(1897, 1, 1, 1, 1, 1, '2023-03-30 08:39:37', '2023-03-30 08:39:37'),
(1898, 1, 1, 1, 1, 1, '2023-03-30 08:39:40', '2023-03-30 08:39:40'),
(1899, 1, 1, 1, 1, 1, '2023-03-30 08:39:40', '2023-03-30 08:39:40'),
(1900, 1, 1, 1, 1, 1, '2023-03-30 08:39:40', '2023-03-30 08:39:40'),
(1901, 1, 1, 1, 1, 1, '2023-03-30 08:39:40', '2023-03-30 08:39:40'),
(1902, 1, 1, 1, 1, 1, '2023-03-30 08:39:40', '2023-03-30 08:39:40'),
(1903, 1, 1, 1, 1, 1, '2023-03-30 08:39:40', '2023-03-30 08:39:40'),
(1904, 1, 1, 1, 1, 1, '2023-03-30 08:39:41', '2023-03-30 08:39:41'),
(1905, 1, 1, 1, 1, 1, '2023-03-30 08:39:41', '2023-03-30 08:39:41'),
(1906, 1, 1, 1, 1, 1, '2023-03-30 08:39:41', '2023-03-30 08:39:41'),
(1907, 1, 1, 1, 1, 1, '2023-03-30 08:39:41', '2023-03-30 08:39:41'),
(1908, 1, 1, 1, 1, 1, '2023-03-30 08:39:42', '2023-03-30 08:39:42'),
(1909, 1, 1, 1, 1, 1, '2023-03-30 08:39:42', '2023-03-30 08:39:42'),
(1910, 1, 1, 1, 1, 1, '2023-03-30 08:39:42', '2023-03-30 08:39:42'),
(1911, 1, 1, 1, 1, 1, '2023-03-30 08:39:43', '2023-03-30 08:39:43'),
(1912, 1, 1, 1, 1, 1, '2023-03-30 08:39:43', '2023-03-30 08:39:43'),
(1913, 1, 1, 1, 1, 1, '2023-03-30 08:39:43', '2023-03-30 08:39:43'),
(1914, 1, 1, 1, 1, 1, '2023-03-30 08:39:44', '2023-03-30 08:39:44'),
(1915, 1, 1, 1, 1, 1, '2023-03-30 08:40:14', '2023-03-30 08:40:14'),
(1916, 1, 1, 1, 1, 1, '2023-03-30 08:40:27', '2023-03-30 08:40:27'),
(1917, 1, 1, 1, 1, 1, '2023-03-30 08:40:34', '2023-03-30 08:40:34'),
(1918, 1, 1, 1, 1, 1, '2023-03-30 08:40:59', '2023-03-30 08:40:59'),
(1919, 1, 1, 1, 1, 1, '2023-03-30 08:41:06', '2023-03-30 08:41:06'),
(1920, 1, 1, 1, 1, 1, '2023-03-30 08:48:33', '2023-03-30 08:48:33'),
(1921, 1, 1, 1, 1, 1, '2023-03-30 08:48:33', '2023-03-30 08:48:33'),
(1922, 1, 1, 1, 1, 1, '2023-03-30 08:48:34', '2023-03-30 08:48:34'),
(1923, 1, 1, 1, 1, 1, '2023-03-30 08:48:45', '2023-03-30 08:48:45'),
(1924, 1, 1, 1, 1, 1, '2023-03-30 08:48:56', '2023-03-30 08:48:56'),
(1925, 1, 1, 1, 1, 1, '2023-03-30 08:50:56', '2023-03-30 08:50:56'),
(1926, 1, 1, 1, 1, 1, '2023-03-30 08:51:02', '2023-03-30 08:51:02'),
(1927, 1, 1, 1, 1, 1, '2023-03-30 08:51:04', '2023-03-30 08:51:04'),
(1928, 1, 1, 1, 1, 1, '2023-03-30 08:51:44', '2023-03-30 08:51:44'),
(1929, 1, 1, 1, 1, 1, '2023-03-30 08:52:02', '2023-03-30 08:52:02'),
(1930, 1, 1, 1, 1, 1, '2023-03-30 08:52:02', '2023-03-30 08:52:02'),
(1931, 1, 1, 1, 1, 1, '2023-03-30 08:52:02', '2023-03-30 08:52:02'),
(1932, 1, 1, 1, 1, 1, '2023-03-30 08:52:08', '2023-03-30 08:52:08'),
(1933, 1, 1, 1, 1, 1, '2023-03-30 08:54:12', '2023-03-30 08:54:12'),
(1934, 1, 1, 1, 1, 1, '2023-03-30 08:54:13', '2023-03-30 08:54:13'),
(1935, 1, 1, 1, 1, 1, '2023-03-30 08:54:17', '2023-03-30 08:54:17'),
(1936, 1, 1, 1, 1, 1, '2023-03-30 09:00:47', '2023-03-30 09:00:47'),
(1937, 1, 1, 1, 1, 1, '2023-03-30 09:00:48', '2023-03-30 09:00:48'),
(1938, 1, 1, 1, 1, 1, '2023-03-30 09:12:07', '2023-03-30 09:12:07'),
(1939, 1, 1, 1, 1, 1, '2023-03-30 09:16:12', '2023-03-30 09:16:12'),
(1940, 1, 1, 1, 1, 1, '2023-03-30 09:16:19', '2023-03-30 09:16:19'),
(1941, 1, 1, 1, 1, 1, '2023-03-30 09:16:26', '2023-03-30 09:16:26'),
(1942, 1, 1, 1, 1, 1, '2023-03-30 09:16:55', '2023-03-30 09:16:55'),
(1943, 1, 1, 1, 1, 1, '2023-03-30 09:17:22', '2023-03-30 09:17:22'),
(1944, 1, 1, 1, 1, 1, '2023-03-30 09:17:47', '2023-03-30 09:17:47'),
(1945, 1, 1, 1, 1, 1, '2023-03-30 09:17:49', '2023-03-30 09:17:49'),
(1946, 1, 1, 1, 1, 1, '2023-03-30 09:18:10', '2023-03-30 09:18:10'),
(1947, 1, 1, 1, 1, 1, '2023-03-30 09:18:10', '2023-03-30 09:18:10'),
(1948, 1, 1, 1, 1, 1, '2023-03-30 09:18:12', '2023-03-30 09:18:12'),
(1949, 1, 1, 1, 1, 1, '2023-03-30 09:18:12', '2023-03-30 09:18:12'),
(1950, 1, 1, 1, 1, 1, '2023-03-30 09:18:13', '2023-03-30 09:18:13'),
(1951, 1, 1, 1, 1, 1, '2023-03-30 09:18:13', '2023-03-30 09:18:13'),
(1952, 1, 1, 1, 1, 1, '2023-03-30 09:18:13', '2023-03-30 09:18:13'),
(1953, 1, 1, 1, 1, 1, '2023-03-30 09:18:13', '2023-03-30 09:18:13'),
(1954, 1, 1, 1, 1, 1, '2023-03-30 09:18:13', '2023-03-30 09:18:13'),
(1955, 1, 1, 1, 1, 1, '2023-03-30 09:18:14', '2023-03-30 09:18:14'),
(1956, 1, 1, 1, 1, 1, '2023-03-30 09:18:14', '2023-03-30 09:18:14'),
(1957, 1, 1, 1, 1, 1, '2023-03-30 09:18:14', '2023-03-30 09:18:14'),
(1958, 1, 1, 1, 1, 1, '2023-03-30 09:18:14', '2023-03-30 09:18:14'),
(1959, 1, 1, 1, 1, 1, '2023-03-30 09:18:15', '2023-03-30 09:18:15'),
(1960, 1, 1, 1, 1, 1, '2023-03-30 09:18:15', '2023-03-30 09:18:15'),
(1961, 1, 1, 1, 1, 1, '2023-03-30 09:18:15', '2023-03-30 09:18:15'),
(1962, 1, 1, 1, 1, 1, '2023-03-30 09:18:16', '2023-03-30 09:18:16'),
(1963, 1, 1, 1, 1, 1, '2023-03-30 09:18:16', '2023-03-30 09:18:16'),
(1964, 1, 1, 1, 1, 1, '2023-03-30 09:18:16', '2023-03-30 09:18:16'),
(1965, 1, 1, 1, 1, 1, '2023-03-30 09:18:21', '2023-03-30 09:18:21'),
(1966, 1, 1, 1, 1, 1, '2023-03-30 09:18:21', '2023-03-30 09:18:21'),
(1967, 1, 1, 1, 1, 1, '2023-03-30 09:18:35', '2023-03-30 09:18:35'),
(1968, 1, 1, 1, 1, 1, '2023-03-30 09:19:17', '2023-03-30 09:19:17'),
(1969, 1, 1, 1, 1, 1, '2023-03-30 09:19:40', '2023-03-30 09:19:40'),
(1970, 1, 1, 1, 1, 1, '2023-03-30 09:21:50', '2023-03-30 09:21:50'),
(1971, 1, 1, 1, 1, 1, '2023-03-30 09:21:50', '2023-03-30 09:21:50'),
(1972, 1, 1, 1, 1, 1, '2023-03-30 09:21:52', '2023-03-30 09:21:52'),
(1973, 1, 1, 1, 1, 1, '2023-03-30 09:21:53', '2023-03-30 09:21:53'),
(1974, 1, 1, 1, 1, 1, '2023-03-30 09:21:53', '2023-03-30 09:21:53'),
(1975, 1, 1, 1, 1, 1, '2023-03-30 09:21:53', '2023-03-30 09:21:53'),
(1976, 1, 1, 1, 1, 1, '2023-03-30 09:21:53', '2023-03-30 09:21:53'),
(1977, 1, 1, 1, 1, 1, '2023-03-30 09:21:53', '2023-03-30 09:21:53'),
(1978, 1, 1, 1, 1, 1, '2023-03-30 09:21:53', '2023-03-30 09:21:53'),
(1979, 1, 1, 1, 1, 1, '2023-03-30 09:21:54', '2023-03-30 09:21:54'),
(1980, 1, 1, 1, 1, 1, '2023-03-30 09:21:54', '2023-03-30 09:21:54'),
(1981, 1, 1, 1, 1, 1, '2023-03-30 09:21:54', '2023-03-30 09:21:54'),
(1982, 1, 1, 1, 1, 1, '2023-03-30 09:21:54', '2023-03-30 09:21:54'),
(1983, 1, 1, 1, 1, 1, '2023-03-30 09:21:54', '2023-03-30 09:21:54'),
(1984, 1, 1, 1, 1, 1, '2023-03-30 09:21:55', '2023-03-30 09:21:55'),
(1985, 1, 1, 1, 1, 1, '2023-03-30 09:21:55', '2023-03-30 09:21:55'),
(1986, 1, 1, 1, 1, 1, '2023-03-30 09:21:55', '2023-03-30 09:21:55'),
(1987, 1, 1, 1, 1, 1, '2023-03-30 09:21:55', '2023-03-30 09:21:55'),
(1988, 1, 1, 1, 1, 1, '2023-03-30 09:21:55', '2023-03-30 09:21:55'),
(1989, 1, 1, 1, 1, 1, '2023-03-30 09:22:30', '2023-03-30 09:22:30'),
(1990, 1, 1, 1, 1, 1, '2023-03-30 09:22:31', '2023-03-30 09:22:31'),
(1991, 1, 1, 1, 1, 1, '2023-03-30 09:22:31', '2023-03-30 09:22:31'),
(1992, 1, 1, 1, 1, 1, '2023-03-30 09:22:31', '2023-03-30 09:22:31'),
(1993, 1, 1, 1, 1, 1, '2023-03-30 09:22:31', '2023-03-30 09:22:31'),
(1994, 1, 1, 1, 1, 1, '2023-03-30 09:22:31', '2023-03-30 09:22:31'),
(1995, 1, 1, 1, 1, 1, '2023-03-30 09:22:31', '2023-03-30 09:22:31'),
(1996, 1, 1, 1, 1, 1, '2023-03-30 09:22:32', '2023-03-30 09:22:32'),
(1997, 1, 1, 1, 1, 1, '2023-03-30 09:22:32', '2023-03-30 09:22:32'),
(1998, 1, 1, 1, 1, 1, '2023-03-30 09:22:32', '2023-03-30 09:22:32'),
(1999, 1, 1, 1, 1, 1, '2023-03-30 09:22:32', '2023-03-30 09:22:32'),
(2000, 1, 1, 1, 1, 1, '2023-03-30 09:22:32', '2023-03-30 09:22:32'),
(2001, 1, 1, 1, 1, 1, '2023-03-30 09:22:32', '2023-03-30 09:22:32'),
(2002, 1, 1, 1, 1, 1, '2023-03-30 09:22:33', '2023-03-30 09:22:33'),
(2003, 1, 1, 1, 1, 1, '2023-03-30 09:22:33', '2023-03-30 09:22:33'),
(2004, 1, 1, 1, 1, 1, '2023-03-30 09:22:33', '2023-03-30 09:22:33'),
(2005, 1, 1, 1, 1, 1, '2023-03-30 09:22:33', '2023-03-30 09:22:33'),
(2006, 1, 1, 1, 1, 1, '2023-03-30 09:22:33', '2023-03-30 09:22:33'),
(2007, 1, 1, 1, 1, 1, '2023-03-30 09:22:33', '2023-03-30 09:22:33'),
(2008, 1, 1, 1, 1, 1, '2023-03-30 09:22:34', '2023-03-30 09:22:34'),
(2009, 1, 1, 1, 1, 1, '2023-03-30 09:24:51', '2023-03-30 09:24:51'),
(2010, 1, 1, 1, 1, 1, '2023-03-30 09:25:04', '2023-03-30 09:25:04'),
(2011, 1, 1, 1, 1, 1, '2023-03-30 09:25:04', '2023-03-30 09:25:04'),
(2012, 1, 1, 1, 1, 1, '2023-03-30 09:25:07', '2023-03-30 09:25:07'),
(2013, 1, 1, 1, 1, 1, '2023-03-30 09:25:35', '2023-03-30 09:25:35'),
(2014, 1, 1, 1, 1, 1, '2023-03-30 09:28:27', '2023-03-30 09:28:27'),
(2015, 1, 1, 1, 1, 1, '2023-03-30 09:28:34', '2023-03-30 09:28:34'),
(2016, 1, 1, 1, 1, 1, '2023-03-30 09:29:10', '2023-03-30 09:29:10'),
(2017, 1, 1, 1, 1, 1, '2023-03-30 09:29:30', '2023-03-30 09:29:30'),
(2018, 1, 1, 1, 1, 1, '2023-03-30 09:29:33', '2023-03-30 09:29:33'),
(2019, 1, 1, 1, 1, 1, '2023-03-30 09:29:33', '2023-03-30 09:29:33'),
(2020, 1, 1, 1, 1, 1, '2023-03-30 09:29:33', '2023-03-30 09:29:33'),
(2021, 1, 1, 1, 1, 1, '2023-03-30 09:29:33', '2023-03-30 09:29:33'),
(2022, 1, 1, 1, 1, 1, '2023-03-30 09:29:34', '2023-03-30 09:29:34'),
(2023, 1, 1, 1, 1, 1, '2023-03-30 09:29:34', '2023-03-30 09:29:34'),
(2024, 1, 1, 1, 1, 1, '2023-03-30 09:29:34', '2023-03-30 09:29:34'),
(2025, 1, 1, 1, 1, 1, '2023-03-30 09:29:50', '2023-03-30 09:29:50'),
(2026, 1, 1, 1, 1, 1, '2023-03-30 09:29:51', '2023-03-30 09:29:51'),
(2027, 1, 1, 1, 1, 1, '2023-03-30 09:29:51', '2023-03-30 09:29:51'),
(2028, 1, 1, 1, 1, 1, '2023-03-30 09:29:51', '2023-03-30 09:29:51'),
(2029, 1, 1, 1, 1, 1, '2023-03-30 09:29:51', '2023-03-30 09:29:51'),
(2030, 1, 1, 1, 1, 1, '2023-03-30 09:29:52', '2023-03-30 09:29:52'),
(2031, 1, 1, 1, 1, 1, '2023-03-30 09:29:52', '2023-03-30 09:29:52'),
(2032, 1, 1, 1, 1, 1, '2023-03-30 09:29:52', '2023-03-30 09:29:52'),
(2033, 1, 1, 1, 1, 1, '2023-03-30 09:29:52', '2023-03-30 09:29:52'),
(2034, 1, 1, 1, 1, 1, '2023-03-30 09:29:52', '2023-03-30 09:29:52'),
(2035, 1, 1, 1, 1, 1, '2023-03-30 09:29:53', '2023-03-30 09:29:53'),
(2036, 1, 1, 1, 1, 1, '2023-03-30 09:29:53', '2023-03-30 09:29:53'),
(2037, 1, 1, 1, 1, 1, '2023-03-30 09:29:53', '2023-03-30 09:29:53'),
(2038, 1, 1, 1, 1, 1, '2023-03-30 09:29:53', '2023-03-30 09:29:53'),
(2039, 1, 1, 1, 1, 1, '2023-03-30 09:29:53', '2023-03-30 09:29:53'),
(2040, 1, 1, 1, 1, 1, '2023-03-30 09:29:53', '2023-03-30 09:29:53'),
(2041, 1, 1, 1, 1, 1, '2023-03-30 09:29:54', '2023-03-30 09:29:54'),
(2042, 1, 1, 1, 1, 1, '2023-03-30 09:29:54', '2023-03-30 09:29:54'),
(2043, 1, 1, 1, 1, 1, '2023-03-30 09:29:54', '2023-03-30 09:29:54'),
(2044, 1, 1, 1, 1, 1, '2023-03-30 09:29:55', '2023-03-30 09:29:55'),
(2045, 1, 1, 1, 1, 1, '2023-03-30 09:32:02', '2023-03-30 09:32:02'),
(2046, 1, 1, 1, 1, 1, '2023-03-30 09:32:02', '2023-03-30 09:32:02'),
(2047, 1, 1, 1, 1, 1, '2023-03-30 09:32:04', '2023-03-30 09:32:04'),
(2048, 1, 1, 1, 1, 1, '2023-03-30 09:33:45', '2023-03-30 09:33:45'),
(2049, 1, 1, 1, 1, 1, '2023-03-30 09:34:45', '2023-03-30 09:34:45'),
(2050, 1, 1, 1, 1, 1, '2023-03-30 09:35:08', '2023-03-30 09:35:08'),
(2051, 1, 1, 1, 1, 1, '2023-03-30 09:37:17', '2023-03-30 09:37:17'),
(2052, 1, 1, 1, 1, 1, '2023-03-30 09:37:18', '2023-03-30 09:37:18'),
(2053, 1, 1, 1, 1, 1, '2023-03-30 09:37:19', '2023-03-30 09:37:19'),
(2054, 1, 1, 1, 1, 1, '2023-03-30 09:37:28', '2023-03-30 09:37:28'),
(2055, 1, 1, 1, 1, 1, '2023-03-30 09:37:52', '2023-03-30 09:37:52'),
(2056, 1, 1, 1, 1, 1, '2023-03-30 09:37:54', '2023-03-30 09:37:54'),
(2057, 1, 1, 1, 1, 1, '2023-03-30 09:37:54', '2023-03-30 09:37:54'),
(2058, 1, 1, 1, 1, 1, '2023-03-30 09:38:19', '2023-03-30 09:38:19'),
(2059, 1, 1, 1, 1, 1, '2023-03-30 09:38:25', '2023-03-30 09:38:25'),
(2060, 1, 1, 1, 1, 1, '2023-03-30 09:38:30', '2023-03-30 09:38:30'),
(2061, 1, 1, 1, 1, 1, '2023-03-30 09:38:46', '2023-03-30 09:38:46'),
(2062, 1, 1, 1, 1, 1, '2023-03-30 09:38:47', '2023-03-30 09:38:47'),
(2063, 1, 1, 1, 1, 1, '2023-03-30 09:38:47', '2023-03-30 09:38:47'),
(2064, 1, 1, 1, 1, 1, '2023-03-30 09:38:57', '2023-03-30 09:38:57'),
(2065, 1, 1, 1, 1, 1, '2023-03-30 09:58:03', '2023-03-30 09:58:03'),
(2066, 1, 1, 1, 1, 1, '2023-03-30 09:58:58', '2023-03-30 09:58:58'),
(2067, 1, 1, 1, 1, 1, '2023-03-30 09:59:00', '2023-03-30 09:59:00'),
(2068, 1, 1, 1, 1, 1, '2023-03-30 09:59:07', '2023-03-30 09:59:07'),
(2069, 1, 1, 1, 1, 1, '2023-03-30 10:19:16', '2023-03-30 10:19:16'),
(2070, 1, 1, 1, 1, 1, '2023-03-30 10:20:04', '2023-03-30 10:20:04'),
(2071, 1, 1, 1, 1, 1, '2023-03-30 10:20:07', '2023-03-30 10:20:07'),
(2072, 1, 1, 1, 1, 1, '2023-03-30 10:20:10', '2023-03-30 10:20:10'),
(2073, 1, 1, 1, 1, 1, '2023-03-30 10:20:13', '2023-03-30 10:20:13'),
(2074, 1, 1, 1, 1, 1, '2023-03-30 10:37:37', '2023-03-30 10:37:37'),
(2075, 1, 1, 1, 1, 1, '2023-03-30 11:11:30', '2023-03-30 11:11:30'),
(2076, 1, 1, 1, 1, 1, '2023-03-30 11:11:30', '2023-03-30 11:11:30'),
(2077, 1, 1, 1, 1, 1, '2023-03-30 11:11:31', '2023-03-30 11:11:31'),
(2078, 1, 1, 1, 1, 1, '2023-03-30 11:11:31', '2023-03-30 11:11:31'),
(2079, 1, 1, 1, 1, 1, '2023-03-30 11:11:31', '2023-03-30 11:11:31'),
(2080, 1, 1, 1, 1, 1, '2023-03-30 11:12:10', '2023-03-30 11:12:10'),
(2081, 1, 1, 1, 1, 1, '2023-03-30 11:12:13', '2023-03-30 11:12:13'),
(2082, 1, 1, 1, 1, 1, '2023-03-30 11:12:19', '2023-03-30 11:12:19'),
(2083, 1, 1, 1, 1, 1, '2023-03-30 11:15:44', '2023-03-30 11:15:44'),
(2084, 1, 1, 1, 1, 1, '2023-03-30 12:59:15', '2023-03-30 12:59:15'),
(2085, 1, 1, 1, 1, 1, '2023-03-30 12:59:15', '2023-03-30 12:59:15'),
(2086, 1, 1, 1, 1, 1, '2023-03-30 12:59:17', '2023-03-30 12:59:17'),
(2087, 1, 1, 1, 1, 1, '2023-03-30 12:59:18', '2023-03-30 12:59:18'),
(2088, 1, 1, 1, 1, 1, '2023-03-30 12:59:18', '2023-03-30 12:59:18'),
(2089, 1, 1, 1, 1, 1, '2023-03-30 12:59:18', '2023-03-30 12:59:18'),
(2090, 1, 1, 1, 1, 1, '2023-03-30 12:59:18', '2023-03-30 12:59:18'),
(2091, 1, 1, 1, 1, 1, '2023-03-30 12:59:18', '2023-03-30 12:59:18'),
(2092, 1, 1, 1, 1, 1, '2023-03-30 12:59:19', '2023-03-30 12:59:19'),
(2093, 1, 1, 1, 1, 1, '2023-03-30 12:59:19', '2023-03-30 12:59:19'),
(2094, 1, 1, 1, 1, 1, '2023-03-30 12:59:19', '2023-03-30 12:59:19'),
(2095, 1, 1, 1, 1, 1, '2023-03-30 12:59:19', '2023-03-30 12:59:19'),
(2096, 1, 1, 1, 1, 1, '2023-03-30 12:59:19', '2023-03-30 12:59:19'),
(2097, 1, 1, 1, 1, 1, '2023-03-30 12:59:20', '2023-03-30 12:59:20'),
(2098, 1, 1, 1, 1, 1, '2023-03-30 12:59:20', '2023-03-30 12:59:20'),
(2099, 1, 1, 1, 1, 1, '2023-03-30 12:59:20', '2023-03-30 12:59:20'),
(2100, 1, 1, 1, 1, 1, '2023-03-30 12:59:20', '2023-03-30 12:59:20'),
(2101, 1, 1, 1, 1, 1, '2023-03-30 12:59:20', '2023-03-30 12:59:20'),
(2102, 1, 1, 1, 1, 1, '2023-03-30 12:59:21', '2023-03-30 12:59:21'),
(2103, 1, 1, 1, 1, 1, '2023-03-30 12:59:35', '2023-03-30 12:59:35'),
(2104, 1, 1, 1, 1, 1, '2023-03-30 12:59:48', '2023-03-30 12:59:48'),
(2105, 1, 1, 1, 1, 1, '2023-03-30 13:00:16', '2023-03-30 13:00:16'),
(2106, 1, 1, 1, 1, 1, '2023-03-30 13:02:16', '2023-03-30 13:02:16'),
(2107, 1, 1, 1, 1, 1, '2023-03-30 13:02:17', '2023-03-30 13:02:17'),
(2108, 1, 1, 1, 1, 1, '2023-03-30 13:02:18', '2023-03-30 13:02:18'),
(2109, 1, 1, 1, 1, 1, '2023-03-30 13:03:09', '2023-03-30 13:03:09'),
(2110, 1, 1, 1, 1, 1, '2023-03-30 13:03:11', '2023-03-30 13:03:11'),
(2111, 1, 1, 1, 1, 1, '2023-03-30 13:03:17', '2023-03-30 13:03:17'),
(2112, 1, 1, 1, 1, 1, '2023-03-30 13:03:50', '2023-03-30 13:03:50'),
(2113, 1, 1, 1, 1, 1, '2023-03-30 13:03:53', '2023-03-30 13:03:53'),
(2114, 1, 1, 1, 1, 1, '2023-03-30 13:04:14', '2023-03-30 13:04:14'),
(2115, 1, 1, 1, 1, 1, '2023-03-30 13:04:20', '2023-03-30 13:04:20'),
(2116, 1, 1, 1, 1, 1, '2023-03-30 13:04:22', '2023-03-30 13:04:22'),
(2117, 1, 1, 1, 1, 1, '2023-03-30 13:04:25', '2023-03-30 13:04:25'),
(2118, 1, 1, 1, 1, 1, '2023-03-30 13:04:59', '2023-03-30 13:04:59'),
(2119, 1, 1, 1, 1, 1, '2023-03-30 13:05:00', '2023-03-30 13:05:00'),
(2120, 1, 1, 1, 1, 1, '2023-03-30 13:05:00', '2023-03-30 13:05:00'),
(2121, 1, 1, 1, 1, 1, '2023-03-30 13:05:00', '2023-03-30 13:05:00'),
(2122, 1, 1, 1, 1, 1, '2023-03-30 13:05:00', '2023-03-30 13:05:00'),
(2123, 1, 1, 1, 1, 1, '2023-03-30 13:05:49', '2023-03-30 13:05:49'),
(2124, 1, 1, 1, 1, 1, '2023-03-30 13:05:49', '2023-03-30 13:05:49'),
(2125, 1, 1, 1, 1, 1, '2023-03-30 13:05:49', '2023-03-30 13:05:49'),
(2126, 1, 1, 1, 1, 1, '2023-03-30 13:05:50', '2023-03-30 13:05:50'),
(2127, 1, 1, 1, 1, 1, '2023-03-30 13:05:50', '2023-03-30 13:05:50'),
(2128, 1, 1, 1, 1, 1, '2023-03-30 13:05:59', '2023-03-30 13:05:59'),
(2129, 1, 1, 1, 1, 1, '2023-03-30 13:07:22', '2023-03-30 13:07:22'),
(2130, 1, 1, 1, 1, 1, '2023-03-30 13:07:27', '2023-03-30 13:07:27'),
(2131, 1, 1, 1, 1, 1, '2023-03-30 13:07:35', '2023-03-30 13:07:35'),
(2132, 1, 1, 1, 1, 1, '2023-03-30 13:07:35', '2023-03-30 13:07:35'),
(2133, 1, 1, 1, 1, 1, '2023-03-30 13:07:43', '2023-03-30 13:07:43'),
(2134, 1, 1, 1, 1, 1, '2023-03-30 13:07:43', '2023-03-30 13:07:43'),
(2135, 1, 1, 1, 1, 1, '2023-03-30 13:07:44', '2023-03-30 13:07:44'),
(2136, 1, 1, 1, 1, 1, '2023-03-30 13:08:24', '2023-03-30 13:08:24'),
(2137, 1, 1, 1, 1, 1, '2023-03-30 13:08:24', '2023-03-30 13:08:24'),
(2138, 1, 1, 1, 1, 1, '2023-03-30 13:08:24', '2023-03-30 13:08:24'),
(2139, 1, 1, 1, 1, 1, '2023-03-30 13:08:25', '2023-03-30 13:08:25'),
(2140, 1, 1, 1, 1, 1, '2023-03-30 13:08:25', '2023-03-30 13:08:25'),
(2141, 1, 1, 1, 1, 1, '2023-03-30 13:08:47', '2023-03-30 13:08:47'),
(2142, 1, 1, 1, 1, 1, '2023-03-30 13:09:08', '2023-03-30 13:09:08'),
(2143, 1, 1, 1, 1, 1, '2023-03-30 13:09:08', '2023-03-30 13:09:08'),
(2144, 1, 1, 1, 1, 1, '2023-03-30 13:09:10', '2023-03-30 13:09:10'),
(2145, 1, 1, 1, 1, 1, '2023-03-30 13:09:11', '2023-03-30 13:09:11'),
(2146, 1, 1, 1, 1, 1, '2023-03-30 13:09:11', '2023-03-30 13:09:11'),
(2147, 1, 1, 1, 1, 1, '2023-03-30 13:09:11', '2023-03-30 13:09:11'),
(2148, 1, 1, 1, 1, 1, '2023-03-30 13:09:11', '2023-03-30 13:09:11'),
(2149, 1, 1, 1, 1, 1, '2023-03-30 13:09:11', '2023-03-30 13:09:11'),
(2150, 1, 1, 1, 1, 1, '2023-03-30 13:09:11', '2023-03-30 13:09:11'),
(2151, 1, 1, 1, 1, 1, '2023-03-30 13:09:11', '2023-03-30 13:09:11'),
(2152, 1, 1, 1, 1, 1, '2023-03-30 13:09:12', '2023-03-30 13:09:12'),
(2153, 1, 1, 1, 1, 1, '2023-03-30 13:09:12', '2023-03-30 13:09:12'),
(2154, 1, 1, 1, 1, 1, '2023-03-30 13:09:13', '2023-03-30 13:09:13'),
(2155, 1, 1, 1, 1, 1, '2023-03-30 13:09:13', '2023-03-30 13:09:13'),
(2156, 1, 1, 1, 1, 1, '2023-03-30 13:09:13', '2023-03-30 13:09:13'),
(2157, 1, 1, 1, 1, 1, '2023-03-30 13:09:13', '2023-03-30 13:09:13'),
(2158, 1, 1, 1, 1, 1, '2023-03-30 13:09:14', '2023-03-30 13:09:14'),
(2159, 1, 1, 1, 1, 1, '2023-03-30 13:09:14', '2023-03-30 13:09:14'),
(2160, 1, 1, 1, 1, 1, '2023-03-30 13:09:15', '2023-03-30 13:09:15'),
(2161, 1, 1, 1, 1, 1, '2023-03-30 13:09:15', '2023-03-30 13:09:15'),
(2162, 1, 1, 1, 1, 1, '2023-03-30 13:09:15', '2023-03-30 13:09:15'),
(2163, 1, 1, 1, 1, 1, '2023-03-30 13:09:15', '2023-03-30 13:09:15'),
(2164, 1, 1, 1, 1, 1, '2023-03-30 13:09:22', '2023-03-30 13:09:22'),
(2165, 1, 1, 1, 1, 1, '2023-04-01 03:44:13', '2023-04-01 03:44:13'),
(2166, 1, 1, 1, 1, 1, '2023-04-01 03:44:14', '2023-04-01 03:44:14'),
(2167, 1, 1, 1, 1, 1, '2023-04-01 03:44:14', '2023-04-01 03:44:14'),
(2168, 1, 1, 1, 1, 1, '2023-04-01 03:44:15', '2023-04-01 03:44:15'),
(2169, 1, 1, 1, 1, 1, '2023-04-01 03:44:15', '2023-04-01 03:44:15'),
(2170, 1, 1, 1, 1, 1, '2023-04-01 03:44:15', '2023-04-01 03:44:15'),
(2171, 1, 1, 1, 1, 1, '2023-04-01 03:44:15', '2023-04-01 03:44:15'),
(2172, 1, 1, 1, 1, 1, '2023-04-01 03:44:15', '2023-04-01 03:44:15'),
(2173, 1, 1, 1, 1, 1, '2023-04-01 03:44:15', '2023-04-01 03:44:15'),
(2174, 1, 1, 1, 1, 1, '2023-04-01 03:44:16', '2023-04-01 03:44:16'),
(2175, 1, 1, 1, 1, 1, '2023-04-01 03:44:16', '2023-04-01 03:44:16'),
(2176, 1, 1, 1, 1, 1, '2023-04-01 03:44:16', '2023-04-01 03:44:16'),
(2177, 1, 1, 1, 1, 1, '2023-04-01 03:44:16', '2023-04-01 03:44:16'),
(2178, 1, 1, 1, 1, 1, '2023-04-01 03:44:17', '2023-04-01 03:44:17'),
(2179, 1, 1, 1, 1, 1, '2023-04-01 03:44:18', '2023-04-01 03:44:18'),
(2180, 1, 1, 1, 1, 1, '2023-04-01 03:44:18', '2023-04-01 03:44:18'),
(2181, 1, 1, 1, 1, 1, '2023-04-01 03:44:18', '2023-04-01 03:44:18'),
(2182, 1, 1, 1, 1, 1, '2023-04-01 03:44:18', '2023-04-01 03:44:18'),
(2183, 1, 1, 1, 1, 1, '2023-04-01 03:44:19', '2023-04-01 03:44:19'),
(2184, 1, 1, 1, 1, 1, '2023-04-01 03:44:19', '2023-04-01 03:44:19'),
(2185, 1, 1, 1, 1, 1, '2023-04-01 03:44:19', '2023-04-01 03:44:19'),
(2186, 1, 1, 1, 1, 1, '2023-04-01 03:44:19', '2023-04-01 03:44:19'),
(2187, 1, 1, 1, 1, 1, '2023-04-01 03:44:28', '2023-04-01 03:44:28'),
(2188, 1, 1, 1, 1, 1, '2023-04-01 03:44:29', '2023-04-01 03:44:29'),
(2189, 1, 1, 1, 1, 1, '2023-04-01 03:46:21', '2023-04-01 03:46:21'),
(2190, 1, 1, 1, 1, 1, '2023-04-01 03:46:22', '2023-04-01 03:46:22'),
(2191, 1, 1, 1, 1, 1, '2023-04-01 03:46:22', '2023-04-01 03:46:22'),
(2192, 1, 1, 1, 1, 1, '2023-04-01 03:46:27', '2023-04-01 03:46:27'),
(2193, 1, 1, 1, 1, 1, '2023-04-01 03:49:44', '2023-04-01 03:49:44'),
(2194, 1, 1, 1, 1, 1, '2023-04-01 03:50:18', '2023-04-01 03:50:18'),
(2195, 1, 1, 1, 1, 1, '2023-04-01 03:50:22', '2023-04-01 03:50:22'),
(2196, 1, 1, 1, 1, 1, '2023-04-01 03:51:24', '2023-04-01 03:51:24'),
(2197, 1, 1, 1, 1, 1, '2023-04-01 03:52:00', '2023-04-01 03:52:00'),
(2198, 1, 1, 1, 1, 1, '2023-04-01 03:52:14', '2023-04-01 03:52:14'),
(2199, 1, 1, 1, 1, 1, '2023-04-01 03:52:48', '2023-04-01 03:52:48'),
(2200, 1, 1, 1, 1, 1, '2023-04-01 03:57:45', '2023-04-01 03:57:45'),
(2201, 1, 1, 1, 1, 1, '2023-04-01 03:57:54', '2023-04-01 03:57:54'),
(2202, 1, 1, 1, 1, 1, '2023-04-01 03:58:25', '2023-04-01 03:58:25'),
(2203, 1, 1, 1, 1, 1, '2023-04-01 03:58:49', '2023-04-01 03:58:49'),
(2204, 1, 1, 1, 1, 1, '2023-04-01 03:58:51', '2023-04-01 03:58:51'),
(2205, 1, 1, 1, 1, 1, '2023-04-01 03:59:00', '2023-04-01 03:59:00'),
(2206, 1, 1, 1, 1, 1, '2023-04-01 03:59:07', '2023-04-01 03:59:07'),
(2207, 1, 1, 1, 1, 1, '2023-04-01 03:59:45', '2023-04-01 03:59:45'),
(2208, 1, 1, 1, 1, 1, '2023-04-01 03:59:45', '2023-04-01 03:59:45'),
(2209, 1, 1, 1, 1, 1, '2023-04-01 03:59:45', '2023-04-01 03:59:45'),
(2210, 1, 1, 1, 1, 1, '2023-04-01 03:59:52', '2023-04-01 03:59:52'),
(2211, 1, 1, 1, 1, 1, '2023-04-01 04:02:31', '2023-04-01 04:02:31'),
(2212, 1, 1, 1, 1, 1, '2023-04-01 04:02:32', '2023-04-01 04:02:32'),
(2213, 1, 1, 1, 1, 1, '2023-04-01 04:02:34', '2023-04-01 04:02:34'),
(2214, 1, 1, 1, 1, 1, '2023-04-01 04:02:34', '2023-04-01 04:02:34'),
(2215, 1, 1, 1, 1, 1, '2023-04-01 04:02:35', '2023-04-01 04:02:35'),
(2216, 1, 1, 1, 1, 1, '2023-04-01 04:02:35', '2023-04-01 04:02:35'),
(2217, 1, 1, 1, 1, 1, '2023-04-01 04:02:35', '2023-04-01 04:02:35'),
(2218, 1, 1, 1, 1, 1, '2023-04-01 04:02:35', '2023-04-01 04:02:35'),
(2219, 1, 1, 1, 1, 1, '2023-04-01 04:02:35', '2023-04-01 04:02:35'),
(2220, 1, 1, 1, 1, 1, '2023-04-01 04:02:35', '2023-04-01 04:02:35'),
(2221, 1, 1, 1, 1, 1, '2023-04-01 04:02:36', '2023-04-01 04:02:36'),
(2222, 1, 1, 1, 1, 1, '2023-04-01 04:02:36', '2023-04-01 04:02:36'),
(2223, 1, 1, 1, 1, 1, '2023-04-01 04:02:36', '2023-04-01 04:02:36'),
(2224, 1, 1, 1, 1, 1, '2023-04-01 04:02:36', '2023-04-01 04:02:36'),
(2225, 1, 1, 1, 1, 1, '2023-04-01 04:02:37', '2023-04-01 04:02:37'),
(2226, 1, 1, 1, 1, 1, '2023-04-01 04:02:37', '2023-04-01 04:02:37'),
(2227, 1, 1, 1, 1, 1, '2023-04-01 04:02:37', '2023-04-01 04:02:37'),
(2228, 1, 1, 1, 1, 1, '2023-04-01 04:02:37', '2023-04-01 04:02:37'),
(2229, 1, 1, 1, 1, 1, '2023-04-01 04:02:38', '2023-04-01 04:02:38'),
(2230, 1, 1, 1, 1, 1, '2023-04-01 04:02:38', '2023-04-01 04:02:38'),
(2231, 1, 1, 1, 1, 1, '2023-04-01 04:02:38', '2023-04-01 04:02:38'),
(2232, 1, 1, 1, 1, 1, '2023-04-01 04:02:46', '2023-04-01 04:02:46'),
(2233, 1, 1, 1, 1, 1, '2023-04-01 04:02:52', '2023-04-01 04:02:52'),
(2234, 1, 1, 1, 1, 1, '2023-04-01 04:03:25', '2023-04-01 04:03:25'),
(2235, 1, 1, 1, 1, 1, '2023-04-01 04:11:44', '2023-04-01 04:11:44'),
(2236, 1, 1, 1, 1, 1, '2023-04-01 04:11:58', '2023-04-01 04:11:58'),
(2237, 1, 1, 1, 1, 1, '2023-04-01 04:13:13', '2023-04-01 04:13:13'),
(2238, 1, 1, 1, 1, 1, '2023-04-01 04:14:33', '2023-04-01 04:14:33'),
(2239, 1, 1, 1, 1, 1, '2023-04-01 04:17:44', '2023-04-01 04:17:44'),
(2240, 1, 1, 1, 1, 1, '2023-04-01 04:19:41', '2023-04-01 04:19:41'),
(2241, 1, 1, 1, 1, 1, '2023-04-01 04:19:42', '2023-04-01 04:19:42'),
(2242, 1, 1, 1, 1, 1, '2023-04-01 04:20:09', '2023-04-01 04:20:09'),
(2243, 1, 1, 1, 1, 1, '2023-04-01 04:20:10', '2023-04-01 04:20:10'),
(2244, 1, 1, 1, 1, 1, '2023-04-01 04:22:37', '2023-04-01 04:22:37'),
(2245, 1, 1, 1, 1, 1, '2023-04-01 04:22:38', '2023-04-01 04:22:38'),
(2246, 1, 1, 1, 1, 1, '2023-04-01 04:22:45', '2023-04-01 04:22:45'),
(2247, 1, 1, 1, 1, 1, '2023-04-01 04:22:48', '2023-04-01 04:22:48'),
(2248, 1, 1, 1, 1, 1, '2023-04-01 04:26:16', '2023-04-01 04:26:16'),
(2249, 1, 1, 1, 1, 1, '2023-04-01 04:42:40', '2023-04-01 04:42:40');
INSERT INTO `profit_losses` (`id`, `user_id`, `opening_balance`, `income`, `expense`, `closing_balance`, `created_at`, `updated_at`) VALUES
(2250, 1, 1, 1, 1, 1, '2023-04-01 04:44:32', '2023-04-01 04:44:32'),
(2251, 1, 1, 1, 1, 1, '2023-04-01 04:45:30', '2023-04-01 04:45:30'),
(2252, 1, 1, 1, 1, 1, '2023-04-01 04:49:44', '2023-04-01 04:49:44'),
(2253, 1, 1, 1, 1, 1, '2023-04-01 04:55:06', '2023-04-01 04:55:06'),
(2254, 1, 1, 1, 1, 1, '2023-04-01 04:55:32', '2023-04-01 04:55:32'),
(2255, 1, 1, 1, 1, 1, '2023-04-01 04:55:32', '2023-04-01 04:55:32'),
(2256, 1, 1, 1, 1, 1, '2023-04-01 04:55:34', '2023-04-01 04:55:34'),
(2257, 1, 1, 1, 1, 1, '2023-04-01 04:55:39', '2023-04-01 04:55:39'),
(2258, 1, 1, 1, 1, 1, '2023-04-01 04:55:48', '2023-04-01 04:55:48'),
(2259, 1, 1, 1, 1, 1, '2023-04-01 04:56:56', '2023-04-01 04:56:56'),
(2260, 1, 1, 1, 1, 1, '2023-04-01 04:57:48', '2023-04-01 04:57:48'),
(2261, 1, 1, 1, 1, 1, '2023-04-01 04:58:06', '2023-04-01 04:58:06'),
(2262, 1, 1, 1, 1, 1, '2023-04-01 04:59:39', '2023-04-01 04:59:39'),
(2263, 1, 1, 1, 1, 1, '2023-04-01 04:59:58', '2023-04-01 04:59:58'),
(2264, 1, 1, 1, 1, 1, '2023-04-01 04:59:58', '2023-04-01 04:59:58'),
(2265, 1, 1, 1, 1, 1, '2023-04-01 04:59:59', '2023-04-01 04:59:59'),
(2266, 1, 1, 1, 1, 1, '2023-04-01 05:00:03', '2023-04-01 05:00:03'),
(2267, 1, 1, 1, 1, 1, '2023-04-01 05:00:08', '2023-04-01 05:00:08'),
(2268, 1, 1, 1, 1, 1, '2023-04-01 05:01:23', '2023-04-01 05:01:23'),
(2269, 1, 1, 1, 1, 1, '2023-04-01 05:01:35', '2023-04-01 05:01:35'),
(2270, 1, 1, 1, 1, 1, '2023-04-01 05:03:27', '2023-04-01 05:03:27'),
(2271, 1, 1, 1, 1, 1, '2023-04-01 05:03:54', '2023-04-01 05:03:54'),
(2272, 1, 1, 1, 1, 1, '2023-04-01 05:06:25', '2023-04-01 05:06:25'),
(2273, 1, 1, 1, 1, 1, '2023-04-01 05:06:45', '2023-04-01 05:06:45'),
(2274, 1, 1, 1, 1, 1, '2023-04-01 05:07:52', '2023-04-01 05:07:52'),
(2275, 1, 1, 1, 1, 1, '2023-04-01 05:08:21', '2023-04-01 05:08:21'),
(2276, 1, 1, 1, 1, 1, '2023-04-01 05:09:12', '2023-04-01 05:09:12'),
(2277, 1, 1, 1, 1, 1, '2023-04-01 05:09:22', '2023-04-01 05:09:22'),
(2278, 1, 1, 1, 1, 1, '2023-04-01 05:09:32', '2023-04-01 05:09:32'),
(2279, 1, 1, 1, 1, 1, '2023-04-01 05:10:53', '2023-04-01 05:10:53'),
(2280, 1, 1, 1, 1, 1, '2023-04-01 05:12:17', '2023-04-01 05:12:17'),
(2281, 1, 1, 1, 1, 1, '2023-04-01 05:13:21', '2023-04-01 05:13:21'),
(2282, 1, 1, 1, 1, 1, '2023-04-01 05:13:55', '2023-04-01 05:13:55'),
(2283, 1, 1, 1, 1, 1, '2023-04-01 05:14:55', '2023-04-01 05:14:55'),
(2284, 1, 1, 1, 1, 1, '2023-04-01 05:17:39', '2023-04-01 05:17:39'),
(2285, 1, 1, 1, 1, 1, '2023-04-01 05:19:45', '2023-04-01 05:19:45'),
(2286, 1, 1, 1, 1, 1, '2023-04-01 05:19:55', '2023-04-01 05:19:55'),
(2287, 1, 1, 1, 1, 1, '2023-04-01 05:19:55', '2023-04-01 05:19:55'),
(2288, 1, 1, 1, 1, 1, '2023-04-01 05:19:58', '2023-04-01 05:19:58'),
(2289, 1, 1, 1, 1, 1, '2023-04-01 05:19:58', '2023-04-01 05:19:58'),
(2290, 1, 1, 1, 1, 1, '2023-04-01 05:19:58', '2023-04-01 05:19:58'),
(2291, 1, 1, 1, 1, 1, '2023-04-01 05:19:58', '2023-04-01 05:19:58'),
(2292, 1, 1, 1, 1, 1, '2023-04-01 05:19:58', '2023-04-01 05:19:58'),
(2293, 1, 1, 1, 1, 1, '2023-04-01 05:19:59', '2023-04-01 05:19:59'),
(2294, 1, 1, 1, 1, 1, '2023-04-01 05:19:59', '2023-04-01 05:19:59'),
(2295, 1, 1, 1, 1, 1, '2023-04-01 05:19:59', '2023-04-01 05:19:59'),
(2296, 1, 1, 1, 1, 1, '2023-04-01 05:20:00', '2023-04-01 05:20:00'),
(2297, 1, 1, 1, 1, 1, '2023-04-01 05:20:00', '2023-04-01 05:20:00'),
(2298, 1, 1, 1, 1, 1, '2023-04-01 05:20:00', '2023-04-01 05:20:00'),
(2299, 1, 1, 1, 1, 1, '2023-04-01 05:20:00', '2023-04-01 05:20:00'),
(2300, 1, 1, 1, 1, 1, '2023-04-01 05:20:01', '2023-04-01 05:20:01'),
(2301, 1, 1, 1, 1, 1, '2023-04-01 05:20:01', '2023-04-01 05:20:01'),
(2302, 1, 1, 1, 1, 1, '2023-04-01 05:20:01', '2023-04-01 05:20:01'),
(2303, 1, 1, 1, 1, 1, '2023-04-01 05:20:02', '2023-04-01 05:20:02'),
(2304, 1, 1, 1, 1, 1, '2023-04-01 05:20:02', '2023-04-01 05:20:02'),
(2305, 1, 1, 1, 1, 1, '2023-04-01 05:20:03', '2023-04-01 05:20:03'),
(2306, 1, 1, 1, 1, 1, '2023-04-01 05:20:03', '2023-04-01 05:20:03'),
(2307, 1, 1, 1, 1, 1, '2023-04-01 05:20:03', '2023-04-01 05:20:03'),
(2308, 1, 1, 1, 1, 1, '2023-04-01 05:20:34', '2023-04-01 05:20:34'),
(2309, 1, 1, 1, 1, 1, '2023-04-01 05:22:15', '2023-04-01 05:22:15'),
(2310, 1, 1, 1, 1, 1, '2023-04-01 05:22:42', '2023-04-01 05:22:42'),
(2311, 1, 1, 1, 1, 1, '2023-04-01 05:26:56', '2023-04-01 05:26:56'),
(2312, 1, 1, 1, 1, 1, '2023-04-01 05:27:17', '2023-04-01 05:27:17'),
(2313, 1, 1, 1, 1, 1, '2023-04-01 05:33:56', '2023-04-01 05:33:56'),
(2314, 1, 1, 1, 1, 1, '2023-04-01 05:34:15', '2023-04-01 05:34:15'),
(2315, 1, 1, 1, 1, 1, '2023-04-01 05:41:03', '2023-04-01 05:41:03'),
(2316, 1, 1, 1, 1, 1, '2023-04-01 05:42:16', '2023-04-01 05:42:16'),
(2317, 1, 1, 1, 1, 1, '2023-04-01 05:42:17', '2023-04-01 05:42:17'),
(2318, 1, 1, 1, 1, 1, '2023-04-01 05:42:19', '2023-04-01 05:42:19'),
(2319, 1, 1, 1, 1, 1, '2023-04-01 05:42:19', '2023-04-01 05:42:19'),
(2320, 1, 1, 1, 1, 1, '2023-04-01 05:42:19', '2023-04-01 05:42:19'),
(2321, 1, 1, 1, 1, 1, '2023-04-01 05:42:20', '2023-04-01 05:42:20'),
(2322, 1, 1, 1, 1, 1, '2023-04-01 05:42:20', '2023-04-01 05:42:20'),
(2323, 1, 1, 1, 1, 1, '2023-04-01 05:42:20', '2023-04-01 05:42:20'),
(2324, 1, 1, 1, 1, 1, '2023-04-01 05:42:20', '2023-04-01 05:42:20'),
(2325, 1, 1, 1, 1, 1, '2023-04-01 05:42:20', '2023-04-01 05:42:20'),
(2326, 1, 1, 1, 1, 1, '2023-04-01 05:42:20', '2023-04-01 05:42:20'),
(2327, 1, 1, 1, 1, 1, '2023-04-01 05:42:21', '2023-04-01 05:42:21'),
(2328, 1, 1, 1, 1, 1, '2023-04-01 05:42:21', '2023-04-01 05:42:21'),
(2329, 1, 1, 1, 1, 1, '2023-04-01 05:42:21', '2023-04-01 05:42:21'),
(2330, 1, 1, 1, 1, 1, '2023-04-01 05:42:21', '2023-04-01 05:42:21'),
(2331, 1, 1, 1, 1, 1, '2023-04-01 05:42:22', '2023-04-01 05:42:22'),
(2332, 1, 1, 1, 1, 1, '2023-04-01 05:42:22', '2023-04-01 05:42:22'),
(2333, 1, 1, 1, 1, 1, '2023-04-01 05:42:22', '2023-04-01 05:42:22'),
(2334, 1, 1, 1, 1, 1, '2023-04-01 05:42:22', '2023-04-01 05:42:22'),
(2335, 1, 1, 1, 1, 1, '2023-04-01 05:42:22', '2023-04-01 05:42:22'),
(2336, 1, 1, 1, 1, 1, '2023-04-01 05:42:23', '2023-04-01 05:42:23'),
(2337, 1, 1, 1, 1, 1, '2023-04-01 05:42:56', '2023-04-01 05:42:56'),
(2338, 1, 1, 1, 1, 1, '2023-04-01 05:44:02', '2023-04-01 05:44:02'),
(2339, 1, 1, 1, 1, 1, '2023-04-01 05:45:23', '2023-04-01 05:45:23'),
(2340, 1, 1, 1, 1, 1, '2023-04-01 05:45:24', '2023-04-01 05:45:24'),
(2341, 1, 1, 1, 1, 1, '2023-04-01 05:45:26', '2023-04-01 05:45:26'),
(2342, 1, 1, 1, 1, 1, '2023-04-01 05:50:09', '2023-04-01 05:50:09'),
(2343, 1, 1, 1, 1, 1, '2023-04-01 05:50:11', '2023-04-01 05:50:11'),
(2344, 1, 1, 1, 1, 1, '2023-04-01 05:50:11', '2023-04-01 05:50:11'),
(2345, 1, 1, 1, 1, 1, '2023-04-01 05:50:11', '2023-04-01 05:50:11'),
(2346, 1, 1, 1, 1, 1, '2023-04-01 05:50:11', '2023-04-01 05:50:11'),
(2347, 1, 1, 1, 1, 1, '2023-04-01 05:50:23', '2023-04-01 05:50:23'),
(2348, 1, 1, 1, 1, 1, '2023-04-01 05:51:26', '2023-04-01 05:51:26'),
(2349, 1, 1, 1, 1, 1, '2023-04-01 05:53:39', '2023-04-01 05:53:39'),
(2350, 1, 1, 1, 1, 1, '2023-04-01 05:53:40', '2023-04-01 05:53:40'),
(2351, 1, 1, 1, 1, 1, '2023-04-01 05:55:25', '2023-04-01 05:55:25'),
(2352, 1, 1, 1, 1, 1, '2023-04-01 05:55:26', '2023-04-01 05:55:26'),
(2353, 1, 1, 1, 1, 1, '2023-04-01 05:55:33', '2023-04-01 05:55:33'),
(2354, 1, 1, 1, 1, 1, '2023-04-01 05:57:00', '2023-04-01 05:57:00'),
(2355, 1, 1, 1, 1, 1, '2023-04-01 05:57:36', '2023-04-01 05:57:36'),
(2356, 1, 1, 1, 1, 1, '2023-04-01 05:58:51', '2023-04-01 05:58:51'),
(2357, 1, 1, 1, 1, 1, '2023-04-01 05:59:15', '2023-04-01 05:59:15'),
(2358, 1, 1, 1, 1, 1, '2023-04-01 06:01:07', '2023-04-01 06:01:07'),
(2359, 1, 1, 1, 1, 1, '2023-04-01 06:02:19', '2023-04-01 06:02:19'),
(2360, 1, 1, 1, 1, 1, '2023-04-01 06:02:21', '2023-04-01 06:02:21'),
(2361, 1, 1, 1, 1, 1, '2023-04-01 06:03:57', '2023-04-01 06:03:57'),
(2362, 1, 1, 1, 1, 1, '2023-04-01 06:03:57', '2023-04-01 06:03:57'),
(2363, 1, 1, 1, 1, 1, '2023-04-01 06:03:58', '2023-04-01 06:03:58'),
(2364, 1, 1, 1, 1, 1, '2023-04-01 06:07:54', '2023-04-01 06:07:54'),
(2365, 1, 1, 1, 1, 1, '2023-04-01 06:08:02', '2023-04-01 06:08:02'),
(2366, 1, 1, 1, 1, 1, '2023-04-01 06:08:02', '2023-04-01 06:08:02'),
(2367, 1, 1, 1, 1, 1, '2023-04-01 06:08:09', '2023-04-01 06:08:09'),
(2368, 1, 1, 1, 1, 1, '2023-04-01 06:08:09', '2023-04-01 06:08:09'),
(2369, 1, 1, 1, 1, 1, '2023-04-01 06:08:19', '2023-04-01 06:08:19'),
(2370, 1, 1, 1, 1, 1, '2023-04-01 06:09:51', '2023-04-01 06:09:51'),
(2371, 1, 1, 1, 1, 1, '2023-04-01 06:09:53', '2023-04-01 06:09:53'),
(2372, 1, 1, 1, 1, 1, '2023-04-01 06:13:56', '2023-04-01 06:13:56'),
(2373, 1, 1, 1, 1, 1, '2023-04-01 06:16:14', '2023-04-01 06:16:14'),
(2374, 1, 1, 1, 1, 1, '2023-04-01 06:16:55', '2023-04-01 06:16:55'),
(2375, 1, 1, 1, 1, 1, '2023-04-01 06:16:55', '2023-04-01 06:16:55'),
(2376, 1, 1, 1, 1, 1, '2023-04-01 06:16:58', '2023-04-01 06:16:58'),
(2377, 1, 1, 1, 1, 1, '2023-04-01 06:16:58', '2023-04-01 06:16:58'),
(2378, 1, 1, 1, 1, 1, '2023-04-01 06:16:58', '2023-04-01 06:16:58'),
(2379, 1, 1, 1, 1, 1, '2023-04-01 06:16:58', '2023-04-01 06:16:58'),
(2380, 1, 1, 1, 1, 1, '2023-04-01 06:16:58', '2023-04-01 06:16:58'),
(2381, 1, 1, 1, 1, 1, '2023-04-01 06:16:59', '2023-04-01 06:16:59'),
(2382, 1, 1, 1, 1, 1, '2023-04-01 06:16:59', '2023-04-01 06:16:59'),
(2383, 1, 1, 1, 1, 1, '2023-04-01 06:16:59', '2023-04-01 06:16:59'),
(2384, 1, 1, 1, 1, 1, '2023-04-01 06:16:59', '2023-04-01 06:16:59'),
(2385, 1, 1, 1, 1, 1, '2023-04-01 06:16:59', '2023-04-01 06:16:59'),
(2386, 1, 1, 1, 1, 1, '2023-04-01 06:17:00', '2023-04-01 06:17:00'),
(2387, 1, 1, 1, 1, 1, '2023-04-01 06:17:00', '2023-04-01 06:17:00'),
(2388, 1, 1, 1, 1, 1, '2023-04-01 06:17:00', '2023-04-01 06:17:00'),
(2389, 1, 1, 1, 1, 1, '2023-04-01 06:17:00', '2023-04-01 06:17:00'),
(2390, 1, 1, 1, 1, 1, '2023-04-01 06:17:01', '2023-04-01 06:17:01'),
(2391, 1, 1, 1, 1, 1, '2023-04-01 06:17:01', '2023-04-01 06:17:01'),
(2392, 1, 1, 1, 1, 1, '2023-04-01 06:17:01', '2023-04-01 06:17:01'),
(2393, 1, 1, 1, 1, 1, '2023-04-01 06:17:02', '2023-04-01 06:17:02'),
(2394, 1, 1, 1, 1, 1, '2023-04-01 06:17:02', '2023-04-01 06:17:02'),
(2395, 1, 1, 1, 1, 1, '2023-04-01 06:17:12', '2023-04-01 06:17:12'),
(2396, 1, 1, 1, 1, 1, '2023-04-01 06:17:12', '2023-04-01 06:17:12'),
(2397, 1, 1, 1, 1, 1, '2023-04-01 06:17:14', '2023-04-01 06:17:14'),
(2398, 1, 1, 1, 1, 1, '2023-04-01 06:34:21', '2023-04-01 06:34:21'),
(2399, 1, 1, 1, 1, 1, '2023-04-01 06:34:21', '2023-04-01 06:34:21'),
(2400, 1, 1, 1, 1, 1, '2023-04-01 06:34:23', '2023-04-01 06:34:23'),
(2401, 1, 1, 1, 1, 1, '2023-04-01 06:34:24', '2023-04-01 06:34:24'),
(2402, 1, 1, 1, 1, 1, '2023-04-01 06:34:24', '2023-04-01 06:34:24'),
(2403, 1, 1, 1, 1, 1, '2023-04-01 06:34:24', '2023-04-01 06:34:24'),
(2404, 1, 1, 1, 1, 1, '2023-04-01 06:34:24', '2023-04-01 06:34:24'),
(2405, 1, 1, 1, 1, 1, '2023-04-01 06:34:24', '2023-04-01 06:34:24'),
(2406, 1, 1, 1, 1, 1, '2023-04-01 06:34:24', '2023-04-01 06:34:24'),
(2407, 1, 1, 1, 1, 1, '2023-04-01 06:34:25', '2023-04-01 06:34:25'),
(2408, 1, 1, 1, 1, 1, '2023-04-01 06:34:25', '2023-04-01 06:34:25'),
(2409, 1, 1, 1, 1, 1, '2023-04-01 06:34:25', '2023-04-01 06:34:25'),
(2410, 1, 1, 1, 1, 1, '2023-04-01 06:34:25', '2023-04-01 06:34:25'),
(2411, 1, 1, 1, 1, 1, '2023-04-01 06:34:25', '2023-04-01 06:34:25'),
(2412, 1, 1, 1, 1, 1, '2023-04-01 06:34:26', '2023-04-01 06:34:26'),
(2413, 1, 1, 1, 1, 1, '2023-04-01 06:34:26', '2023-04-01 06:34:26'),
(2414, 1, 1, 1, 1, 1, '2023-04-01 06:34:26', '2023-04-01 06:34:26'),
(2415, 1, 1, 1, 1, 1, '2023-04-01 06:34:26', '2023-04-01 06:34:26'),
(2416, 1, 1, 1, 1, 1, '2023-04-01 06:34:26', '2023-04-01 06:34:26'),
(2417, 1, 1, 1, 1, 1, '2023-04-01 06:34:27', '2023-04-01 06:34:27'),
(2418, 1, 1, 1, 1, 1, '2023-04-01 06:34:27', '2023-04-01 06:34:27'),
(2419, 1, 1, 1, 1, 1, '2023-04-01 06:34:42', '2023-04-01 06:34:42'),
(2420, 1, 1, 1, 1, 1, '2023-04-01 06:34:42', '2023-04-01 06:34:42'),
(2421, 1, 1, 1, 1, 1, '2023-04-01 06:34:42', '2023-04-01 06:34:42'),
(2422, 1, 1, 1, 1, 1, '2023-04-01 06:35:01', '2023-04-01 06:35:01'),
(2423, 1, 1, 1, 1, 1, '2023-04-01 06:37:39', '2023-04-01 06:37:39'),
(2424, 1, 1, 1, 1, 1, '2023-04-01 06:38:33', '2023-04-01 06:38:33'),
(2425, 1, 1, 1, 1, 1, '2023-04-01 06:38:34', '2023-04-01 06:38:34'),
(2426, 1, 1, 1, 1, 1, '2023-04-01 06:38:34', '2023-04-01 06:38:34'),
(2427, 1, 1, 1, 1, 1, '2023-04-01 06:38:34', '2023-04-01 06:38:34'),
(2428, 1, 1, 1, 1, 1, '2023-04-01 06:38:34', '2023-04-01 06:38:34'),
(2429, 1, 1, 1, 1, 1, '2023-04-01 06:38:50', '2023-04-01 06:38:50'),
(2430, 1, 1, 1, 1, 1, '2023-04-01 06:39:06', '2023-04-01 06:39:06'),
(2431, 1, 1, 1, 1, 1, '2023-04-01 06:39:06', '2023-04-01 06:39:06'),
(2432, 1, 1, 1, 1, 1, '2023-04-01 06:39:07', '2023-04-01 06:39:07'),
(2433, 1, 1, 1, 1, 1, '2023-04-01 06:39:07', '2023-04-01 06:39:07'),
(2434, 1, 1, 1, 1, 1, '2023-04-01 06:39:07', '2023-04-01 06:39:07'),
(2435, 1, 1, 1, 1, 1, '2023-04-01 06:39:14', '2023-04-01 06:39:14'),
(2436, 1, 1, 1, 1, 1, '2023-04-01 06:39:35', '2023-04-01 06:39:35'),
(2437, 1, 1, 1, 1, 1, '2023-04-01 06:39:36', '2023-04-01 06:39:36'),
(2438, 1, 1, 1, 1, 1, '2023-04-01 06:39:38', '2023-04-01 06:39:38'),
(2439, 1, 1, 1, 1, 1, '2023-04-01 06:39:38', '2023-04-01 06:39:38'),
(2440, 1, 1, 1, 1, 1, '2023-04-01 06:39:39', '2023-04-01 06:39:39'),
(2441, 1, 1, 1, 1, 1, '2023-04-01 06:39:39', '2023-04-01 06:39:39'),
(2442, 1, 1, 1, 1, 1, '2023-04-01 06:39:39', '2023-04-01 06:39:39'),
(2443, 1, 1, 1, 1, 1, '2023-04-01 06:39:39', '2023-04-01 06:39:39'),
(2444, 1, 1, 1, 1, 1, '2023-04-01 06:39:39', '2023-04-01 06:39:39'),
(2445, 1, 1, 1, 1, 1, '2023-04-01 06:39:39', '2023-04-01 06:39:39'),
(2446, 1, 1, 1, 1, 1, '2023-04-01 06:39:40', '2023-04-01 06:39:40'),
(2447, 1, 1, 1, 1, 1, '2023-04-01 06:39:40', '2023-04-01 06:39:40'),
(2448, 1, 1, 1, 1, 1, '2023-04-01 06:39:40', '2023-04-01 06:39:40'),
(2449, 1, 1, 1, 1, 1, '2023-04-01 06:39:41', '2023-04-01 06:39:41'),
(2450, 1, 1, 1, 1, 1, '2023-04-01 06:39:41', '2023-04-01 06:39:41'),
(2451, 1, 1, 1, 1, 1, '2023-04-01 06:39:41', '2023-04-01 06:39:41'),
(2452, 1, 1, 1, 1, 1, '2023-04-01 06:39:41', '2023-04-01 06:39:41'),
(2453, 1, 1, 1, 1, 1, '2023-04-01 06:39:42', '2023-04-01 06:39:42'),
(2454, 1, 1, 1, 1, 1, '2023-04-01 06:39:42', '2023-04-01 06:39:42'),
(2455, 1, 1, 1, 1, 1, '2023-04-01 06:39:42', '2023-04-01 06:39:42'),
(2456, 1, 1, 1, 1, 1, '2023-04-01 06:39:42', '2023-04-01 06:39:42'),
(2457, 1, 1, 1, 1, 1, '2023-04-01 06:39:45', '2023-04-01 06:39:45'),
(2458, 1, 1, 1, 1, 1, '2023-04-01 06:39:45', '2023-04-01 06:39:45'),
(2459, 1, 1, 1, 1, 1, '2023-04-01 06:39:48', '2023-04-01 06:39:48'),
(2460, 1, 1, 1, 1, 1, '2023-04-01 06:39:48', '2023-04-01 06:39:48'),
(2461, 1, 1, 1, 1, 1, '2023-04-01 06:39:48', '2023-04-01 06:39:48'),
(2462, 1, 1, 1, 1, 1, '2023-04-01 06:39:49', '2023-04-01 06:39:49'),
(2463, 1, 1, 1, 1, 1, '2023-04-01 06:39:49', '2023-04-01 06:39:49'),
(2464, 1, 1, 1, 1, 1, '2023-04-01 06:39:49', '2023-04-01 06:39:49'),
(2465, 1, 1, 1, 1, 1, '2023-04-01 06:39:49', '2023-04-01 06:39:49'),
(2466, 1, 1, 1, 1, 1, '2023-04-01 06:39:49', '2023-04-01 06:39:49'),
(2467, 1, 1, 1, 1, 1, '2023-04-01 06:39:50', '2023-04-01 06:39:50'),
(2468, 1, 1, 1, 1, 1, '2023-04-01 06:39:50', '2023-04-01 06:39:50'),
(2469, 1, 1, 1, 1, 1, '2023-04-01 06:39:50', '2023-04-01 06:39:50'),
(2470, 1, 1, 1, 1, 1, '2023-04-01 06:39:50', '2023-04-01 06:39:50'),
(2471, 1, 1, 1, 1, 1, '2023-04-01 06:39:53', '2023-04-01 06:39:53'),
(2472, 1, 1, 1, 1, 1, '2023-04-01 06:39:53', '2023-04-01 06:39:53'),
(2473, 1, 1, 1, 1, 1, '2023-04-01 06:39:56', '2023-04-01 06:39:56'),
(2474, 1, 1, 1, 1, 1, '2023-04-01 06:39:56', '2023-04-01 06:39:56'),
(2475, 1, 1, 1, 1, 1, '2023-04-01 06:39:56', '2023-04-01 06:39:56'),
(2476, 1, 1, 1, 1, 1, '2023-04-01 06:39:56', '2023-04-01 06:39:56'),
(2477, 1, 1, 1, 1, 1, '2023-04-01 06:39:56', '2023-04-01 06:39:56'),
(2478, 1, 1, 1, 1, 1, '2023-04-01 06:39:56', '2023-04-01 06:39:56'),
(2479, 1, 1, 1, 1, 1, '2023-04-01 06:39:56', '2023-04-01 06:39:56'),
(2480, 1, 1, 1, 1, 1, '2023-04-01 06:39:57', '2023-04-01 06:39:57'),
(2481, 1, 1, 1, 1, 1, '2023-04-01 06:39:57', '2023-04-01 06:39:57'),
(2482, 1, 1, 1, 1, 1, '2023-04-01 06:39:57', '2023-04-01 06:39:57'),
(2483, 1, 1, 1, 1, 1, '2023-04-01 06:39:57', '2023-04-01 06:39:57'),
(2484, 1, 1, 1, 1, 1, '2023-04-01 06:39:58', '2023-04-01 06:39:58'),
(2485, 1, 1, 1, 1, 1, '2023-04-01 06:39:58', '2023-04-01 06:39:58'),
(2486, 1, 1, 1, 1, 1, '2023-04-01 06:39:58', '2023-04-01 06:39:58'),
(2487, 1, 1, 1, 1, 1, '2023-04-01 06:39:58', '2023-04-01 06:39:58'),
(2488, 1, 1, 1, 1, 1, '2023-04-01 06:39:59', '2023-04-01 06:39:59'),
(2489, 1, 1, 1, 1, 1, '2023-04-01 06:39:59', '2023-04-01 06:39:59'),
(2490, 1, 1, 1, 1, 1, '2023-04-01 06:39:59', '2023-04-01 06:39:59'),
(2491, 1, 1, 1, 1, 1, '2023-04-01 06:40:00', '2023-04-01 06:40:00'),
(2492, 1, 1, 1, 1, 1, '2023-04-01 06:40:00', '2023-04-01 06:40:00'),
(2493, 1, 1, 1, 1, 1, '2023-04-01 06:40:00', '2023-04-01 06:40:00'),
(2494, 1, 1, 1, 1, 1, '2023-04-01 06:40:00', '2023-04-01 06:40:00'),
(2495, 1, 1, 1, 1, 1, '2023-04-01 06:40:04', '2023-04-01 06:40:04'),
(2496, 1, 1, 1, 1, 1, '2023-04-01 06:40:25', '2023-04-01 06:40:25'),
(2497, 1, 1, 1, 1, 1, '2023-04-01 06:40:26', '2023-04-01 06:40:26'),
(2498, 1, 1, 1, 1, 1, '2023-04-01 06:40:26', '2023-04-01 06:40:26'),
(2499, 1, 1, 1, 1, 1, '2023-04-01 06:40:26', '2023-04-01 06:40:26'),
(2500, 1, 1, 1, 1, 1, '2023-04-01 06:40:26', '2023-04-01 06:40:26'),
(2501, 1, 1, 1, 1, 1, '2023-04-01 06:40:36', '2023-04-01 06:40:36'),
(2502, 1, 1, 1, 1, 1, '2023-04-01 06:40:51', '2023-04-01 06:40:51'),
(2503, 1, 1, 1, 1, 1, '2023-04-01 06:40:56', '2023-04-01 06:40:56'),
(2504, 1, 1, 1, 1, 1, '2023-04-01 06:41:02', '2023-04-01 06:41:02'),
(2505, 1, 1, 1, 1, 1, '2023-04-01 06:41:02', '2023-04-01 06:41:02'),
(2506, 1, 1, 1, 1, 1, '2023-04-01 06:41:02', '2023-04-01 06:41:02'),
(2507, 1, 1, 1, 1, 1, '2023-04-01 06:41:08', '2023-04-01 06:41:08'),
(2508, 1, 1, 1, 1, 1, '2023-04-01 06:41:11', '2023-04-01 06:41:11'),
(2509, 1, 1, 1, 1, 1, '2023-04-01 06:43:27', '2023-04-01 06:43:27'),
(2510, 1, 1, 1, 1, 1, '2023-04-01 06:43:33', '2023-04-01 06:43:33'),
(2511, 1, 1, 1, 1, 1, '2023-04-01 06:43:35', '2023-04-01 06:43:35'),
(2512, 1, 1, 1, 1, 1, '2023-04-01 06:43:37', '2023-04-01 06:43:37'),
(2513, 1, 1, 1, 1, 1, '2023-04-01 06:43:43', '2023-04-01 06:43:43'),
(2514, 1, 1, 1, 1, 1, '2023-04-01 06:48:45', '2023-04-01 06:48:45'),
(2515, 1, 1, 1, 1, 1, '2023-04-01 06:56:57', '2023-04-01 06:56:57'),
(2516, 1, 1, 1, 1, 1, '2023-04-01 06:57:41', '2023-04-01 06:57:41'),
(2517, 1, 1, 1, 1, 1, '2023-04-01 06:57:44', '2023-04-01 06:57:44'),
(2518, 1, 1, 1, 1, 1, '2023-04-01 06:57:53', '2023-04-01 06:57:53'),
(2519, 1, 1, 1, 1, 1, '2023-04-01 06:58:16', '2023-04-01 06:58:16'),
(2520, 1, 1, 1, 1, 1, '2023-04-01 06:58:21', '2023-04-01 06:58:21'),
(2521, 1, 1, 1, 1, 1, '2023-04-01 06:59:18', '2023-04-01 06:59:18'),
(2522, 1, 1, 1, 1, 1, '2023-04-01 06:59:22', '2023-04-01 06:59:22'),
(2523, 1, 1, 1, 1, 1, '2023-04-01 06:59:39', '2023-04-01 06:59:39'),
(2524, 1, 1, 1, 1, 1, '2023-04-01 07:03:38', '2023-04-01 07:03:38'),
(2525, 1, 1, 1, 1, 1, '2023-04-01 07:03:48', '2023-04-01 07:03:48'),
(2526, 1, 1, 1, 1, 1, '2023-04-01 07:04:04', '2023-04-01 07:04:04'),
(2527, 1, 1, 1, 1, 1, '2023-04-01 07:06:13', '2023-04-01 07:06:13'),
(2528, 1, 1, 1, 1, 1, '2023-04-01 07:06:41', '2023-04-01 07:06:41'),
(2529, 1, 1, 1, 1, 1, '2023-04-01 07:08:18', '2023-04-01 07:08:18'),
(2530, 1, 1, 1, 1, 1, '2023-04-01 07:08:40', '2023-04-01 07:08:40'),
(2531, 1, 1, 1, 1, 1, '2023-04-01 07:08:57', '2023-04-01 07:08:57'),
(2532, 1, 1, 1, 1, 1, '2023-04-01 07:09:27', '2023-04-01 07:09:27'),
(2533, 1, 1, 1, 1, 1, '2023-04-01 07:11:45', '2023-04-01 07:11:45'),
(2534, 1, 1, 1, 1, 1, '2023-04-01 07:12:03', '2023-04-01 07:12:03'),
(2535, 1, 1, 1, 1, 1, '2023-04-01 07:12:06', '2023-04-01 07:12:06'),
(2536, 1, 1, 1, 1, 1, '2023-04-01 07:12:16', '2023-04-01 07:12:16'),
(2537, 1, 1, 1, 1, 1, '2023-04-01 07:13:29', '2023-04-01 07:13:29'),
(2538, 1, 1, 1, 1, 1, '2023-04-01 07:17:20', '2023-04-01 07:17:20'),
(2539, 1, 1, 1, 1, 1, '2023-04-01 07:17:41', '2023-04-01 07:17:41'),
(2540, 1, 1, 1, 1, 1, '2023-04-01 07:17:50', '2023-04-01 07:17:50'),
(2541, 1, 1, 1, 1, 1, '2023-04-01 07:20:22', '2023-04-01 07:20:22'),
(2542, 1, 1, 1, 1, 1, '2023-04-01 07:20:22', '2023-04-01 07:20:22'),
(2543, 1, 1, 1, 1, 1, '2023-04-01 07:20:25', '2023-04-01 07:20:25'),
(2544, 1, 1, 1, 1, 1, '2023-04-01 07:20:26', '2023-04-01 07:20:26'),
(2545, 1, 1, 1, 1, 1, '2023-04-01 07:20:28', '2023-04-01 07:20:28'),
(2546, 1, 1, 1, 1, 1, '2023-04-01 07:20:28', '2023-04-01 07:20:28'),
(2547, 1, 1, 1, 1, 1, '2023-04-01 07:45:39', '2023-04-01 07:45:39'),
(2548, 1, 1, 1, 1, 1, '2023-04-01 07:46:33', '2023-04-01 07:46:33'),
(2549, 1, 1, 1, 1, 1, '2023-04-01 07:46:33', '2023-04-01 07:46:33'),
(2550, 1, 1, 1, 1, 1, '2023-04-01 07:46:35', '2023-04-01 07:46:35'),
(2551, 1, 1, 1, 1, 1, '2023-04-01 07:46:35', '2023-04-01 07:46:35'),
(2552, 1, 1, 1, 1, 1, '2023-04-01 07:46:36', '2023-04-01 07:46:36'),
(2553, 1, 1, 1, 1, 1, '2023-04-01 07:46:36', '2023-04-01 07:46:36'),
(2554, 1, 1, 1, 1, 1, '2023-04-01 07:46:36', '2023-04-01 07:46:36'),
(2555, 1, 1, 1, 1, 1, '2023-04-01 07:46:36', '2023-04-01 07:46:36'),
(2556, 1, 1, 1, 1, 1, '2023-04-01 07:46:36', '2023-04-01 07:46:36'),
(2557, 1, 1, 1, 1, 1, '2023-04-01 07:46:36', '2023-04-01 07:46:36'),
(2558, 1, 1, 1, 1, 1, '2023-04-01 07:46:36', '2023-04-01 07:46:36'),
(2559, 1, 1, 1, 1, 1, '2023-04-01 07:46:37', '2023-04-01 07:46:37'),
(2560, 1, 1, 1, 1, 1, '2023-04-01 07:46:37', '2023-04-01 07:46:37'),
(2561, 1, 1, 1, 1, 1, '2023-04-01 07:46:37', '2023-04-01 07:46:37'),
(2562, 1, 1, 1, 1, 1, '2023-04-01 07:46:37', '2023-04-01 07:46:37'),
(2563, 1, 1, 1, 1, 1, '2023-04-01 07:46:37', '2023-04-01 07:46:37'),
(2564, 1, 1, 1, 1, 1, '2023-04-01 07:46:38', '2023-04-01 07:46:38'),
(2565, 1, 1, 1, 1, 1, '2023-04-01 07:46:38', '2023-04-01 07:46:38'),
(2566, 1, 1, 1, 1, 1, '2023-04-01 07:46:38', '2023-04-01 07:46:38'),
(2567, 1, 1, 1, 1, 1, '2023-04-01 07:46:38', '2023-04-01 07:46:38'),
(2568, 1, 1, 1, 1, 1, '2023-04-01 07:46:38', '2023-04-01 07:46:38'),
(2569, 1, 1, 1, 1, 1, '2023-04-01 07:46:44', '2023-04-01 07:46:44'),
(2570, 1, 1, 1, 1, 1, '2023-04-01 07:48:38', '2023-04-01 07:48:38'),
(2571, 1, 1, 1, 1, 1, '2023-04-01 07:52:50', '2023-04-01 07:52:50'),
(2572, 1, 1, 1, 1, 1, '2023-04-01 07:53:01', '2023-04-01 07:53:01'),
(2573, 1, 1, 1, 1, 1, '2023-04-01 07:54:17', '2023-04-01 07:54:17'),
(2574, 1, 1, 1, 1, 1, '2023-04-01 07:54:18', '2023-04-01 07:54:18'),
(2575, 1, 1, 1, 1, 1, '2023-04-01 07:54:19', '2023-04-01 07:54:19'),
(2576, 1, 1, 1, 1, 1, '2023-04-01 07:54:19', '2023-04-01 07:54:19'),
(2577, 1, 1, 1, 1, 1, '2023-04-01 07:54:20', '2023-04-01 07:54:20'),
(2578, 1, 1, 1, 1, 1, '2023-04-01 07:54:20', '2023-04-01 07:54:20'),
(2579, 1, 1, 1, 1, 1, '2023-04-01 07:54:20', '2023-04-01 07:54:20'),
(2580, 1, 1, 1, 1, 1, '2023-04-01 07:54:20', '2023-04-01 07:54:20'),
(2581, 1, 1, 1, 1, 1, '2023-04-01 07:54:20', '2023-04-01 07:54:20'),
(2582, 1, 1, 1, 1, 1, '2023-04-01 07:54:21', '2023-04-01 07:54:21'),
(2583, 1, 1, 1, 1, 1, '2023-04-01 07:54:21', '2023-04-01 07:54:21'),
(2584, 1, 1, 1, 1, 1, '2023-04-01 07:54:21', '2023-04-01 07:54:21'),
(2585, 1, 1, 1, 1, 1, '2023-04-01 07:54:21', '2023-04-01 07:54:21'),
(2586, 1, 1, 1, 1, 1, '2023-04-01 07:54:21', '2023-04-01 07:54:21'),
(2587, 1, 1, 1, 1, 1, '2023-04-01 07:54:22', '2023-04-01 07:54:22'),
(2588, 1, 1, 1, 1, 1, '2023-04-01 07:54:22', '2023-04-01 07:54:22'),
(2589, 1, 1, 1, 1, 1, '2023-04-01 07:54:22', '2023-04-01 07:54:22'),
(2590, 1, 1, 1, 1, 1, '2023-04-01 07:54:22', '2023-04-01 07:54:22'),
(2591, 1, 1, 1, 1, 1, '2023-04-01 07:54:22', '2023-04-01 07:54:22'),
(2592, 1, 1, 1, 1, 1, '2023-04-01 07:54:22', '2023-04-01 07:54:22'),
(2593, 1, 1, 1, 1, 1, '2023-04-01 07:54:23', '2023-04-01 07:54:23'),
(2594, 1, 1, 1, 1, 1, '2023-04-01 07:54:44', '2023-04-01 07:54:44'),
(2595, 1, 1, 1, 1, 1, '2023-04-01 07:55:11', '2023-04-01 07:55:11'),
(2596, 1, 1, 1, 1, 1, '2023-04-01 07:55:15', '2023-04-01 07:55:15'),
(2597, 1, 1, 1, 1, 1, '2023-04-01 08:03:42', '2023-04-01 08:03:42'),
(2598, 1, 1, 1, 1, 1, '2023-04-01 08:03:43', '2023-04-01 08:03:43'),
(2599, 1, 1, 1, 1, 1, '2023-04-01 08:03:43', '2023-04-01 08:03:43'),
(2600, 1, 1, 1, 1, 1, '2023-04-01 08:03:43', '2023-04-01 08:03:43'),
(2601, 1, 1, 1, 1, 1, '2023-04-01 08:03:43', '2023-04-01 08:03:43'),
(2602, 1, 1, 1, 1, 1, '2023-04-01 08:03:45', '2023-04-01 08:03:45'),
(2603, 1, 1, 1, 1, 1, '2023-04-01 08:04:01', '2023-04-01 08:04:01'),
(2604, 1, 1, 1, 1, 1, '2023-04-01 08:04:13', '2023-04-01 08:04:13'),
(2605, 1, 1, 1, 1, 1, '2023-04-01 08:05:04', '2023-04-01 08:05:04'),
(2606, 1, 1, 1, 1, 1, '2023-04-01 08:07:11', '2023-04-01 08:07:11'),
(2607, 1, 1, 1, 1, 1, '2023-04-01 08:07:11', '2023-04-01 08:07:11'),
(2608, 1, 1, 1, 1, 1, '2023-04-01 08:07:11', '2023-04-01 08:07:11'),
(2609, 1, 1, 1, 1, 1, '2023-04-01 08:07:11', '2023-04-01 08:07:11'),
(2610, 1, 1, 1, 1, 1, '2023-04-01 08:07:11', '2023-04-01 08:07:11'),
(2611, 1, 1, 1, 1, 1, '2023-04-01 08:07:12', '2023-04-01 08:07:12'),
(2612, 1, 1, 1, 1, 1, '2023-04-01 08:07:21', '2023-04-01 08:07:21'),
(2613, 1, 1, 1, 1, 1, '2023-04-01 08:09:08', '2023-04-01 08:09:08'),
(2614, 1, 1, 1, 1, 1, '2023-04-01 08:14:27', '2023-04-01 08:14:27'),
(2615, 1, 1, 1, 1, 1, '2023-04-01 08:14:30', '2023-04-01 08:14:30'),
(2616, 1, 1, 1, 1, 1, '2023-04-01 08:14:45', '2023-04-01 08:14:45'),
(2617, 1, 1, 1, 1, 1, '2023-04-01 08:14:53', '2023-04-01 08:14:53'),
(2618, 1, 1, 1, 1, 1, '2023-04-01 08:14:57', '2023-04-01 08:14:57'),
(2619, 1, 1, 1, 1, 1, '2023-04-01 08:15:42', '2023-04-01 08:15:42'),
(2620, 1, 1, 1, 1, 1, '2023-04-01 08:15:42', '2023-04-01 08:15:42'),
(2621, 1, 1, 1, 1, 1, '2023-04-01 08:15:42', '2023-04-01 08:15:42'),
(2622, 1, 1, 1, 1, 1, '2023-04-01 08:15:42', '2023-04-01 08:15:42'),
(2623, 1, 1, 1, 1, 1, '2023-04-01 08:15:42', '2023-04-01 08:15:42'),
(2624, 1, 1, 1, 1, 1, '2023-04-01 08:15:48', '2023-04-01 08:15:48'),
(2625, 1, 1, 1, 1, 1, '2023-04-01 08:16:10', '2023-04-01 08:16:10'),
(2626, 1, 1, 1, 1, 1, '2023-04-01 08:16:18', '2023-04-01 08:16:18'),
(2627, 1, 1, 1, 1, 1, '2023-04-01 08:16:18', '2023-04-01 08:16:18'),
(2628, 1, 1, 1, 1, 1, '2023-04-01 08:16:20', '2023-04-01 08:16:20'),
(2629, 1, 1, 1, 1, 1, '2023-04-01 08:16:20', '2023-04-01 08:16:20'),
(2630, 1, 1, 1, 1, 1, '2023-04-01 08:16:21', '2023-04-01 08:16:21'),
(2631, 1, 1, 1, 1, 1, '2023-04-01 08:16:57', '2023-04-01 08:16:57'),
(2632, 1, 1, 1, 1, 1, '2023-04-01 08:17:42', '2023-04-01 08:17:42'),
(2633, 1, 1, 1, 1, 1, '2023-04-01 08:21:13', '2023-04-01 08:21:13'),
(2634, 1, 1, 1, 1, 1, '2023-04-01 08:31:10', '2023-04-01 08:31:10'),
(2635, 1, 1, 1, 1, 1, '2023-04-01 08:32:18', '2023-04-01 08:32:18'),
(2636, 1, 1, 1, 1, 1, '2023-04-01 08:32:23', '2023-04-01 08:32:23'),
(2637, 1, 1, 1, 1, 1, '2023-04-01 08:32:23', '2023-04-01 08:32:23'),
(2638, 1, 1, 1, 1, 1, '2023-04-01 08:32:23', '2023-04-01 08:32:23'),
(2639, 1, 1, 1, 1, 1, '2023-04-01 08:32:38', '2023-04-01 08:32:38'),
(2640, 1, 1, 1, 1, 1, '2023-04-01 08:32:56', '2023-04-01 08:32:56'),
(2641, 1, 1, 1, 1, 1, '2023-04-01 08:33:02', '2023-04-01 08:33:02'),
(2642, 1, 1, 1, 1, 1, '2023-04-01 08:33:34', '2023-04-01 08:33:34'),
(2643, 1, 1, 1, 1, 1, '2023-04-01 08:34:00', '2023-04-01 08:34:00'),
(2644, 1, 1, 1, 1, 1, '2023-04-01 08:34:44', '2023-04-01 08:34:44'),
(2645, 1, 1, 1, 1, 1, '2023-04-01 08:35:33', '2023-04-01 08:35:33'),
(2646, 1, 1, 1, 1, 1, '2023-04-01 08:36:17', '2023-04-01 08:36:17'),
(2647, 1, 1, 1, 1, 1, '2023-04-01 08:36:23', '2023-04-01 08:36:23'),
(2648, 1, 1, 1, 1, 1, '2023-04-01 08:36:27', '2023-04-01 08:36:27'),
(2649, 1, 1, 1, 1, 1, '2023-04-01 08:36:57', '2023-04-01 08:36:57'),
(2650, 1, 1, 1, 1, 1, '2023-04-01 08:37:06', '2023-04-01 08:37:06'),
(2651, 1, 1, 1, 1, 1, '2023-04-01 08:37:16', '2023-04-01 08:37:16'),
(2652, 1, 1, 1, 1, 1, '2023-04-01 08:38:34', '2023-04-01 08:38:34'),
(2653, 1, 1, 1, 1, 1, '2023-04-01 08:38:53', '2023-04-01 08:38:53'),
(2654, 1, 1, 1, 1, 1, '2023-04-01 08:41:33', '2023-04-01 08:41:33'),
(2655, 1, 1, 1, 1, 1, '2023-04-01 08:41:33', '2023-04-01 08:41:33'),
(2656, 1, 1, 1, 1, 1, '2023-04-01 08:41:34', '2023-04-01 08:41:34'),
(2657, 1, 1, 1, 1, 1, '2023-04-01 08:41:38', '2023-04-01 08:41:38'),
(2658, 1, 1, 1, 1, 1, '2023-04-01 08:41:39', '2023-04-01 08:41:39'),
(2659, 1, 1, 1, 1, 1, '2023-04-01 08:41:39', '2023-04-01 08:41:39'),
(2660, 1, 1, 1, 1, 1, '2023-04-01 08:42:23', '2023-04-01 08:42:23'),
(2661, 1, 1, 1, 1, 1, '2023-04-01 08:42:47', '2023-04-01 08:42:47'),
(2662, 1, 1, 1, 1, 1, '2023-04-01 08:42:59', '2023-04-01 08:42:59'),
(2663, 1, 1, 1, 1, 1, '2023-04-01 08:43:06', '2023-04-01 08:43:06'),
(2664, 1, 1, 1, 1, 1, '2023-04-01 08:43:25', '2023-04-01 08:43:25'),
(2665, 1, 1, 1, 1, 1, '2023-04-01 08:43:57', '2023-04-01 08:43:57'),
(2666, 1, 1, 1, 1, 1, '2023-04-01 08:46:58', '2023-04-01 08:46:58'),
(2667, 1, 1, 1, 1, 1, '2023-04-01 08:48:21', '2023-04-01 08:48:21'),
(2668, 1, 1, 1, 1, 1, '2023-04-01 08:49:30', '2023-04-01 08:49:30'),
(2669, 1, 1, 1, 1, 1, '2023-04-01 08:49:50', '2023-04-01 08:49:50'),
(2670, 1, 1, 1, 1, 1, '2023-04-01 08:50:00', '2023-04-01 08:50:00'),
(2671, 1, 1, 1, 1, 1, '2023-04-01 08:50:00', '2023-04-01 08:50:00'),
(2672, 1, 1, 1, 1, 1, '2023-04-01 08:50:11', '2023-04-01 08:50:11'),
(2673, 1, 1, 1, 1, 1, '2023-04-01 08:50:22', '2023-04-01 08:50:22'),
(2674, 1, 1, 1, 1, 1, '2023-04-01 08:55:33', '2023-04-01 08:55:33'),
(2675, 1, 1, 1, 1, 1, '2023-04-01 08:56:59', '2023-04-01 08:56:59'),
(2676, 1, 1, 1, 1, 1, '2023-04-01 09:02:34', '2023-04-01 09:02:34'),
(2677, 1, 1, 1, 1, 1, '2023-04-01 09:03:05', '2023-04-01 09:03:05'),
(2678, 1, 1, 1, 1, 1, '2023-04-01 09:03:13', '2023-04-01 09:03:13'),
(2679, 1, 1, 1, 1, 1, '2023-04-01 09:03:17', '2023-04-01 09:03:17'),
(2680, 1, 1, 1, 1, 1, '2023-04-01 09:04:31', '2023-04-01 09:04:31'),
(2681, 1, 1, 1, 1, 1, '2023-04-01 09:04:45', '2023-04-01 09:04:45'),
(2682, 1, 1, 1, 1, 1, '2023-04-01 09:05:36', '2023-04-01 09:05:36'),
(2683, 1, 1, 1, 1, 1, '2023-04-01 09:06:09', '2023-04-01 09:06:09'),
(2684, 1, 1, 1, 1, 1, '2023-04-01 09:06:21', '2023-04-01 09:06:21'),
(2685, 1, 1, 1, 1, 1, '2023-04-01 09:06:21', '2023-04-01 09:06:21'),
(2686, 1, 1, 1, 1, 1, '2023-04-01 09:06:23', '2023-04-01 09:06:23'),
(2687, 1, 1, 1, 1, 1, '2023-04-01 09:06:24', '2023-04-01 09:06:24'),
(2688, 1, 1, 1, 1, 1, '2023-04-01 09:06:24', '2023-04-01 09:06:24'),
(2689, 1, 1, 1, 1, 1, '2023-04-01 09:06:24', '2023-04-01 09:06:24'),
(2690, 1, 1, 1, 1, 1, '2023-04-01 09:06:24', '2023-04-01 09:06:24'),
(2691, 1, 1, 1, 1, 1, '2023-04-01 09:06:24', '2023-04-01 09:06:24'),
(2692, 1, 1, 1, 1, 1, '2023-04-01 09:06:24', '2023-04-01 09:06:24'),
(2693, 1, 1, 1, 1, 1, '2023-04-01 09:06:25', '2023-04-01 09:06:25'),
(2694, 1, 1, 1, 1, 1, '2023-04-01 09:06:25', '2023-04-01 09:06:25'),
(2695, 1, 1, 1, 1, 1, '2023-04-01 09:06:25', '2023-04-01 09:06:25'),
(2696, 1, 1, 1, 1, 1, '2023-04-01 09:06:25', '2023-04-01 09:06:25'),
(2697, 1, 1, 1, 1, 1, '2023-04-01 09:06:25', '2023-04-01 09:06:25'),
(2698, 1, 1, 1, 1, 1, '2023-04-01 09:06:26', '2023-04-01 09:06:26'),
(2699, 1, 1, 1, 1, 1, '2023-04-01 09:06:26', '2023-04-01 09:06:26'),
(2700, 1, 1, 1, 1, 1, '2023-04-01 09:06:26', '2023-04-01 09:06:26'),
(2701, 1, 1, 1, 1, 1, '2023-04-01 09:06:26', '2023-04-01 09:06:26'),
(2702, 1, 1, 1, 1, 1, '2023-04-01 09:06:26', '2023-04-01 09:06:26'),
(2703, 1, 1, 1, 1, 1, '2023-04-01 09:06:26', '2023-04-01 09:06:26'),
(2704, 1, 1, 1, 1, 1, '2023-04-01 09:06:27', '2023-04-01 09:06:27'),
(2705, 1, 1, 1, 1, 1, '2023-04-01 09:06:30', '2023-04-01 09:06:30'),
(2706, 1, 1, 1, 1, 1, '2023-04-01 09:08:44', '2023-04-01 09:08:44'),
(2707, 1, 1, 1, 1, 1, '2023-04-01 09:09:55', '2023-04-01 09:09:55'),
(2708, 1, 1, 1, 1, 1, '2023-04-01 09:11:12', '2023-04-01 09:11:12'),
(2709, 1, 1, 1, 1, 1, '2023-04-01 09:11:30', '2023-04-01 09:11:30'),
(2710, 1, 1, 1, 1, 1, '2023-04-01 09:11:46', '2023-04-01 09:11:46'),
(2711, 1, 1, 1, 1, 1, '2023-04-01 09:13:07', '2023-04-01 09:13:07'),
(2712, 1, 1, 1, 1, 1, '2023-04-01 09:15:53', '2023-04-01 09:15:53'),
(2713, 1, 1, 1, 1, 1, '2023-04-01 09:15:53', '2023-04-01 09:15:53'),
(2714, 1, 1, 1, 1, 1, '2023-04-01 09:15:56', '2023-04-01 09:15:56'),
(2715, 1, 1, 1, 1, 1, '2023-04-01 09:15:56', '2023-04-01 09:15:56'),
(2716, 1, 1, 1, 1, 1, '2023-04-01 09:15:56', '2023-04-01 09:15:56'),
(2717, 1, 1, 1, 1, 1, '2023-04-01 09:15:56', '2023-04-01 09:15:56'),
(2718, 1, 1, 1, 1, 1, '2023-04-01 09:15:56', '2023-04-01 09:15:56'),
(2719, 1, 1, 1, 1, 1, '2023-04-01 09:15:56', '2023-04-01 09:15:56'),
(2720, 1, 1, 1, 1, 1, '2023-04-01 09:15:57', '2023-04-01 09:15:57'),
(2721, 1, 1, 1, 1, 1, '2023-04-01 09:15:57', '2023-04-01 09:15:57'),
(2722, 1, 1, 1, 1, 1, '2023-04-01 09:15:57', '2023-04-01 09:15:57'),
(2723, 1, 1, 1, 1, 1, '2023-04-01 09:15:57', '2023-04-01 09:15:57'),
(2724, 1, 1, 1, 1, 1, '2023-04-01 09:15:57', '2023-04-01 09:15:57'),
(2725, 1, 1, 1, 1, 1, '2023-04-01 09:15:57', '2023-04-01 09:15:57'),
(2726, 1, 1, 1, 1, 1, '2023-04-01 09:15:58', '2023-04-01 09:15:58'),
(2727, 1, 1, 1, 1, 1, '2023-04-01 09:15:58', '2023-04-01 09:15:58'),
(2728, 1, 1, 1, 1, 1, '2023-04-01 09:15:58', '2023-04-01 09:15:58'),
(2729, 1, 1, 1, 1, 1, '2023-04-01 09:15:58', '2023-04-01 09:15:58'),
(2730, 1, 1, 1, 1, 1, '2023-04-01 09:15:58', '2023-04-01 09:15:58'),
(2731, 1, 1, 1, 1, 1, '2023-04-01 09:15:59', '2023-04-01 09:15:59'),
(2732, 1, 1, 1, 1, 1, '2023-04-01 09:15:59', '2023-04-01 09:15:59'),
(2733, 1, 1, 1, 1, 1, '2023-04-01 09:16:02', '2023-04-01 09:16:02'),
(2734, 1, 1, 1, 1, 1, '2023-04-01 09:16:55', '2023-04-01 09:16:55'),
(2735, 1, 1, 1, 1, 1, '2023-04-01 09:17:57', '2023-04-01 09:17:57'),
(2736, 1, 1, 1, 1, 1, '2023-04-01 09:18:03', '2023-04-01 09:18:03'),
(2737, 1, 1, 1, 1, 1, '2023-04-01 09:18:05', '2023-04-01 09:18:05'),
(2738, 1, 1, 1, 1, 1, '2023-04-01 09:19:22', '2023-04-01 09:19:22'),
(2739, 1, 1, 1, 1, 1, '2023-04-01 09:22:25', '2023-04-01 09:22:25'),
(2740, 1, 1, 1, 1, 1, '2023-04-01 09:22:25', '2023-04-01 09:22:25'),
(2741, 1, 1, 1, 1, 1, '2023-04-01 09:22:28', '2023-04-01 09:22:28'),
(2742, 1, 1, 1, 1, 1, '2023-04-01 09:22:28', '2023-04-01 09:22:28'),
(2743, 1, 1, 1, 1, 1, '2023-04-01 09:22:28', '2023-04-01 09:22:28'),
(2744, 1, 1, 1, 1, 1, '2023-04-01 09:22:28', '2023-04-01 09:22:28'),
(2745, 1, 1, 1, 1, 1, '2023-04-01 09:22:28', '2023-04-01 09:22:28'),
(2746, 1, 1, 1, 1, 1, '2023-04-01 09:22:29', '2023-04-01 09:22:29'),
(2747, 1, 1, 1, 1, 1, '2023-04-01 09:22:29', '2023-04-01 09:22:29'),
(2748, 1, 1, 1, 1, 1, '2023-04-01 09:22:29', '2023-04-01 09:22:29'),
(2749, 1, 1, 1, 1, 1, '2023-04-01 09:22:29', '2023-04-01 09:22:29'),
(2750, 1, 1, 1, 1, 1, '2023-04-01 09:22:29', '2023-04-01 09:22:29'),
(2751, 1, 1, 1, 1, 1, '2023-04-01 09:22:30', '2023-04-01 09:22:30'),
(2752, 1, 1, 1, 1, 1, '2023-04-01 09:22:30', '2023-04-01 09:22:30'),
(2753, 1, 1, 1, 1, 1, '2023-04-01 09:22:30', '2023-04-01 09:22:30'),
(2754, 1, 1, 1, 1, 1, '2023-04-01 09:22:30', '2023-04-01 09:22:30'),
(2755, 1, 1, 1, 1, 1, '2023-04-01 09:22:30', '2023-04-01 09:22:30'),
(2756, 1, 1, 1, 1, 1, '2023-04-01 09:22:31', '2023-04-01 09:22:31'),
(2757, 1, 1, 1, 1, 1, '2023-04-01 09:22:31', '2023-04-01 09:22:31'),
(2758, 1, 1, 1, 1, 1, '2023-04-01 09:22:31', '2023-04-01 09:22:31'),
(2759, 1, 1, 1, 1, 1, '2023-04-01 09:22:31', '2023-04-01 09:22:31'),
(2760, 1, 1, 1, 1, 1, '2023-04-01 09:22:42', '2023-04-01 09:22:42'),
(2761, 1, 1, 1, 1, 1, '2023-04-01 09:25:42', '2023-04-01 09:25:42'),
(2762, 1, 1, 1, 1, 1, '2023-04-01 09:25:55', '2023-04-01 09:25:55'),
(2763, 1, 1, 1, 1, 1, '2023-04-01 09:29:48', '2023-04-01 09:29:48'),
(2764, 1, 1, 1, 1, 1, '2023-04-01 09:30:20', '2023-04-01 09:30:20'),
(2765, 1, 1, 1, 1, 1, '2023-04-01 09:30:31', '2023-04-01 09:30:31'),
(2766, 1, 1, 1, 1, 1, '2023-04-01 09:30:44', '2023-04-01 09:30:44'),
(2767, 1, 1, 1, 1, 1, '2023-04-01 09:35:24', '2023-04-01 09:35:24'),
(2768, 1, 1, 1, 1, 1, '2023-04-01 09:35:24', '2023-04-01 09:35:24'),
(2769, 1, 1, 1, 1, 1, '2023-04-01 09:35:25', '2023-04-01 09:35:25'),
(2770, 1, 1, 1, 1, 1, '2023-04-01 09:35:25', '2023-04-01 09:35:25'),
(2771, 1, 1, 1, 1, 1, '2023-04-01 09:35:25', '2023-04-01 09:35:25'),
(2772, 1, 1, 1, 1, 1, '2023-04-01 09:35:40', '2023-04-01 09:35:40'),
(2773, 1, 1, 1, 1, 1, '2023-04-01 09:36:25', '2023-04-01 09:36:25'),
(2774, 1, 1, 1, 1, 1, '2023-04-01 09:36:35', '2023-04-01 09:36:35'),
(2775, 1, 1, 1, 1, 1, '2023-04-01 09:36:38', '2023-04-01 09:36:38'),
(2776, 1, 1, 1, 1, 1, '2023-04-01 09:38:21', '2023-04-01 09:38:21'),
(2777, 1, 1, 1, 1, 1, '2023-04-01 09:39:22', '2023-04-01 09:39:22'),
(2778, 1, 1, 1, 1, 1, '2023-04-01 09:39:38', '2023-04-01 09:39:38'),
(2779, 1, 1, 1, 1, 1, '2023-04-01 09:39:43', '2023-04-01 09:39:43'),
(2780, 1, 1, 1, 1, 1, '2023-04-01 09:40:09', '2023-04-01 09:40:09'),
(2781, 1, 1, 1, 1, 1, '2023-04-01 09:41:17', '2023-04-01 09:41:17'),
(2782, 1, 1, 1, 1, 1, '2023-04-01 09:41:17', '2023-04-01 09:41:17'),
(2783, 1, 1, 1, 1, 1, '2023-04-01 09:41:20', '2023-04-01 09:41:20'),
(2784, 1, 1, 1, 1, 1, '2023-04-01 09:41:20', '2023-04-01 09:41:20'),
(2785, 1, 1, 1, 1, 1, '2023-04-01 09:41:20', '2023-04-01 09:41:20'),
(2786, 1, 1, 1, 1, 1, '2023-04-01 09:41:20', '2023-04-01 09:41:20'),
(2787, 1, 1, 1, 1, 1, '2023-04-01 09:41:20', '2023-04-01 09:41:20'),
(2788, 1, 1, 1, 1, 1, '2023-04-01 09:41:20', '2023-04-01 09:41:20'),
(2789, 1, 1, 1, 1, 1, '2023-04-01 09:41:21', '2023-04-01 09:41:21'),
(2790, 1, 1, 1, 1, 1, '2023-04-01 09:41:21', '2023-04-01 09:41:21'),
(2791, 1, 1, 1, 1, 1, '2023-04-01 09:41:21', '2023-04-01 09:41:21'),
(2792, 1, 1, 1, 1, 1, '2023-04-01 09:41:21', '2023-04-01 09:41:21'),
(2793, 1, 1, 1, 1, 1, '2023-04-01 09:41:21', '2023-04-01 09:41:21'),
(2794, 1, 1, 1, 1, 1, '2023-04-01 09:41:22', '2023-04-01 09:41:22'),
(2795, 1, 1, 1, 1, 1, '2023-04-01 09:41:22', '2023-04-01 09:41:22'),
(2796, 1, 1, 1, 1, 1, '2023-04-01 09:41:22', '2023-04-01 09:41:22'),
(2797, 1, 1, 1, 1, 1, '2023-04-01 09:41:22', '2023-04-01 09:41:22'),
(2798, 1, 1, 1, 1, 1, '2023-04-01 09:41:22', '2023-04-01 09:41:22'),
(2799, 1, 1, 1, 1, 1, '2023-04-01 09:41:23', '2023-04-01 09:41:23'),
(2800, 1, 1, 1, 1, 1, '2023-04-01 09:41:23', '2023-04-01 09:41:23'),
(2801, 1, 1, 1, 1, 1, '2023-04-01 09:41:23', '2023-04-01 09:41:23'),
(2802, 1, 1, 1, 1, 1, '2023-04-01 09:48:01', '2023-04-01 09:48:01'),
(2803, 1, 1, 1, 1, 1, '2023-04-01 09:49:01', '2023-04-01 09:49:01'),
(2804, 1, 1, 1, 1, 1, '2023-04-01 09:51:07', '2023-04-01 09:51:07'),
(2805, 1, 1, 1, 1, 1, '2023-04-01 09:52:22', '2023-04-01 09:52:22'),
(2806, 1, 1, 1, 1, 1, '2023-04-01 09:52:22', '2023-04-01 09:52:22'),
(2807, 1, 1, 1, 1, 1, '2023-04-01 09:52:23', '2023-04-01 09:52:23'),
(2808, 1, 1, 1, 1, 1, '2023-04-01 09:52:24', '2023-04-01 09:52:24'),
(2809, 1, 1, 1, 1, 1, '2023-04-01 09:52:58', '2023-04-01 09:52:58'),
(2810, 1, 1, 1, 1, 1, '2023-04-01 09:52:59', '2023-04-01 09:52:59'),
(2811, 1, 1, 1, 1, 1, '2023-04-01 09:53:01', '2023-04-01 09:53:01'),
(2812, 1, 1, 1, 1, 1, '2023-04-01 09:53:02', '2023-04-01 09:53:02'),
(2813, 1, 1, 1, 1, 1, '2023-04-01 09:53:02', '2023-04-01 09:53:02'),
(2814, 1, 1, 1, 1, 1, '2023-04-01 09:53:02', '2023-04-01 09:53:02'),
(2815, 1, 1, 1, 1, 1, '2023-04-01 09:53:02', '2023-04-01 09:53:02'),
(2816, 1, 1, 1, 1, 1, '2023-04-01 09:53:02', '2023-04-01 09:53:02'),
(2817, 1, 1, 1, 1, 1, '2023-04-01 09:53:02', '2023-04-01 09:53:02'),
(2818, 1, 1, 1, 1, 1, '2023-04-01 09:53:03', '2023-04-01 09:53:03'),
(2819, 1, 1, 1, 1, 1, '2023-04-01 09:53:03', '2023-04-01 09:53:03'),
(2820, 1, 1, 1, 1, 1, '2023-04-01 09:53:03', '2023-04-01 09:53:03'),
(2821, 1, 1, 1, 1, 1, '2023-04-01 09:53:03', '2023-04-01 09:53:03'),
(2822, 1, 1, 1, 1, 1, '2023-04-01 09:53:03', '2023-04-01 09:53:03'),
(2823, 1, 1, 1, 1, 1, '2023-04-01 09:53:04', '2023-04-01 09:53:04'),
(2824, 1, 1, 1, 1, 1, '2023-04-01 09:53:04', '2023-04-01 09:53:04'),
(2825, 1, 1, 1, 1, 1, '2023-04-01 09:53:04', '2023-04-01 09:53:04'),
(2826, 1, 1, 1, 1, 1, '2023-04-01 09:53:04', '2023-04-01 09:53:04'),
(2827, 1, 1, 1, 1, 1, '2023-04-01 09:53:04', '2023-04-01 09:53:04'),
(2828, 1, 1, 1, 1, 1, '2023-04-01 09:53:05', '2023-04-01 09:53:05'),
(2829, 1, 1, 1, 1, 1, '2023-04-01 09:53:05', '2023-04-01 09:53:05'),
(2830, 1, 1, 1, 1, 1, '2023-04-01 09:54:01', '2023-04-01 09:54:01'),
(2831, 1, 1, 1, 1, 1, '2023-04-01 09:54:18', '2023-04-01 09:54:18'),
(2832, 1, 1, 1, 1, 1, '2023-04-01 09:54:19', '2023-04-01 09:54:19'),
(2833, 1, 1, 1, 1, 1, '2023-04-01 09:54:21', '2023-04-01 09:54:21'),
(2834, 1, 1, 1, 1, 1, '2023-04-01 09:54:22', '2023-04-01 09:54:22'),
(2835, 1, 1, 1, 1, 1, '2023-04-01 09:54:22', '2023-04-01 09:54:22'),
(2836, 1, 1, 1, 1, 1, '2023-04-01 09:54:22', '2023-04-01 09:54:22'),
(2837, 1, 1, 1, 1, 1, '2023-04-01 09:54:22', '2023-04-01 09:54:22'),
(2838, 1, 1, 1, 1, 1, '2023-04-01 09:54:22', '2023-04-01 09:54:22'),
(2839, 1, 1, 1, 1, 1, '2023-04-01 09:54:22', '2023-04-01 09:54:22'),
(2840, 1, 1, 1, 1, 1, '2023-04-01 09:54:22', '2023-04-01 09:54:22'),
(2841, 1, 1, 1, 1, 1, '2023-04-01 09:54:23', '2023-04-01 09:54:23'),
(2842, 1, 1, 1, 1, 1, '2023-04-01 09:54:23', '2023-04-01 09:54:23'),
(2843, 1, 1, 1, 1, 1, '2023-04-01 09:54:23', '2023-04-01 09:54:23'),
(2844, 1, 1, 1, 1, 1, '2023-04-01 09:54:23', '2023-04-01 09:54:23'),
(2845, 1, 1, 1, 1, 1, '2023-04-01 09:54:24', '2023-04-01 09:54:24'),
(2846, 1, 1, 1, 1, 1, '2023-04-01 09:54:24', '2023-04-01 09:54:24'),
(2847, 1, 1, 1, 1, 1, '2023-04-01 09:54:24', '2023-04-01 09:54:24'),
(2848, 1, 1, 1, 1, 1, '2023-04-01 09:54:24', '2023-04-01 09:54:24'),
(2849, 1, 1, 1, 1, 1, '2023-04-01 09:54:24', '2023-04-01 09:54:24'),
(2850, 1, 1, 1, 1, 1, '2023-04-01 09:54:25', '2023-04-01 09:54:25'),
(2851, 1, 1, 1, 1, 1, '2023-04-01 09:54:25', '2023-04-01 09:54:25'),
(2852, 1, 1, 1, 1, 1, '2023-04-01 09:58:15', '2023-04-01 09:58:15'),
(2853, 1, 1, 1, 1, 1, '2023-04-01 09:58:15', '2023-04-01 09:58:15'),
(2854, 1, 1, 1, 1, 1, '2023-04-01 09:58:18', '2023-04-01 09:58:18'),
(2855, 1, 1, 1, 1, 1, '2023-04-01 09:58:18', '2023-04-01 09:58:18'),
(2856, 1, 1, 1, 1, 1, '2023-04-01 09:58:18', '2023-04-01 09:58:18'),
(2857, 1, 1, 1, 1, 1, '2023-04-01 09:58:18', '2023-04-01 09:58:18'),
(2858, 1, 1, 1, 1, 1, '2023-04-01 09:58:18', '2023-04-01 09:58:18'),
(2859, 1, 1, 1, 1, 1, '2023-04-01 09:58:19', '2023-04-01 09:58:19'),
(2860, 1, 1, 1, 1, 1, '2023-04-01 09:58:19', '2023-04-01 09:58:19'),
(2861, 1, 1, 1, 1, 1, '2023-04-01 09:58:19', '2023-04-01 09:58:19'),
(2862, 1, 1, 1, 1, 1, '2023-04-01 09:58:19', '2023-04-01 09:58:19'),
(2863, 1, 1, 1, 1, 1, '2023-04-01 09:58:19', '2023-04-01 09:58:19'),
(2864, 1, 1, 1, 1, 1, '2023-04-01 09:58:19', '2023-04-01 09:58:19'),
(2865, 1, 1, 1, 1, 1, '2023-04-01 09:58:20', '2023-04-01 09:58:20'),
(2866, 1, 1, 1, 1, 1, '2023-04-01 09:58:20', '2023-04-01 09:58:20'),
(2867, 1, 1, 1, 1, 1, '2023-04-01 09:58:20', '2023-04-01 09:58:20'),
(2868, 1, 1, 1, 1, 1, '2023-04-01 09:58:20', '2023-04-01 09:58:20'),
(2869, 1, 1, 1, 1, 1, '2023-04-01 09:58:21', '2023-04-01 09:58:21'),
(2870, 1, 1, 1, 1, 1, '2023-04-01 09:58:21', '2023-04-01 09:58:21'),
(2871, 1, 1, 1, 1, 1, '2023-04-01 09:58:21', '2023-04-01 09:58:21'),
(2872, 1, 1, 1, 1, 1, '2023-04-01 09:58:22', '2023-04-01 09:58:22'),
(2873, 1, 1, 1, 1, 1, '2023-04-01 09:59:43', '2023-04-01 09:59:43'),
(2874, 1, 1, 1, 1, 1, '2023-04-01 10:00:01', '2023-04-01 10:00:01'),
(2875, 1, 1, 1, 1, 1, '2023-04-01 10:01:13', '2023-04-01 10:01:13'),
(2876, 1, 1, 1, 1, 1, '2023-04-01 10:01:23', '2023-04-01 10:01:23'),
(2877, 1, 1, 1, 1, 1, '2023-04-01 10:03:05', '2023-04-01 10:03:05'),
(2878, 1, 1, 1, 1, 1, '2023-04-01 10:07:21', '2023-04-01 10:07:21'),
(2879, 1, 1, 1, 1, 1, '2023-04-01 10:07:31', '2023-04-01 10:07:31'),
(2880, 1, 1, 1, 1, 1, '2023-04-01 10:07:54', '2023-04-01 10:07:54'),
(2881, 1, 1, 1, 1, 1, '2023-04-01 10:08:26', '2023-04-01 10:08:26'),
(2882, 1, 1, 1, 1, 1, '2023-04-01 10:08:55', '2023-04-01 10:08:55'),
(2883, 1, 1, 1, 1, 1, '2023-04-01 10:10:11', '2023-04-01 10:10:11'),
(2884, 1, 1, 1, 1, 1, '2023-04-01 10:10:39', '2023-04-01 10:10:39'),
(2885, 1, 1, 1, 1, 1, '2023-04-01 10:10:49', '2023-04-01 10:10:49'),
(2886, 1, 1, 1, 1, 1, '2023-04-01 10:10:53', '2023-04-01 10:10:53'),
(2887, 1, 1, 1, 1, 1, '2023-04-01 10:12:17', '2023-04-01 10:12:17'),
(2888, 1, 1, 1, 1, 1, '2023-04-01 10:13:05', '2023-04-01 10:13:05'),
(2889, 1, 1, 1, 1, 1, '2023-04-01 10:14:35', '2023-04-01 10:14:35'),
(2890, 1, 1, 1, 1, 1, '2023-04-01 10:14:46', '2023-04-01 10:14:46'),
(2891, 1, 1, 1, 1, 1, '2023-04-01 10:15:01', '2023-04-01 10:15:01'),
(2892, 1, 1, 1, 1, 1, '2023-04-01 10:15:12', '2023-04-01 10:15:12'),
(2893, 1, 1, 1, 1, 1, '2023-04-01 10:15:37', '2023-04-01 10:15:37'),
(2894, 1, 1, 1, 1, 1, '2023-04-01 10:15:47', '2023-04-01 10:15:47'),
(2895, 1, 1, 1, 1, 1, '2023-04-01 10:16:11', '2023-04-01 10:16:11'),
(2896, 1, 1, 1, 1, 1, '2023-04-01 10:16:51', '2023-04-01 10:16:51'),
(2897, 1, 1, 1, 1, 1, '2023-04-01 10:20:23', '2023-04-01 10:20:23'),
(2898, 1, 1, 1, 1, 1, '2023-04-01 10:20:23', '2023-04-01 10:20:23'),
(2899, 1, 1, 1, 1, 1, '2023-04-01 10:20:23', '2023-04-01 10:20:23'),
(2900, 1, 1, 1, 1, 1, '2023-04-01 10:20:24', '2023-04-01 10:20:24'),
(2901, 1, 1, 1, 1, 1, '2023-04-01 10:20:24', '2023-04-01 10:20:24'),
(2902, 1, 1, 1, 1, 1, '2023-04-01 10:20:34', '2023-04-01 10:20:34'),
(2903, 1, 1, 1, 1, 1, '2023-04-01 10:20:55', '2023-04-01 10:20:55'),
(2904, 1, 1, 1, 1, 1, '2023-04-01 10:20:58', '2023-04-01 10:20:58'),
(2905, 1, 1, 1, 1, 1, '2023-04-01 10:21:10', '2023-04-01 10:21:10'),
(2906, 1, 1, 1, 1, 1, '2023-04-01 10:21:22', '2023-04-01 10:21:22'),
(2907, 1, 1, 1, 1, 1, '2023-04-01 10:21:48', '2023-04-01 10:21:48'),
(2908, 1, 1, 1, 1, 1, '2023-04-01 10:21:49', '2023-04-01 10:21:49'),
(2909, 1, 1, 1, 1, 1, '2023-04-01 10:22:22', '2023-04-01 10:22:22'),
(2910, 1, 1, 1, 1, 1, '2023-04-01 10:22:28', '2023-04-01 10:22:28'),
(2911, 1, 1, 1, 1, 1, '2023-04-01 10:22:35', '2023-04-01 10:22:35'),
(2912, 1, 1, 1, 1, 1, '2023-04-01 10:23:08', '2023-04-01 10:23:08'),
(2913, 1, 1, 1, 1, 1, '2023-04-01 10:23:08', '2023-04-01 10:23:08'),
(2914, 1, 1, 1, 1, 1, '2023-04-01 10:23:09', '2023-04-01 10:23:09'),
(2915, 1, 1, 1, 1, 1, '2023-04-01 10:23:12', '2023-04-01 10:23:12'),
(2916, 1, 1, 1, 1, 1, '2023-04-01 10:24:11', '2023-04-01 10:24:11'),
(2917, 1, 1, 1, 1, 1, '2023-04-01 10:25:03', '2023-04-01 10:25:03'),
(2918, 1, 1, 1, 1, 1, '2023-04-01 10:25:06', '2023-04-01 10:25:06'),
(2919, 1, 1, 1, 1, 1, '2023-04-01 10:25:09', '2023-04-01 10:25:09'),
(2920, 1, 1, 1, 1, 1, '2023-04-01 10:25:23', '2023-04-01 10:25:23'),
(2921, 1, 1, 1, 1, 1, '2023-04-01 10:26:19', '2023-04-01 10:26:19'),
(2922, 1, 1, 1, 1, 1, '2023-04-01 10:26:27', '2023-04-01 10:26:27'),
(2923, 1, 1, 1, 1, 1, '2023-04-01 10:26:35', '2023-04-01 10:26:35'),
(2924, 1, 1, 1, 1, 1, '2023-04-01 10:26:41', '2023-04-01 10:26:41'),
(2925, 1, 1, 1, 1, 1, '2023-04-01 10:27:32', '2023-04-01 10:27:32'),
(2926, 1, 1, 1, 1, 1, '2023-04-01 10:27:32', '2023-04-01 10:27:32'),
(2927, 1, 1, 1, 1, 1, '2023-04-01 10:27:33', '2023-04-01 10:27:33'),
(2928, 1, 1, 1, 1, 1, '2023-04-01 10:27:56', '2023-04-01 10:27:56'),
(2929, 1, 1, 1, 1, 1, '2023-04-01 10:30:02', '2023-04-01 10:30:02'),
(2930, 1, 1, 1, 1, 1, '2023-04-01 10:30:03', '2023-04-01 10:30:03'),
(2931, 1, 1, 1, 1, 1, '2023-04-01 10:30:14', '2023-04-01 10:30:14'),
(2932, 1, 1, 1, 1, 1, '2023-04-01 10:31:35', '2023-04-01 10:31:35'),
(2933, 1, 1, 1, 1, 1, '2023-04-01 10:34:14', '2023-04-01 10:34:14'),
(2934, 1, 1, 1, 1, 1, '2023-04-01 10:34:19', '2023-04-01 10:34:19'),
(2935, 1, 1, 1, 1, 1, '2023-04-01 10:35:12', '2023-04-01 10:35:12'),
(2936, 1, 1, 1, 1, 1, '2023-04-01 10:36:35', '2023-04-01 10:36:35'),
(2937, 1, 1, 1, 1, 1, '2023-04-01 10:37:43', '2023-04-01 10:37:43'),
(2938, 1, 1, 1, 1, 1, '2023-04-01 10:40:09', '2023-04-01 10:40:09'),
(2939, 1, 1, 1, 1, 1, '2023-04-01 10:40:53', '2023-04-01 10:40:53'),
(2940, 1, 1, 1, 1, 1, '2023-04-01 10:43:58', '2023-04-01 10:43:58'),
(2941, 1, 1, 1, 1, 1, '2023-04-01 10:45:34', '2023-04-01 10:45:34'),
(2942, 1, 1, 1, 1, 1, '2023-04-01 10:45:44', '2023-04-01 10:45:44'),
(2943, 1, 1, 1, 1, 1, '2023-04-01 10:45:44', '2023-04-01 10:45:44'),
(2944, 1, 1, 1, 1, 1, '2023-04-01 10:45:44', '2023-04-01 10:45:44'),
(2945, 1, 1, 1, 1, 1, '2023-04-01 10:45:44', '2023-04-01 10:45:44'),
(2946, 1, 1, 1, 1, 1, '2023-04-01 10:45:45', '2023-04-01 10:45:45'),
(2947, 1, 1, 1, 1, 1, '2023-04-01 10:45:50', '2023-04-01 10:45:50'),
(2948, 1, 1, 1, 1, 1, '2023-04-01 10:47:54', '2023-04-01 10:47:54'),
(2949, 1, 1, 1, 1, 1, '2023-04-01 10:48:04', '2023-04-01 10:48:04'),
(2950, 1, 1, 1, 1, 1, '2023-04-01 10:50:17', '2023-04-01 10:50:17'),
(2951, 1, 1, 1, 1, 1, '2023-04-01 10:52:55', '2023-04-01 10:52:55'),
(2952, 1, 1, 1, 1, 1, '2023-04-01 10:52:55', '2023-04-01 10:52:55'),
(2953, 1, 1, 1, 1, 1, '2023-04-01 10:52:58', '2023-04-01 10:52:58'),
(2954, 1, 1, 1, 1, 1, '2023-04-01 10:52:58', '2023-04-01 10:52:58'),
(2955, 1, 1, 1, 1, 1, '2023-04-01 10:52:58', '2023-04-01 10:52:58'),
(2956, 1, 1, 1, 1, 1, '2023-04-01 10:52:58', '2023-04-01 10:52:58'),
(2957, 1, 1, 1, 1, 1, '2023-04-01 10:52:58', '2023-04-01 10:52:58'),
(2958, 1, 1, 1, 1, 1, '2023-04-01 10:52:58', '2023-04-01 10:52:58'),
(2959, 1, 1, 1, 1, 1, '2023-04-01 10:52:59', '2023-04-01 10:52:59'),
(2960, 1, 1, 1, 1, 1, '2023-04-01 10:52:59', '2023-04-01 10:52:59'),
(2961, 1, 1, 1, 1, 1, '2023-04-01 10:52:59', '2023-04-01 10:52:59'),
(2962, 1, 1, 1, 1, 1, '2023-04-01 10:52:59', '2023-04-01 10:52:59'),
(2963, 1, 1, 1, 1, 1, '2023-04-01 10:52:59', '2023-04-01 10:52:59'),
(2964, 1, 1, 1, 1, 1, '2023-04-01 10:53:00', '2023-04-01 10:53:00'),
(2965, 1, 1, 1, 1, 1, '2023-04-01 10:53:00', '2023-04-01 10:53:00'),
(2966, 1, 1, 1, 1, 1, '2023-04-01 10:53:00', '2023-04-01 10:53:00'),
(2967, 1, 1, 1, 1, 1, '2023-04-01 10:53:00', '2023-04-01 10:53:00'),
(2968, 1, 1, 1, 1, 1, '2023-04-01 10:53:00', '2023-04-01 10:53:00'),
(2969, 1, 1, 1, 1, 1, '2023-04-01 10:53:01', '2023-04-01 10:53:01'),
(2970, 1, 1, 1, 1, 1, '2023-04-01 10:53:01', '2023-04-01 10:53:01'),
(2971, 1, 1, 1, 1, 1, '2023-04-01 10:53:01', '2023-04-01 10:53:01'),
(2972, 1, 1, 1, 1, 1, '2023-04-01 10:53:01', '2023-04-01 10:53:01'),
(2973, 1, 1, 1, 1, 1, '2023-04-01 10:53:01', '2023-04-01 10:53:01'),
(2974, 1, 1, 1, 1, 1, '2023-04-01 10:53:01', '2023-04-01 10:53:01'),
(2975, 1, 1, 1, 1, 1, '2023-04-01 10:53:02', '2023-04-01 10:53:02'),
(2976, 1, 1, 1, 1, 1, '2023-04-01 10:53:02', '2023-04-01 10:53:02'),
(2977, 1, 1, 1, 1, 1, '2023-04-01 10:53:09', '2023-04-01 10:53:09'),
(2978, 1, 1, 1, 1, 1, '2023-04-01 10:53:51', '2023-04-01 10:53:51'),
(2979, 1, 1, 1, 1, 1, '2023-04-01 10:54:59', '2023-04-01 10:54:59'),
(2980, 1, 1, 1, 1, 1, '2023-04-01 10:55:17', '2023-04-01 10:55:17'),
(2981, 1, 1, 1, 1, 1, '2023-04-01 10:55:22', '2023-04-01 10:55:22'),
(2982, 1, 1, 1, 1, 1, '2023-04-01 10:55:27', '2023-04-01 10:55:27'),
(2983, 1, 1, 1, 1, 1, '2023-04-01 10:55:27', '2023-04-01 10:55:27'),
(2984, 1, 1, 1, 1, 1, '2023-04-01 10:55:30', '2023-04-01 10:55:30'),
(2985, 1, 1, 1, 1, 1, '2023-04-01 10:56:10', '2023-04-01 10:56:10'),
(2986, 1, 1, 1, 1, 1, '2023-04-01 10:56:24', '2023-04-01 10:56:24'),
(2987, 1, 1, 1, 1, 1, '2023-04-01 10:57:03', '2023-04-01 10:57:03'),
(2988, 1, 1, 1, 1, 1, '2023-04-01 10:58:50', '2023-04-01 10:58:50'),
(2989, 1, 1, 1, 1, 1, '2023-04-01 10:58:50', '2023-04-01 10:58:50'),
(2990, 1, 1, 1, 1, 1, '2023-04-01 10:58:52', '2023-04-01 10:58:52'),
(2991, 1, 1, 1, 1, 1, '2023-04-01 10:58:53', '2023-04-01 10:58:53'),
(2992, 1, 1, 1, 1, 1, '2023-04-01 10:58:53', '2023-04-01 10:58:53'),
(2993, 1, 1, 1, 1, 1, '2023-04-01 10:58:53', '2023-04-01 10:58:53');
INSERT INTO `profit_losses` (`id`, `user_id`, `opening_balance`, `income`, `expense`, `closing_balance`, `created_at`, `updated_at`) VALUES
(2994, 1, 1, 1, 1, 1, '2023-04-01 10:58:53', '2023-04-01 10:58:53'),
(2995, 1, 1, 1, 1, 1, '2023-04-01 10:58:53', '2023-04-01 10:58:53'),
(2996, 1, 1, 1, 1, 1, '2023-04-01 10:58:53', '2023-04-01 10:58:53'),
(2997, 1, 1, 1, 1, 1, '2023-04-01 10:58:54', '2023-04-01 10:58:54'),
(2998, 1, 1, 1, 1, 1, '2023-04-01 10:58:54', '2023-04-01 10:58:54'),
(2999, 1, 1, 1, 1, 1, '2023-04-01 10:58:54', '2023-04-01 10:58:54'),
(3000, 1, 1, 1, 1, 1, '2023-04-01 10:58:54', '2023-04-01 10:58:54'),
(3001, 1, 1, 1, 1, 1, '2023-04-01 10:58:54', '2023-04-01 10:58:54'),
(3002, 1, 1, 1, 1, 1, '2023-04-01 10:58:55', '2023-04-01 10:58:55'),
(3003, 1, 1, 1, 1, 1, '2023-04-01 10:58:55', '2023-04-01 10:58:55'),
(3004, 1, 1, 1, 1, 1, '2023-04-01 10:58:55', '2023-04-01 10:58:55'),
(3005, 1, 1, 1, 1, 1, '2023-04-01 10:58:55', '2023-04-01 10:58:55'),
(3006, 1, 1, 1, 1, 1, '2023-04-01 10:58:55', '2023-04-01 10:58:55'),
(3007, 1, 1, 1, 1, 1, '2023-04-01 10:58:56', '2023-04-01 10:58:56'),
(3008, 1, 1, 1, 1, 1, '2023-04-01 10:58:56', '2023-04-01 10:58:56'),
(3009, 1, 1, 1, 1, 1, '2023-04-01 10:59:24', '2023-04-01 10:59:24'),
(3010, 1, 1, 1, 1, 1, '2023-04-01 11:02:03', '2023-04-01 11:02:03'),
(3011, 1, 1, 1, 1, 1, '2023-04-01 11:02:03', '2023-04-01 11:02:03'),
(3012, 1, 1, 1, 1, 1, '2023-04-01 11:02:06', '2023-04-01 11:02:06'),
(3013, 1, 1, 1, 1, 1, '2023-04-01 11:02:06', '2023-04-01 11:02:06'),
(3014, 1, 1, 1, 1, 1, '2023-04-01 11:02:06', '2023-04-01 11:02:06'),
(3015, 1, 1, 1, 1, 1, '2023-04-01 11:02:06', '2023-04-01 11:02:06'),
(3016, 1, 1, 1, 1, 1, '2023-04-01 11:02:06', '2023-04-01 11:02:06'),
(3017, 1, 1, 1, 1, 1, '2023-04-01 11:02:07', '2023-04-01 11:02:07'),
(3018, 1, 1, 1, 1, 1, '2023-04-01 11:02:07', '2023-04-01 11:02:07'),
(3019, 1, 1, 1, 1, 1, '2023-04-01 11:02:07', '2023-04-01 11:02:07'),
(3020, 1, 1, 1, 1, 1, '2023-04-01 11:02:07', '2023-04-01 11:02:07'),
(3021, 1, 1, 1, 1, 1, '2023-04-01 11:02:07', '2023-04-01 11:02:07'),
(3022, 1, 1, 1, 1, 1, '2023-04-01 11:02:08', '2023-04-01 11:02:08'),
(3023, 1, 1, 1, 1, 1, '2023-04-01 11:02:08', '2023-04-01 11:02:08'),
(3024, 1, 1, 1, 1, 1, '2023-04-01 11:02:08', '2023-04-01 11:02:08'),
(3025, 1, 1, 1, 1, 1, '2023-04-01 11:02:08', '2023-04-01 11:02:08'),
(3026, 1, 1, 1, 1, 1, '2023-04-01 11:02:08', '2023-04-01 11:02:08'),
(3027, 1, 1, 1, 1, 1, '2023-04-01 11:02:09', '2023-04-01 11:02:09'),
(3028, 1, 1, 1, 1, 1, '2023-04-01 11:02:09', '2023-04-01 11:02:09'),
(3029, 1, 1, 1, 1, 1, '2023-04-01 11:02:09', '2023-04-01 11:02:09'),
(3030, 1, 1, 1, 1, 1, '2023-04-01 11:02:09', '2023-04-01 11:02:09'),
(3031, 1, 1, 1, 1, 1, '2023-04-01 11:02:15', '2023-04-01 11:02:15'),
(3032, 1, 1, 1, 1, 1, '2023-04-01 11:05:24', '2023-04-01 11:05:24'),
(3033, 1, 1, 1, 1, 1, '2023-04-01 11:05:27', '2023-04-01 11:05:27'),
(3034, 1, 1, 1, 1, 1, '2023-04-01 11:05:38', '2023-04-01 11:05:38'),
(3035, 1, 1, 1, 1, 1, '2023-04-01 11:06:07', '2023-04-01 11:06:07'),
(3036, 1, 1, 1, 1, 1, '2023-04-01 11:06:14', '2023-04-01 11:06:14'),
(3037, 1, 1, 1, 1, 1, '2023-04-01 11:06:22', '2023-04-01 11:06:22'),
(3038, 1, 1, 1, 1, 1, '2023-04-01 11:06:25', '2023-04-01 11:06:25'),
(3039, 1, 1, 1, 1, 1, '2023-04-01 11:06:58', '2023-04-01 11:06:58'),
(3040, 1, 1, 1, 1, 1, '2023-04-01 11:07:16', '2023-04-01 11:07:16'),
(3041, 1, 1, 1, 1, 1, '2023-04-01 11:07:27', '2023-04-01 11:07:27'),
(3042, 1, 1, 1, 1, 1, '2023-04-01 11:07:36', '2023-04-01 11:07:36'),
(3043, 1, 1, 1, 1, 1, '2023-04-01 11:07:41', '2023-04-01 11:07:41'),
(3044, 1, 1, 1, 1, 1, '2023-04-01 11:08:35', '2023-04-01 11:08:35'),
(3045, 1, 1, 1, 1, 1, '2023-04-01 11:09:19', '2023-04-01 11:09:19'),
(3046, 1, 1, 1, 1, 1, '2023-04-01 11:09:19', '2023-04-01 11:09:19'),
(3047, 1, 1, 1, 1, 1, '2023-04-01 11:09:20', '2023-04-01 11:09:20'),
(3048, 1, 1, 1, 1, 1, '2023-04-01 11:40:34', '2023-04-01 11:40:34'),
(3049, 1, 1, 1, 1, 1, '2023-04-01 11:40:48', '2023-04-01 11:40:48'),
(3050, 1, 1, 1, 1, 1, '2023-04-01 11:40:51', '2023-04-01 11:40:51'),
(3051, 1, 1, 1, 1, 1, '2023-04-01 11:40:52', '2023-04-01 11:40:52'),
(3052, 1, 1, 1, 1, 1, '2023-04-01 11:41:14', '2023-04-01 11:41:14'),
(3053, 1, 1, 1, 1, 1, '2023-04-01 11:42:59', '2023-04-01 11:42:59'),
(3054, 1, 1, 1, 1, 1, '2023-04-01 11:43:05', '2023-04-01 11:43:05'),
(3055, 1, 1, 1, 1, 1, '2023-04-01 11:43:11', '2023-04-01 11:43:11'),
(3056, 1, 1, 1, 1, 1, '2023-04-01 11:43:14', '2023-04-01 11:43:14'),
(3057, 1, 1, 1, 1, 1, '2023-04-01 11:43:20', '2023-04-01 11:43:20'),
(3058, 1, 1, 1, 1, 1, '2023-04-01 11:43:24', '2023-04-01 11:43:24'),
(3059, 1, 1, 1, 1, 1, '2023-04-01 11:44:02', '2023-04-01 11:44:02'),
(3060, 1, 1, 1, 1, 1, '2023-04-01 11:44:10', '2023-04-01 11:44:10'),
(3061, 1, 1, 1, 1, 1, '2023-04-01 11:45:34', '2023-04-01 11:45:34'),
(3062, 1, 1, 1, 1, 1, '2023-04-01 11:45:35', '2023-04-01 11:45:35'),
(3063, 1, 1, 1, 1, 1, '2023-04-01 11:45:36', '2023-04-01 11:45:36'),
(3064, 1, 1, 1, 1, 1, '2023-04-01 11:45:49', '2023-04-01 11:45:49'),
(3065, 1, 1, 1, 1, 1, '2023-04-01 11:46:35', '2023-04-01 11:46:35'),
(3066, 1, 1, 1, 1, 1, '2023-04-01 11:46:36', '2023-04-01 11:46:36'),
(3067, 1, 1, 1, 1, 1, '2023-04-01 11:46:38', '2023-04-01 11:46:38'),
(3068, 1, 1, 1, 1, 1, '2023-04-01 11:46:38', '2023-04-01 11:46:38'),
(3069, 1, 1, 1, 1, 1, '2023-04-01 11:46:38', '2023-04-01 11:46:38'),
(3070, 1, 1, 1, 1, 1, '2023-04-01 11:46:38', '2023-04-01 11:46:38'),
(3071, 1, 1, 1, 1, 1, '2023-04-01 11:46:38', '2023-04-01 11:46:38'),
(3072, 1, 1, 1, 1, 1, '2023-04-01 11:46:38', '2023-04-01 11:46:38'),
(3073, 1, 1, 1, 1, 1, '2023-04-01 11:46:39', '2023-04-01 11:46:39'),
(3074, 1, 1, 1, 1, 1, '2023-04-01 11:46:39', '2023-04-01 11:46:39'),
(3075, 1, 1, 1, 1, 1, '2023-04-01 11:46:40', '2023-04-01 11:46:40'),
(3076, 1, 1, 1, 1, 1, '2023-04-01 11:46:41', '2023-04-01 11:46:41'),
(3077, 1, 1, 1, 1, 1, '2023-04-01 11:46:41', '2023-04-01 11:46:41'),
(3078, 1, 1, 1, 1, 1, '2023-04-01 11:46:42', '2023-04-01 11:46:42'),
(3079, 1, 1, 1, 1, 1, '2023-04-01 11:46:42', '2023-04-01 11:46:42'),
(3080, 1, 1, 1, 1, 1, '2023-04-01 11:46:42', '2023-04-01 11:46:42'),
(3081, 1, 1, 1, 1, 1, '2023-04-01 11:46:43', '2023-04-01 11:46:43'),
(3082, 1, 1, 1, 1, 1, '2023-04-01 11:46:43', '2023-04-01 11:46:43'),
(3083, 1, 1, 1, 1, 1, '2023-04-01 11:46:43', '2023-04-01 11:46:43'),
(3084, 1, 1, 1, 1, 1, '2023-04-01 11:46:44', '2023-04-01 11:46:44'),
(3085, 1, 1, 1, 1, 1, '2023-04-01 11:46:44', '2023-04-01 11:46:44'),
(3086, 1, 1, 1, 1, 1, '2023-04-01 11:47:45', '2023-04-01 11:47:45'),
(3087, 1, 1, 1, 1, 1, '2023-04-01 11:47:45', '2023-04-01 11:47:45'),
(3088, 1, 1, 1, 1, 1, '2023-04-01 11:47:48', '2023-04-01 11:47:48'),
(3089, 1, 1, 1, 1, 1, '2023-04-01 11:47:48', '2023-04-01 11:47:48'),
(3090, 1, 1, 1, 1, 1, '2023-04-01 11:47:48', '2023-04-01 11:47:48'),
(3091, 1, 1, 1, 1, 1, '2023-04-01 11:47:48', '2023-04-01 11:47:48'),
(3092, 1, 1, 1, 1, 1, '2023-04-01 11:47:48', '2023-04-01 11:47:48'),
(3093, 1, 1, 1, 1, 1, '2023-04-01 11:47:49', '2023-04-01 11:47:49'),
(3094, 1, 1, 1, 1, 1, '2023-04-01 11:47:49', '2023-04-01 11:47:49'),
(3095, 1, 1, 1, 1, 1, '2023-04-01 11:47:53', '2023-04-01 11:47:53'),
(3096, 1, 1, 1, 1, 1, '2023-04-01 11:47:54', '2023-04-01 11:47:54'),
(3097, 1, 1, 1, 1, 1, '2023-04-01 11:47:54', '2023-04-01 11:47:54'),
(3098, 1, 1, 1, 1, 1, '2023-04-01 11:47:55', '2023-04-01 11:47:55'),
(3099, 1, 1, 1, 1, 1, '2023-04-01 11:47:55', '2023-04-01 11:47:55'),
(3100, 1, 1, 1, 1, 1, '2023-04-01 11:47:56', '2023-04-01 11:47:56'),
(3101, 1, 1, 1, 1, 1, '2023-04-01 11:47:56', '2023-04-01 11:47:56'),
(3102, 1, 1, 1, 1, 1, '2023-04-01 11:47:57', '2023-04-01 11:47:57'),
(3103, 1, 1, 1, 1, 1, '2023-04-01 11:47:58', '2023-04-01 11:47:58'),
(3104, 1, 1, 1, 1, 1, '2023-04-01 11:47:59', '2023-04-01 11:47:59'),
(3105, 1, 1, 1, 1, 1, '2023-04-01 11:48:00', '2023-04-01 11:48:00'),
(3106, 1, 1, 1, 1, 1, '2023-04-01 11:48:01', '2023-04-01 11:48:01'),
(3107, 1, 1, 1, 1, 1, '2023-04-01 11:48:06', '2023-04-01 11:48:06'),
(3108, 1, 1, 1, 1, 1, '2023-04-01 11:48:10', '2023-04-01 11:48:10'),
(3109, 1, 1, 1, 1, 1, '2023-04-01 11:48:15', '2023-04-01 11:48:15'),
(3110, 1, 1, 1, 1, 1, '2023-04-01 11:48:15', '2023-04-01 11:48:15'),
(3111, 1, 1, 1, 1, 1, '2023-04-01 11:48:18', '2023-04-01 11:48:18'),
(3112, 1, 1, 1, 1, 1, '2023-04-01 11:51:08', '2023-04-01 11:51:08'),
(3113, 1, 1, 1, 1, 1, '2023-04-01 11:51:27', '2023-04-01 11:51:27'),
(3114, 1, 1, 1, 1, 1, '2023-04-01 11:51:51', '2023-04-01 11:51:51'),
(3115, 1, 1, 1, 1, 1, '2023-04-01 11:51:52', '2023-04-01 11:51:52'),
(3116, 1, 1, 1, 1, 1, '2023-04-01 11:51:52', '2023-04-01 11:51:52'),
(3117, 1, 1, 1, 1, 1, '2023-04-01 11:51:52', '2023-04-01 11:51:52'),
(3118, 1, 1, 1, 1, 1, '2023-04-01 11:51:53', '2023-04-01 11:51:53'),
(3119, 1, 1, 1, 1, 1, '2023-04-01 11:52:00', '2023-04-01 11:52:00'),
(3120, 1, 1, 1, 1, 1, '2023-04-01 11:52:01', '2023-04-01 11:52:01'),
(3121, 1, 1, 1, 1, 1, '2023-04-01 11:52:38', '2023-04-01 11:52:38'),
(3122, 1, 1, 1, 1, 1, '2023-04-01 11:53:10', '2023-04-01 11:53:10'),
(3123, 1, 1, 1, 1, 1, '2023-04-01 11:53:25', '2023-04-01 11:53:25'),
(3124, 1, 1, 1, 1, 1, '2023-04-01 11:58:02', '2023-04-01 11:58:02'),
(3125, 1, 1, 1, 1, 1, '2023-04-01 11:58:02', '2023-04-01 11:58:02'),
(3126, 1, 1, 1, 1, 1, '2023-04-01 11:58:17', '2023-04-01 11:58:17'),
(3127, 1, 1, 1, 1, 1, '2023-04-01 11:58:25', '2023-04-01 11:58:25'),
(3128, 1, 1, 1, 1, 1, '2023-04-01 11:59:19', '2023-04-01 11:59:19'),
(3129, 1, 1, 1, 1, 1, '2023-04-01 11:59:19', '2023-04-01 11:59:19'),
(3130, 1, 1, 1, 1, 1, '2023-04-01 11:59:23', '2023-04-01 11:59:23'),
(3131, 1, 1, 1, 1, 1, '2023-04-02 03:40:55', '2023-04-02 03:40:55'),
(3132, 1, 1, 1, 1, 1, '2023-04-02 03:40:56', '2023-04-02 03:40:56'),
(3133, 1, 1, 1, 1, 1, '2023-04-02 03:40:57', '2023-04-02 03:40:57'),
(3134, 1, 1, 1, 1, 1, '2023-04-02 03:40:57', '2023-04-02 03:40:57'),
(3135, 1, 1, 1, 1, 1, '2023-04-02 03:40:58', '2023-04-02 03:40:58'),
(3136, 1, 1, 1, 1, 1, '2023-04-02 03:41:02', '2023-04-02 03:41:02'),
(3137, 1, 1, 1, 1, 1, '2023-04-02 03:41:02', '2023-04-02 03:41:02');

-- --------------------------------------------------------

--
-- Table structure for table `purchases`
--

CREATE TABLE `purchases` (
  `id` bigint(20) UNSIGNED NOT NULL,
  `user_id` bigint(20) UNSIGNED NOT NULL,
  `supplier_id` bigint(20) UNSIGNED NOT NULL,
  `purchase_man` varchar(255) NOT NULL,
  `purchase_type` varchar(255) NOT NULL,
  `invoice_no` bigint(20) UNSIGNED NOT NULL,
  `invoice_date` date NOT NULL,
  `discount` decimal(8,2) DEFAULT NULL,
  `discount_price` decimal(8,2) DEFAULT NULL,
  `vat_price` decimal(8,2) DEFAULT NULL,
  `total` decimal(8,2) NOT NULL,
  `payment_type_id` int(10) UNSIGNED NOT NULL,
  `payment_amount` decimal(8,2) DEFAULT NULL,
  `balance` decimal(8,2) DEFAULT NULL,
  `voucher_image` varchar(255) DEFAULT NULL,
  `voucher_number` varchar(255) DEFAULT NULL,
  `note` varchar(255) DEFAULT NULL,
  `created_at` timestamp NULL DEFAULT NULL,
  `updated_at` timestamp NULL DEFAULT NULL
) ENGINE=InnoDB DEFAULT CHARSET=utf8mb4 COLLATE=utf8mb4_unicode_ci;

--
-- Dumping data for table `purchases`
--

INSERT INTO `purchases` (`id`, `user_id`, `supplier_id`, `purchase_man`, `purchase_type`, `invoice_no`, `invoice_date`, `discount`, `discount_price`, `vat_price`, `total`, `payment_type_id`, `payment_amount`, `balance`, `voucher_image`, `voucher_number`, `note`, `created_at`, `updated_at`) VALUES
(1, 5, 6, 'Md Hafiz Al Foisal - 2', 'Retail', 51, '2023-02-16', 0.00, 0.00, 0.00, 0.00, 1, 0.00, 0.00, NULL, NULL, NULL, '2023-02-16 21:05:21', '2023-02-25 16:37:27'),
(2, 5, 11, 'Md Hafiz Al Foisal - 2', 'Retail', 552, '2023-02-16', 0.00, 0.00, 0.00, 0.00, 1, 0.00, 0.00, NULL, NULL, NULL, '2023-02-16 22:35:03', '2023-02-25 16:37:16'),
(3, 5, 1, 'Md Hafiz Al Foisal - 2', 'Retail', 5553, '2022-11-21', 0.00, 0.00, 0.00, 0.00, 1, 0.00, 0.00, '/images/purchase/1676547628.png', '1234', 'Baki pore dibo', '2023-02-16 22:40:28', '2023-02-25 16:36:22'),
(4, 5, 4, 'Md Hafiz Al Foisal - 2', 'Retail', 5554, '2023-02-23', 0.00, 0.00, 0.00, 0.00, 1, 0.00, 0.00, NULL, NULL, NULL, '2023-02-23 20:37:24', '2023-02-25 16:36:58'),
(5, 5, 5, 'Md Hafiz Al Foisal - 2', 'Retail', 5555, '2023-02-23', 0.00, 0.00, 0.00, 5000.00, 2, 2000.00, 3000.00, NULL, NULL, NULL, '2023-02-23 20:38:34', '2023-02-23 20:38:34'),
(6, 5, 8, 'Md Hafiz Al Foisal - 2', 'Retail', 5556, '2023-02-25', 0.00, 0.00, 0.00, 0.00, 1, 0.00, 0.00, NULL, NULL, NULL, '2023-02-23 20:39:54', '2023-02-25 20:30:35'),
(7, 5, 1, 'Md Hafiz Al Foisal - 2', 'Retail', 5557, '2023-02-23', 0.00, 0.00, 0.00, 0.00, 1, 0.00, 0.00, NULL, NULL, NULL, '2023-02-23 20:42:21', '2023-02-25 16:36:32'),
(8, 5, 4, 'Md Hafiz Al Foisal - 2', 'Retail', 5558, '2023-02-23', 0.00, 0.00, 0.00, 0.00, 2, 0.00, 0.00, NULL, NULL, NULL, '2023-02-23 20:43:55', '2023-02-25 16:41:27'),
(9, 5, 5, 'Md Hafiz Al Foisal - 2', 'Retail', 5559, '2023-02-23', 0.00, 0.00, 0.00, 0.00, 2, 0.00, 0.00, NULL, NULL, NULL, '2023-02-23 20:45:06', '2023-02-25 16:40:37'),
(10, 5, 6, 'Md Hafiz Al Foisal - 2', 'Retail', 5560, '2023-02-23', 0.00, 0.00, 0.00, 0.00, 1, 0.00, 0.00, NULL, NULL, NULL, '2023-02-23 20:46:33', '2023-02-25 16:40:55'),
(11, 5, 1, 'Md Hafiz Al Foisal - 2', 'Retail', 5561, '2023-02-23', 0.00, 0.00, 0.00, 0.00, 3, 0.00, 0.00, NULL, NULL, NULL, '2023-02-23 20:48:28', '2023-02-25 16:38:23'),
(12, 5, 5, 'Md Hafiz Al Foisal - 2', 'Retail', 5562, '2023-02-23', 0.00, 0.00, 0.00, 0.00, 1, 690.00, -690.00, NULL, NULL, NULL, '2023-02-23 20:49:53', '2023-02-23 20:49:53'),
(13, 5, 5, 'Md Hafiz Al Foisal - 2', 'Retail', 5563, '2023-02-23', 0.00, 0.00, 0.00, 0.00, 2, 0.00, 0.00, NULL, NULL, NULL, '2023-02-23 20:51:02', '2023-02-25 16:36:06'),
(14, 5, 6, 'Md Hafiz Al Foisal - 2', 'Retail', 5564, '2023-02-23', 0.00, 0.00, 0.00, 0.00, 4, 0.00, 0.00, NULL, NULL, NULL, '2023-02-23 20:51:59', '2023-02-25 16:38:07'),
(15, 5, 5, 'Md Hafiz Al Foisal - 2', 'Retail', 5565, '2023-02-23', 0.00, 0.00, 0.00, 0.00, 3, 0.00, 0.00, NULL, NULL, NULL, '2023-02-23 20:53:05', '2023-02-25 16:37:57'),
(16, 5, 5, 'Md Hafiz Al Foisal - 2', 'Retail', 5566, '2023-02-23', 0.00, 0.00, 0.00, 0.00, 2, 0.00, 0.00, NULL, NULL, NULL, '2023-02-23 20:54:02', '2023-02-25 16:39:14'),
(17, 5, 5, 'Md Hafiz Al Foisal - 2', 'Retail', 5567, '2023-02-23', 0.00, 0.00, 0.00, 0.00, 2, 0.00, 0.00, NULL, NULL, NULL, '2023-02-23 20:55:08', '2023-02-25 16:37:48'),
(18, 5, 6, 'Md Hafiz Al Foisal - 2', 'Retail', 5568, '2023-02-23', 0.00, 0.00, 0.00, 0.00, 2, 0.00, 0.00, NULL, NULL, NULL, '2023-02-23 20:56:18', '2023-02-25 16:37:37'),
(19, 5, 1, 'Md Hafiz Al Foisal - 2', 'Retail', 5569, '2023-02-25', 0.00, 1.00, 1.00, 10000.00, 1, 1000.00, 13520.00, NULL, '100', NULL, '2023-02-25 20:03:40', '2023-02-25 20:03:40'),
(20, 5, 15, 'Md Hafiz Al', 'Retail', 5570, '2023-03-21', 0.00, 0.00, 0.00, 7600.00, 1, 0.00, 7600.00, NULL, NULL, NULL, '2023-02-27 14:38:41', '2023-03-21 03:38:46'),
(21, 5, 4, 'Md Hafiz Al', 'Retail', 15, '2023-02-27', 0.00, 0.00, 0.00, 1600.00, 1, 30000.00, -9400.00, NULL, NULL, NULL, '2023-02-27 19:18:54', '2023-02-27 19:18:54'),
(22, 39, 22, 'mazhar', 'Retail', 1, '2023-02-27', 0.00, 0.00, 0.00, 150000.00, 1, 0.00, 150000.00, '/images/purchase/1677487692.png', '3091', NULL, '2023-02-27 19:48:12', '2023-02-27 19:58:14'),
(23, 39, 23, 'mazhar', 'Retail', 2, '2023-02-27', 0.00, 0.00, 0.00, 85000.00, 1, 85000.00, 50000.00, NULL, NULL, NULL, '2023-02-28 03:53:14', '2023-02-28 03:53:14'),
(24, 39, 23, 'mazhar', 'Retail', 3, '2023-02-27', 0.00, 0.00, 0.00, 66000.00, 1, 20000.00, 96000.00, NULL, NULL, NULL, '2023-02-28 04:18:12', '2023-02-28 04:18:12'),
(25, 39, 22, 'mazhar', 'Retail', 4, '2023-02-27', 5.00, 5000.00, 15000.00, 110000.00, 1, 100000.00, 60000.00, NULL, NULL, NULL, '2023-02-28 04:50:07', '2023-02-28 04:50:07'),
(26, 39, 24, 'mazhar', 'Retail', 5, '2023-03-01', 0.00, 0.00, 0.00, 90000.00, 1, 100000.00, 40000.00, NULL, NULL, NULL, '2023-03-01 18:50:55', '2023-03-01 18:50:55'),
(27, 39, 24, 'mazhar', 'Retail', 6, '2023-03-01', 0.00, 0.00, 0.00, 0.00, 1, 0.00, 0.00, NULL, NULL, NULL, '2023-03-01 19:15:18', '2023-03-02 22:07:23'),
(28, 39, 26, 'mazhar', 'Retail', 7, '2023-03-02', 0.00, 0.00, 50000.00, 250000.00, 2, 100000.00, 150000.00, NULL, NULL, NULL, '2023-03-02 16:03:18', '2023-03-02 16:03:18'),
(29, 39, 29, 'mazhar', 'Retail', 8, '2023-03-02', 20.00, 50000.00, 0.00, 20000.00, 2, 250000.00, 270000.00, '/images/purchase/1677733737.png', NULL, NULL, '2023-03-02 16:08:57', '2023-03-02 16:11:27'),
(30, 39, 28, 'mazhar', 'Retail', 9, '2023-03-02', 5.00, 3500.00, 0.00, 421500.00, 4, 10500.00, 500000.00, NULL, NULL, NULL, '2023-03-02 16:18:17', '2023-03-02 16:18:17'),
(31, 39, 16, 'mazhar', 'Retail', 10, '2023-03-02', 0.00, 0.00, 0.00, 66000.00, 1, 50000.00, 16000.00, NULL, NULL, NULL, '2023-03-02 16:51:28', '2023-03-02 19:22:38'),
(32, 39, 29, 'mazhar', 'Retail', 11, '2023-03-02', 0.00, 0.00, 0.00, 44000.00, 1, 0.00, 44000.00, NULL, NULL, NULL, '2023-03-02 19:23:59', '2023-03-02 19:29:54'),
(33, 39, 18, 'mazhar', 'Retail', 12, '2023-03-02', 0.00, 0.00, 0.00, 10000.00, 11, 50000.00, 10000.00, NULL, NULL, NULL, '2023-03-02 22:14:23', '2023-03-02 22:14:23'),
(34, 39, 26, 'mazhar', 'Retail', 13, '2023-03-02', 0.00, 0.00, 0.00, 670000.00, 1, 500000.00, 320000.00, NULL, NULL, NULL, '2023-03-02 22:20:22', '2023-03-02 22:20:22'),
(35, 39, 19, 'mazhar', 'Retail', 14, '2023-03-02', 0.00, 0.00, 0.00, 9000.00, 1, 0.00, 9000.00, NULL, NULL, NULL, '2023-03-02 22:48:57', '2023-03-03 03:15:22'),
(38, 5, 32, 'Md Hafiz Al', 'Retail', 16, '2023-03-20', 0.00, 0.00, 0.00, 1600.00, 1, 10.00, 1590.00, NULL, NULL, NULL, '2023-03-20 11:53:16', '2023-03-20 11:53:16'),
(39, 5, 32, 'Md Hafiz Al', 'Retail', 17, '2022-11-21', 1.00, 5.00, 1.00, 40.00, 1, 40.00, 0.00, '/images/purchase/1679369993.png', NULL, 'Baki pore dibo', '2023-03-20 11:57:41', '2023-03-21 03:39:53'),
(52, 5, 32, 'Md Hafiz Al', 'Retail', 18, '2023-03-20', 0.00, 0.00, 0.00, 1600.00, 1, 10.00, 1590.00, NULL, NULL, NULL, '2023-03-21 05:14:50', '2023-03-21 05:14:50'),
(53, 5, 32, 'Md Hafiz Al', 'Retail', 19, '2023-03-20', 0.00, 0.00, 0.00, 1600.00, 1, 10.00, 1590.00, NULL, NULL, NULL, '2023-03-21 05:17:07', '2023-03-21 05:32:13'),
(54, 5, 32, 'Md Hafiz Al', 'Retail', 20, '2023-03-21', 0.00, 0.00, 0.00, 0.00, 2, 0.01, -0.01, NULL, NULL, NULL, '2023-03-21 11:14:06', '2023-03-21 11:14:06'),
(56, 5, 32, 'Md Hafiz Al', 'Retail', 21, '2023-03-21', 0.00, 0.00, 0.00, 450.00, 1, 0.00, 450.00, NULL, NULL, NULL, '2023-03-21 12:41:53', '2023-03-21 12:41:53'),
(57, 5, 32, 'Md Hafiz Al', 'Retail', 22, '2023-03-22', 0.00, 0.00, 0.00, 450.00, 2, 450.00, 0.00, NULL, NULL, NULL, '2023-03-21 12:56:50', '2023-03-22 03:42:50'),
(58, 5, 32, 'Md Hafiz Al', 'Retail', 23, '2023-03-22', 0.00, 0.00, 0.00, 2900.00, 2, 2900.00, 0.00, NULL, NULL, NULL, '2023-03-21 12:58:58', '2023-03-22 03:40:44'),
(59, 5, 32, 'Md Hafiz Al', 'Retail', 24, '2023-03-20', 0.00, 0.00, 0.00, 1600.00, 1, 10.00, 1590.00, NULL, NULL, NULL, '2023-03-22 05:39:39', '2023-03-22 05:39:39'),
(60, 5, 1, 'Md Hafiz Al', 'Retail', 25, '2023-03-22', 0.00, 0.00, 0.00, 6000.00, 1, 0.00, 6000.00, NULL, NULL, NULL, '2023-03-22 10:30:54', '2023-03-22 10:30:54'),
(61, 5, 1, 'Md Hafiz Al', 'Retail', 26, '2023-03-27', 0.00, 0.00, 0.00, 10000.00, 1, 0.00, 10000.00, NULL, NULL, NULL, '2023-03-27 04:19:10', '2023-03-27 04:19:10'),
(62, 5, 1, 'Md Hafiz Al', 'Retail', 27, '2023-03-27', 0.00, 0.00, 0.00, 1000.00, 2, 1000.00, 0.00, NULL, NULL, NULL, '2023-03-27 08:33:48', '2023-03-27 08:33:48'),
(63, 5, 1, 'Md Hafiz Al', 'Retail', 28, '2023-03-27', 0.00, 0.00, 0.00, 400.00, 2, 1000.00, -600.00, NULL, NULL, NULL, '2023-03-27 08:36:42', '2023-03-27 08:36:42'),
(64, 5, 32, 'Md Hafiz Al', 'Retail', 29, '2023-03-29', 0.00, 0.00, 0.00, 3200.00, 2, 3200.00, 0.00, NULL, NULL, NULL, '2023-03-29 06:28:43', '2023-03-29 06:28:43'),
(65, 41, 34, 'Admin', 'Retail', 1, '2023-03-30', 0.00, 0.00, 0.00, 400.00, 1, 0.00, 400.00, NULL, NULL, NULL, '2023-03-30 13:08:24', '2023-03-30 13:08:24'),
(66, 41, 34, 'Admin', 'Retail', 2, '2023-04-01', 0.00, 0.00, 0.00, 1000.00, 1, 0.00, 1000.00, NULL, NULL, NULL, '2023-04-01 05:50:11', '2023-04-01 05:50:11'),
(69, 45, 39, 'Admin', 'Retail', 1, '2023-04-03', 0.00, 0.00, 0.00, 0.00, 1, 0.00, 0.00, NULL, NULL, NULL, '2023-04-03 10:12:31', '2023-04-03 10:12:31'),
(70, 41, 33, 'Admin', 'Retail', 3, '2023-04-03', 0.00, 0.00, 0.00, 0.00, 1, 0.00, 0.00, NULL, NULL, NULL, '2023-04-03 10:36:31', '2023-04-03 10:36:31'),
(71, 45, 41, 'Admin', 'Retail', 2, '2023-04-03', 0.00, 0.00, 7800.00, 7800.00, 1, 0.00, 7800.00, NULL, NULL, NULL, '2023-04-03 20:11:25', '2023-04-03 20:11:25'),
(80, 45, 39, 'Admin', 'Retail', 3, '2023-04-09', 0.00, 0.00, 0.00, 0.00, 1, 0.00, 0.00, NULL, NULL, NULL, '2023-04-09 20:17:23', '2023-04-09 20:17:23'),
(81, 45, 39, 'Admin', 'Retail', 4, '2023-04-12', 0.00, 0.00, 0.00, 0.00, 1, 0.00, 0.00, NULL, NULL, NULL, '2023-04-12 10:02:49', '2023-04-12 10:02:49'),
(82, 45, 39, 'Admin', 'Retail', 5, '2023-04-13', 0.00, 0.00, 0.00, 0.00, 1, 0.00, 0.00, NULL, NULL, NULL, '2023-04-13 08:47:36', '2023-04-13 08:47:36'),
(83, 45, 39, 'Admin', 'Retail', 6, '2023-04-13', 0.00, 0.00, 0.00, 0.00, 1, 0.00, 0.00, NULL, NULL, NULL, '2023-04-13 08:51:08', '2023-04-13 08:51:08'),
(87, 45, 51, 'Admin', 'Retail', 7, '2023-04-14', 0.00, 0.00, 0.00, 0.00, 1, 0.00, 0.00, NULL, NULL, NULL, '2023-04-14 10:55:40', '2023-04-14 10:55:40'),
(88, 45, 40, 'Admin', 'Retail', 8, '2023-04-16', 1.00, 1021.00, 200.00, 101279.00, 3, 1000.00, 100279.00, NULL, NULL, NULL, '2023-04-16 09:16:04', '2023-04-16 09:16:04'),
(96, 45, 32, 'Admin', 'Retail', 9, '2023-03-20', 0.00, 0.00, 0.00, 1600.00, 1, 10.00, 1590.00, NULL, NULL, NULL, '2023-04-19 01:29:16', '2023-04-19 01:29:16'),
(98, 45, 32, 'Admin', 'Retail', 10, '2023-03-20', 0.00, 0.00, 0.00, 1600.00, 1, 10.00, 1590.00, NULL, NULL, NULL, '2023-04-19 01:31:17', '2023-04-19 01:31:17'),
(100, 45, 32, 'Admin', 'Retail', 11, '2023-03-20', 0.00, 0.00, 0.00, 1600.00, 1, 10.00, 1590.00, NULL, NULL, NULL, '2023-04-19 01:34:23', '2023-04-19 01:34:23'),
(102, 5, 32, 'Md Hafiz Al', 'Retail', 30, '2023-03-20', 0.00, 0.00, 0.00, 1600.00, 1, 10.00, 1590.00, NULL, NULL, NULL, '2023-04-19 03:05:51', '2023-04-19 03:05:51'),
(109, 45, 39, 'Admin', 'Retail', 12, '2023-04-19', 0.00, 0.00, 0.00, 5200.00, 3, 5200.00, 0.00, NULL, NULL, NULL, '2023-04-19 03:13:08', '2023-04-19 03:13:08'),
(115, 47, 56, 'Admin', 'Retail', 1, '2023-04-19', 1.70, 100.00, 100.00, 6000.00, 1, 0.00, 6000.00, NULL, NULL, NULL, '2023-04-19 20:09:41', '2023-04-19 20:09:41'),
(116, 47, 56, 'Admin', 'Retail', 2, '2023-04-19', 0.00, 0.00, 0.00, 1000.00, 1, 0.00, 1000.00, NULL, NULL, NULL, '2023-04-19 20:11:30', '2023-04-19 20:11:30'),
(117, 49, 57, 'Admin', 'Retail', 1, '2023-04-20', 5.00, 132.50, 0.00, 2517.50, 2, 500.00, 2017.50, NULL, NULL, NULL, '2023-04-19 23:29:25', '2023-04-19 23:50:31'),
(118, 50, 55, 'Admin', 'Retail', 1, '2023-04-20', 0.00, 0.00, 0.00, 2000.00, 1, 2000.00, 0.00, NULL, NULL, NULL, '2023-04-20 00:18:00', '2023-04-20 00:18:00'),
(119, 49, 58, 'Admin', 'Retail', 2, '2023-04-20', 5.00, 300.00, 0.00, 5700.00, 2, 600.00, 5100.00, NULL, NULL, NULL, '2023-04-20 00:18:22', '2023-04-20 00:41:56'),
(120, 50, 59, 'Admin', 'Retail', 2, '2023-04-20', 0.00, 0.00, 0.00, 160.00, 1, 160.00, 0.00, NULL, NULL, NULL, '2023-04-20 01:06:53', '2023-04-20 01:06:53'),
(121, 50, 59, 'Admin', 'Retail', 3, '2023-04-20', 0.00, 0.00, 0.00, 440.00, 1, 0.00, 440.00, NULL, NULL, NULL, '2023-04-20 02:24:10', '2023-04-20 02:24:36'),
(122, 48, 61, 'Admin', 'Retail', 1, '2023-04-20', 2.50, 150.00, 100.00, 5950.00, 1, 0.00, 5950.00, NULL, NULL, NULL, '2023-04-20 10:06:46', '2023-04-20 10:06:46'),
(123, 48, 62, 'Admin', 'Retail', 2, '2023-04-20', 0.00, 0.00, 0.00, 27500.00, 1, 0.00, 27500.00, NULL, NULL, NULL, '2023-04-20 10:23:17', '2023-04-20 10:23:17'),
(124, 48, 62, 'Admin', 'Retail', 3, '2023-04-20', 0.00, 0.00, 0.00, 45000.00, 1, 500.00, 44500.00, NULL, NULL, NULL, '2023-04-20 10:53:24', '2023-04-20 10:53:24'),
(125, 48, 63, 'Admin', 'Retail', 4, '2023-04-20', 0.00, 0.00, 100.00, 5100.00, 2, 300.00, 4800.00, NULL, NULL, NULL, '2023-04-20 11:11:07', '2023-04-20 11:11:07'),
(126, 49, 57, 'Admin', 'Retail', 3, '2023-04-20', 0.00, 0.00, 0.00, 910.00, 2, 500.00, 410.00, NULL, NULL, NULL, '2023-04-20 11:27:36', '2023-04-20 11:32:39'),
(127, 49, 58, 'Admin', 'Retail', 4, '2023-04-20', 0.00, 0.00, 0.00, 1960.00, 1, 0.00, 1960.00, NULL, NULL, NULL, '2023-04-20 11:38:09', '2023-04-20 11:38:09'),
(128, 47, 52, 'Admin', 'Retail', 3, '2023-04-24', 0.00, 0.00, 0.00, 1000.00, 1, 1000.00, 0.00, NULL, NULL, NULL, '2023-04-24 16:45:52', '2023-04-24 16:45:52'),
(129, 47, 52, 'Admin', 'Retail', 4, '2023-04-24', 0.00, 0.00, 0.00, 1000.00, 1, 1000.00, 0.00, NULL, NULL, NULL, '2023-04-24 16:45:52', '2023-04-24 16:45:52'),
(130, 47, 52, 'Admin', 'Retail', 5, '2023-04-24', 0.00, 0.00, 0.00, 1000.00, 1, 1000.00, 0.00, NULL, NULL, NULL, '2023-04-24 16:45:55', '2023-04-24 16:45:55'),
(131, 47, 52, 'Admin', 'Retail', 6, '2023-04-24', 0.00, 0.00, 0.00, 0.00, 1, 1000.00, 0.00, NULL, NULL, NULL, '2023-04-24 16:45:58', '2023-04-24 16:45:58'),
(132, 48, 63, 'Admin', 'Retail', 5, '2023-04-29', 0.00, 0.00, 0.00, 48357.00, 1, 0.00, 48357.00, NULL, NULL, NULL, '2023-04-29 08:14:06', '2023-04-29 08:14:06'),
(133, 58, 66, 'Admin', 'Retail', 1, '2023-04-29', 5.00, 950.00, 150.00, 18200.00, 1, 0.00, 18200.00, NULL, NULL, NULL, '2023-04-29 21:01:33', '2023-04-29 21:01:33'),
(134, 48, 61, 'Admin', 'Retail', 6, '2023-04-30', 0.00, 0.00, 0.00, 40000.00, 1, 2000.00, 38000.00, NULL, NULL, NULL, '2023-04-30 09:02:56', '2023-04-30 09:02:56'),
(135, 47, 68, 'Admin', 'Retail', 7, '2023-04-30', 0.00, 0.00, 100.00, 1400.00, 2, 1000.00, 400.00, NULL, NULL, NULL, '2023-04-30 18:45:12', '2023-04-30 18:45:12'),
(136, 59, 70, 'Admin', 'Retail', 1, '2023-04-30', 17.90, 500.00, 200.00, 2500.00, 1, 2000.00, 500.00, NULL, NULL, NULL, '2023-05-01 03:40:43', '2023-05-01 03:40:43'),
(137, 59, 70, 'Admin', 'Retail', 2, '2023-05-01', 1.70, 50.00, 100.00, 3000.00, 1, 1500.00, 1500.00, NULL, NULL, NULL, '2023-05-01 15:23:16', '2023-05-01 15:23:16'),
(138, 59, 71, 'Admin', 'Retail', 3, '2023-05-01', 2.40, 96.00, 200.00, 4100.00, 2, 2000.00, 2100.00, NULL, NULL, NULL, '2023-05-01 16:36:47', '2023-05-02 00:48:06'),
(139, 60, 73, 'Admin', 'Retail', 1, '2023-05-02', 9.10, 500.00, 500.00, 5500.00, 1, 4000.00, 1500.00, NULL, NULL, NULL, '2023-05-02 20:37:43', '2023-05-02 20:37:43'),
(140, 60, 73, 'Admin', 'Retail', 2, '2023-05-02', 3.70, 200.00, 750.00, 6000.00, 2, 4000.00, 2000.00, NULL, NULL, NULL, '2023-05-02 21:11:58', '2023-05-02 21:11:58'),
(141, 60, 74, 'Admin', 'Retail', 3, '2023-05-02', 3.20, 100.00, 500.00, 3500.00, 1, 1500.00, 2000.00, NULL, NULL, NULL, '2023-05-02 22:10:37', '2023-05-03 02:05:43'),
(142, 62, 77, 'Admin', 'Retail', 1, '2023-05-04', 0.00, 0.00, 0.00, 1200.00, 1, 0.00, 1200.00, NULL, NULL, NULL, '2023-05-04 17:48:02', '2023-05-04 17:48:02'),
(143, 62, 78, 'Admin', 'Retail', 2, '2023-05-04', 0.00, 0.00, 0.00, 1700.00, 1, 500.00, 1200.00, NULL, NULL, NULL, '2023-05-04 17:50:14', '2023-05-04 17:50:14'),
(144, 59, 71, 'Admin', 'Retail', 4, '2023-05-04', 0.00, 0.16, 0.00, 859.24, 2, 0.00, 859.24, NULL, NULL, NULL, '2023-05-04 20:19:06', '2023-05-04 20:26:56'),
(145, 59, 70, 'Admin', 'Retail', 5, '2023-05-04', 0.00, 0.00, 0.00, 840.00, 1, 0.00, 840.00, NULL, NULL, NULL, '2023-05-04 20:30:10', '2023-05-04 20:30:10'),
(146, 60, 79, 'Admin', 'Retail', 4, '2023-05-05', 0.00, 0.00, 0.00, 0.00, 1, 0.00, 0.00, NULL, NULL, NULL, '2023-05-06 03:32:43', '2023-05-06 03:32:43'),
(147, 60, 80, 'Admin', 'Retail', 5, '2023-05-06', 0.00, 0.00, 0.00, 1800.00, 1, 200.00, 1600.00, NULL, NULL, NULL, '2023-05-06 14:53:16', '2023-05-06 14:53:16'),
(148, 63, 82, 'Admin', 'Retail', 1, '2023-05-06', 0.00, 0.00, 0.00, 12600.00, 1, 0.00, 12600.00, NULL, NULL, NULL, '2023-05-06 18:18:25', '2023-05-06 18:18:25'),
(149, 64, 84, 'Admin', 'Retail', 1, '2023-05-07', 0.00, 0.00, 200.00, 4500.00, 1, 0.00, 4500.00, NULL, NULL, NULL, '2023-05-07 04:18:23', '2023-05-07 04:18:23'),
(150, 64, 85, 'Admin', 'Retail', 2, '2023-05-07', 2.20, 100.00, 600.00, 5000.00, 1, 0.00, 5000.00, NULL, '23456', NULL, '2023-05-07 15:10:35', '2023-05-07 15:10:35'),
(151, 63, 86, 'Admin', 'Retail', 2, '2023-05-07', 0.00, 0.00, 100.00, 1600.00, 1, 200.00, 1400.00, NULL, '5230', NULL, '2023-05-07 15:35:46', '2023-05-07 15:45:26'),
(152, 48, 63, 'Admin', 'Retail', 7, '2023-05-07', 0.00, 0.00, 0.00, 430.00, 1, 0.00, 430.00, NULL, NULL, NULL, '2023-05-07 17:55:01', '2023-05-07 17:55:01'),
(156, 48, 62, 'Admin', 'Retail', 8, '2023-05-07', 0.00, 0.00, 0.00, 87714.00, 2, 0.00, 87714.00, NULL, NULL, NULL, '2023-05-07 19:27:55', '2023-05-07 19:27:55'),
(157, 64, 87, 'Admin', 'Retail', 3, '2023-05-08', 0.00, 0.00, 0.00, 11880.00, 2, 0.00, 11880.00, NULL, NULL, NULL, '2023-05-09 03:05:43', '2023-05-09 03:05:43'),
(158, 63, 88, 'Admin', 'Retail', 3, '2023-05-09', 0.00, 0.00, 300.00, 3700.00, 1, 3000.00, 700.00, NULL, NULL, NULL, '2023-05-09 19:43:43', '2023-05-09 19:43:43'),
(159, 64, 83, 'Admin', 'Retail', 4, '2023-05-10', 0.00, 0.00, 0.00, 0.00, 1, 0.00, 0.00, NULL, NULL, NULL, '2023-05-10 15:29:10', '2023-05-10 15:29:10'),
(160, 63, 89, 'Admin', 'Retail', 4, '2023-05-10', 0.00, 0.00, 0.00, 4800.00, 1, 0.00, 4800.00, NULL, NULL, NULL, '2023-05-10 20:12:29', '2023-05-10 20:12:29'),
(161, 64, 91, 'Admin', 'Retail', 5, '2023-05-11', 1.30, 100.00, 200.00, 7600.00, 1, 5000.00, 2600.00, NULL, NULL, NULL, '2023-05-12 03:47:40', '2023-05-12 03:47:40'),
(162, 64, 91, 'Admin', 'Retail', 6, '2023-05-11', 1.30, 100.00, 200.00, 7600.00, 1, 5000.00, 2600.00, NULL, NULL, NULL, '2023-05-12 03:47:40', '2023-05-12 03:47:40'),
(163, 64, 83, 'Admin', 'Retail', 7, '2023-05-12', 0.00, 0.00, 0.00, 0.00, 1, 0.00, 0.00, NULL, NULL, NULL, '2023-05-12 04:27:49', '2023-05-12 04:27:49'),
(164, 64, 91, 'Admin', 'Retail', 8, '2023-05-12', 0.00, 0.00, 200.00, 3900.00, 1, 3000.00, 900.00, NULL, NULL, NULL, '2023-05-13 02:22:59', '2023-05-13 02:22:59'),
(165, 65, 93, 'Admin', 'Retail', 1, '2023-05-15', 0.00, 0.00, 200.00, 9700.00, 1, 700.00, 9000.00, NULL, NULL, NULL, '2023-05-13 19:30:52', '2023-05-15 15:08:58'),
(166, 65, 94, 'Admin', 'Retail', 2, '2023-05-13', 0.00, 0.00, 0.00, 0.00, 1, 0.00, 0.00, NULL, NULL, NULL, '2023-05-13 19:40:12', '2023-05-13 19:41:20'),
(167, 66, 97, 'Admin', 'Retail', 1, '2023-05-17', 2.10, 500.00, 1000.00, 24000.00, 1, 14000.00, 10000.00, NULL, NULL, NULL, '2023-05-18 00:44:06', '2023-05-18 00:44:06'),
(168, 66, 97, 'Admin', 'Retail', 2, '2023-05-18', 1.60, 500.00, 2000.00, 33000.00, 1, 0.00, 33000.00, NULL, NULL, NULL, '2023-05-18 01:27:51', '2023-05-18 21:44:35'),
(169, 66, 98, 'Admin', 'Retail', 3, '2023-05-17', 0.00, 0.00, 0.00, 18000.00, 2, 5000.00, 13000.00, NULL, NULL, NULL, '2023-05-18 02:26:41', '2023-05-18 02:26:41'),
(170, 66, 99, 'Admin', 'Retail', 4, '2023-05-18', 1.10, 200.00, 1500.00, 19500.00, 1, 4500.00, 15000.00, NULL, NULL, NULL, '2023-05-18 20:59:56', '2023-05-18 20:59:56'),
(171, 67, 101, 'Admin', 'Retail', 1, '2023-05-22', 0.00, 0.00, 0.00, 10000.00, 1, 0.00, 10000.00, NULL, NULL, NULL, '2023-05-22 04:31:40', '2023-05-22 13:33:21'),
(172, 68, 103, 'Admin', 'Retail', 1, '2023-05-22', 5.00, 200.00, 20.00, 3820.00, 1, 0.00, 3820.00, NULL, NULL, NULL, '2023-05-22 15:41:00', '2023-05-22 15:41:00'),
(173, 48, 62, 'Admin', 'Retail', 9, '2023-05-22', 0.00, 0.00, 0.00, 175518.00, 1, 0.00, 175518.00, NULL, NULL, NULL, '2023-05-22 22:16:38', '2023-05-22 22:16:38'),
(174, 71, 105, 'Admin', 'Retail', 1, '2023-05-23', 0.00, 0.00, 1000.00, 14000.00, 1, 4000.00, 10000.00, NULL, NULL, NULL, '2023-05-23 17:40:12', '2023-05-23 17:40:12'),
(175, 71, 105, 'Admin', 'Retail', 2, '2023-05-23', 0.00, 0.00, 1000.00, 14000.00, 1, 4000.00, 10000.00, NULL, NULL, NULL, '2023-05-23 17:40:13', '2023-05-23 17:40:13'),
(176, 71, 107, 'Admin', 'Retail', 3, '2023-05-24', 0.00, 0.00, 0.00, 7500.00, 1, 0.00, 7500.00, NULL, NULL, NULL, '2023-05-24 14:57:26', '2023-05-24 14:57:26'),
(177, 71, 108, 'Admin', 'Retail', 4, '2023-05-25', 0.00, 0.00, 0.00, 22000.00, 1, 2000.00, 20000.00, NULL, '400', NULL, '2023-05-26 02:24:58', '2023-05-26 02:24:58'),
(178, 71, 108, 'Admin', 'Retail', 5, '2023-05-25', 0.00, 0.00, 0.00, 0.00, 1, 0.00, 0.00, NULL, NULL, NULL, '2023-05-26 02:24:59', '2023-05-26 02:25:36'),
(179, 71, 109, 'Admin', 'Retail', 6, '2023-05-25', 0.00, 0.00, 0.00, 12000.00, 1, 2000.00, 10000.00, NULL, NULL, NULL, '2023-05-26 02:32:42', '2023-05-26 02:32:42'),
(180, 73, 111, 'Admin', 'Retail', 1, '2023-05-26', 7.70, 1000.00, 2000.00, 14000.00, 1, 4000.00, 10000.00, NULL, NULL, NULL, '2023-05-27 00:00:49', '2023-05-27 00:00:49'),
(181, 73, 112, 'Admin', 'Retail', 2, '2023-05-29', 0.00, 0.00, 0.00, 14000.00, 1, 6000.00, 8000.00, NULL, NULL, NULL, '2023-05-27 00:34:36', '2023-05-29 23:34:08'),
(182, 48, 62, 'Admin', 'Retail', 10, '2023-05-29', 10.00, 590.80, 0.00, 5317.20, 1, 0.00, 5317.20, NULL, NULL, NULL, '2023-05-29 18:21:12', '2023-05-29 18:21:12'),
(183, 65, 139, 'Admin', 'Retail', 3, '2023-06-28', 0.00, 0.00, 0.00, 15000.00, 1, 10000.00, 5000.00, NULL, NULL, NULL, '2023-06-28 11:35:01', '2023-06-28 11:35:01'),
(184, 65, 140, 'Admin', 'Retail', 4, '2023-07-15', 0.00, 0.00, 2000.00, 12000.00, 1, 10000.00, 2000.00, NULL, NULL, NULL, '2023-07-15 09:36:15', '2023-07-15 09:36:15'),
(185, 164, 147, 'Admin', 'Retail', 1, '2023-08-05', 0.00, 0.00, 0.00, 10000.00, 1, 8000.00, 2000.00, NULL, NULL, NULL, '2023-08-05 09:12:26', '2023-08-05 09:12:26'),
(186, 164, 148, 'majhar', 'Retail', 2, '2023-08-08', 0.00, 0.00, 0.00, 24000.00, 1, 0.00, 24000.00, NULL, NULL, NULL, '2023-08-08 08:22:39', '2023-08-08 08:22:39'),
(187, 164, 158, 'majhar', 'Retail', 3, '2023-08-19', 0.00, 0.00, 0.00, 15000.00, 1, 10000.00, 5000.00, NULL, '527', NULL, '2023-08-19 11:27:20', '2023-08-19 11:27:20'),
(188, 205, 169, 'Admin', 'Retail', 1, '2023-08-24', 0.00, 0.00, 0.00, 62.50, 1, 62.50, 0.00, NULL, NULL, NULL, '2023-08-24 11:00:02', '2023-08-24 11:00:02'),
(189, 164, 170, 'majhar', 'Retail', 4, '2023-08-24', 0.00, 0.00, 0.00, 27000.00, 1, 0.00, 27000.00, NULL, NULL, NULL, '2023-08-24 13:01:23', '2023-08-24 13:01:23'),
(190, 164, 171, 'majhar', 'Retail', 5, '2023-08-24', 0.00, 0.00, 0.00, 27000.00, 1, 0.00, 27000.00, NULL, NULL, NULL, '2023-08-24 13:03:19', '2023-08-24 13:03:19'),
(191, 164, 172, 'majhar', 'Retail', 6, '2023-08-24', 0.00, 0.00, 0.00, 9000.00, 1, 0.00, 9000.00, NULL, NULL, NULL, '2023-08-24 13:05:22', '2023-08-24 13:05:22'),
(192, 164, 173, 'majhar', 'Retail', 7, '2023-08-24', 0.00, 0.00, 0.00, 10000.00, 1, 0.00, 10000.00, NULL, NULL, NULL, '2023-08-24 13:06:52', '2023-08-24 13:06:52'),
(193, 164, 173, 'majhar', 'Retail', 8, '2023-08-24', 1.20, 25.00, 0.00, 2000.00, 1, 2000.00, 0.00, NULL, NULL, NULL, '2023-08-24 14:13:03', '2023-08-24 14:13:03'),
(194, 164, 175, 'majhar', 'Retail', 9, '2023-08-29', 0.00, 0.00, 0.00, 10000.00, 1, 5000.00, 5000.00, NULL, NULL, NULL, '2023-08-29 08:23:32', '2023-08-29 08:23:32'),
(195, 207, 177, 'Admin', 'Retail', 1, '2023-08-29', 0.00, 0.00, 0.00, 75000.00, 1, 50000.00, 25000.00, NULL, NULL, NULL, '2023-08-29 08:53:17', '2023-08-29 08:53:17'),
(196, 164, 145, 'majhar', 'Retail', 10, '2023-08-30', 0.00, 0.00, 0.00, 5580.00, 1, 5580.00, 0.00, NULL, NULL, NULL, '2023-08-30 05:18:16', '2023-08-30 05:18:16'),
(197, 164, 173, 'majhar', 'Retail', 11, '2023-08-30', 0.00, 0.00, 0.00, 100000.00, 1, 50000.00, 50000.00, NULL, NULL, NULL, '2023-08-30 06:11:22', '2023-08-30 06:11:22'),
(198, 164, 145, 'majhar', 'Retail', 12, '2023-08-30', 0.00, 0.00, 0.00, 10560.00, 2, 10560.00, 0.00, NULL, NULL, NULL, '2023-08-30 12:58:45', '2023-08-30 12:58:45'),
(199, 164, 179, 'majhar', 'Retail', 13, '2023-08-30', 4.00, 10000.00, 0.00, 240000.00, 1, 40000.00, 200000.00, NULL, NULL, NULL, '2023-08-30 13:13:57', '2023-08-30 13:13:57'),
(200, 164, 179, 'majhar', 'Retail', 14, '2023-08-30', 0.00, 0.00, 0.00, 9000.00, 1, 0.00, 9000.00, NULL, NULL, NULL, '2023-08-30 13:17:52', '2023-08-30 13:17:52'),
(201, 164, 145, 'majhar', 'Retail', 15, '2023-08-31', 0.00, 0.00, 0.00, 0.00, 1, 0.00, 0.00, NULL, NULL, NULL, '2023-08-31 17:39:34', '2023-08-31 17:39:34'),
(202, 164, 145, 'majhar', 'Retail', 16, '2023-08-31', 0.00, 0.00, 0.00, 0.00, 1, 0.00, 0.00, NULL, NULL, NULL, '2023-08-31 17:40:15', '2023-08-31 17:40:15'),
(203, 164, 145, 'majhar', 'Retail', 17, '2023-09-02', 0.00, 0.00, 0.00, 0.00, 1, 0.00, 0.00, NULL, NULL, NULL, '2023-09-02 14:20:41', '2023-09-02 14:20:41'),
(204, 164, 175, 'majhar', 'Retail', 18, '2023-09-05', 0.00, 0.00, 0.00, 874047.68, 2, 0.00, 874047.68, NULL, NULL, NULL, '2023-09-05 05:35:47', '2023-09-05 05:35:47'),
(205, 164, 148, 'majhar', 'Retail', 19, '2023-09-05', 0.00, 0.00, 0.00, 16330.00, 2, 0.00, 16330.00, NULL, NULL, NULL, '2023-09-05 05:36:38', '2023-09-05 05:36:38'),
(206, 164, 147, 'majhar', 'Retail', 20, '2023-09-05', 0.00, 0.00, 0.00, 32360.00, 1, 30000.00, 2360.00, NULL, NULL, NULL, '2023-09-05 05:37:46', '2023-09-05 05:37:46'),
(207, 164, 147, 'majhar', 'Retail', 21, '2023-09-05', 0.00, 0.00, 0.00, 32360.00, 1, 30000.00, 2360.00, NULL, NULL, NULL, '2023-09-05 05:37:47', '2023-09-05 05:37:47'),
(208, 164, 158, 'majhar', 'Retail', 22, '2023-09-05', 0.00, 0.00, 0.00, 30000.00, 2, 30000.00, 0.00, NULL, NULL, NULL, '2023-09-05 05:39:07', '2023-09-05 05:39:07'),
(209, 164, 183, 'majhar', 'Retail', 23, '2023-09-07', 0.00, 0.00, 0.00, 13000.00, 1, 10000.00, 3000.00, NULL, NULL, NULL, '2023-09-07 02:48:49', '2023-09-07 02:48:49'),
(210, 164, 183, 'majhar', 'Retail', 24, '2023-09-07', 0.00, 0.00, 0.00, 0.00, 1, 0.00, 0.00, NULL, NULL, NULL, '2023-09-07 02:48:49', '2023-09-07 02:51:02'),
(211, 60, 80, 'Admin', 'Retail', 6, '2023-09-14', 0.00, 0.00, 0.00, 2170.00, 1, 0.00, 2170.00, NULL, NULL, NULL, '2023-09-14 10:13:36', '2023-09-14 10:13:36'),
(212, 60, 80, 'Admin', 'Retail', 7, '2023-09-14', 0.00, 0.00, 0.00, 2170.00, 1, 0.00, 2170.00, NULL, NULL, NULL, '2023-09-14 10:13:36', '2023-09-14 10:13:36'),
(213, 60, 80, 'Admin', 'Retail', 8, '2023-09-14', 0.00, 0.00, 0.00, 2475.00, 1, 0.00, 2475.00, NULL, NULL, NULL, '2023-09-14 10:27:41', '2023-09-14 10:31:15'),
(214, 60, 74, 'Admin', 'Retail', 9, '2023-09-14', 0.00, 0.00, 0.00, 6510.00, 1, 0.00, 6510.00, NULL, NULL, NULL, '2023-09-14 10:31:52', '2023-09-14 10:31:52'),
(215, 60, 74, 'Admin', 'Retail', 10, '2023-09-14', 0.00, 0.00, 0.00, 400.00, 4, 0.00, 400.00, NULL, NULL, NULL, '2023-09-14 10:32:26', '2023-09-14 10:32:26'),
(216, 60, 74, 'Admin', 'Retail', 11, '2023-09-14', 0.00, 0.00, 0.00, 400.00, 4, 0.00, 400.00, NULL, NULL, NULL, '2023-09-14 10:32:26', '2023-09-14 10:32:26'),
(217, 60, 80, 'Admin', 'Retail', 12, '2023-09-14', 0.00, 0.00, 0.00, 8597.60, 3, 0.00, 8597.60, NULL, NULL, NULL, '2023-09-14 10:33:10', '2023-09-14 10:33:10'),
(218, 60, 80, 'Admin', 'Retail', 13, '2023-09-14', 0.00, 0.00, 0.00, 17195.20, 3, 2000.00, 15195.20, NULL, NULL, NULL, '2023-09-14 12:29:11', '2023-09-14 12:29:11'),
(219, 164, 185, 'majhar', 'Retail', 25, '2023-09-20', 0.00, 0.00, 0.00, 99470.00, 1, 9470.00, 90000.00, NULL, NULL, NULL, '2023-09-20 06:43:00', '2023-09-20 06:43:00'),
(220, 164, 185, 'majhar', 'Retail', 26, '2023-09-20', 0.00, 0.00, 0.00, 99470.00, 1, 9470.00, 90000.00, NULL, NULL, NULL, '2023-09-20 06:43:00', '2023-09-20 06:43:00'),
(221, 164, 184, 'majhar', 'Retail', 27, '2023-09-20', 0.00, 0.00, 0.00, 8575.00, 1, 8000.00, 575.00, NULL, NULL, NULL, '2023-09-20 11:03:23', '2023-09-20 11:03:23'),
(222, 164, 184, 'majhar', 'Retail', 27, '2023-09-20', 0.00, 0.00, 0.00, 8575.00, 1, 8000.00, 575.00, NULL, NULL, NULL, '2023-09-20 11:03:23', '2023-09-20 11:03:23'),
(223, 164, 186, 'majhar', 'Retail', 28, '2023-09-20', 0.00, 0.00, 0.00, 62940.00, 1, 50000.00, 12940.00, NULL, NULL, NULL, '2023-09-20 14:08:36', '2023-09-20 14:08:36'),
(224, 164, 186, 'majhar', 'Retail', 29, '2023-09-20', 0.00, 0.00, 0.00, 39960.00, 1, 30000.00, 9960.00, NULL, NULL, NULL, '2023-09-20 14:09:39', '2023-09-20 14:09:39'),
(225, 164, 186, 'majhar', 'Retail', 30, '2023-09-21', 0.00, 0.00, 0.00, 390120.00, 23, 0.00, 390120.00, NULL, NULL, NULL, '2023-09-21 13:08:23', '2023-09-21 13:08:23'),
(226, 164, 145, 'majharul islam', 'Retail', 31, '2023-09-22', 0.00, 0.00, 0.00, 10000.00, 2, 10000.00, 0.00, NULL, NULL, NULL, '2023-09-22 14:45:59', '2023-09-22 14:45:59');

-- --------------------------------------------------------

--
-- Table structure for table `purchase_details`
--

CREATE TABLE `purchase_details` (
  `id` bigint(20) UNSIGNED NOT NULL,
  `purchase_id` bigint(20) UNSIGNED NOT NULL,
  `product_id` bigint(20) UNSIGNED NOT NULL,
  `name` varchar(255) NOT NULL,
  `type` varchar(98) NOT NULL DEFAULT 'product',
  `quantity` int(10) UNSIGNED NOT NULL,
  `unit_price` decimal(8,2) NOT NULL,
  `buying_price` decimal(8,2) NOT NULL,
  `vat` decimal(8,2) DEFAULT NULL,
  `vat_price` decimal(8,2) DEFAULT NULL,
  `warrenty` varchar(255) DEFAULT NULL,
  `product_quantity_type` tinyint(1) NOT NULL DEFAULT 1 COMMENT '0=old,1=new',
  `created_at` timestamp NULL DEFAULT NULL,
  `updated_at` timestamp NULL DEFAULT NULL
) ENGINE=InnoDB DEFAULT CHARSET=utf8mb4 COLLATE=utf8mb4_unicode_ci;

--
-- Dumping data for table `purchase_details`
--

INSERT INTO `purchase_details` (`id`, `purchase_id`, `product_id`, `name`, `type`, `quantity`, `unit_price`, `buying_price`, `vat`, `vat_price`, `warrenty`, `product_quantity_type`, `created_at`, `updated_at`) VALUES
(7, 5, 6, '5 banana', 'product', 500, 15.00, 10.00, NULL, NULL, '3 day', 1, '2023-02-23 20:38:35', '2023-02-23 20:38:35'),
(21, 19, 20, 'sosha', 'product', 1000, 14.00, 10.00, NULL, NULL, '5 month', 1, '2023-02-25 20:03:40', '2023-02-25 20:03:40'),
(23, 21, 5, '4 kamala', 'product', 40, 60.00, 40.00, NULL, NULL, '3 day', 1, '2023-02-27 19:18:54', '2023-02-27 19:18:54'),
(24, 22, 23, 'bicycle 500', 'product', 10, 18000.00, 15000.00, NULL, NULL, '1 day', 1, '2023-02-27 19:48:12', '2023-02-27 19:58:14'),
(25, 23, 26, 'Kurti long', 'product', 20, 3000.00, 2000.00, NULL, NULL, '10 month', 1, '2023-02-28 03:53:14', '2023-02-28 03:53:14'),
(26, 23, 27, 'three peace', 'product', 30, 2000.00, 1500.00, NULL, NULL, '6 month', 1, '2023-02-28 03:53:14', '2023-02-28 03:53:14'),
(27, 24, 26, 'Kurti long', 'product', 30, 3200.00, 2200.00, NULL, NULL, '10 month', 1, '2023-02-28 04:18:12', '2023-02-28 04:18:12'),
(28, 25, 27, 'three peace', 'product', 50, 3000.00, 2000.00, NULL, NULL, '6 year', 1, '2023-02-28 04:50:07', '2023-02-28 04:50:07'),
(29, 26, 23, 'bicycle 500', 'product', 6, 18000.00, 15000.00, NULL, NULL, '1 day', 1, '2023-03-01 18:50:55', '2023-03-01 18:50:55'),
(31, 28, 34, 'Mac book Pro 12', 'product', 10, 30000.00, 20000.00, NULL, NULL, '3 day', 1, '2023-03-02 16:03:18', '2023-03-02 16:03:18'),
(34, 29, 35, 'Mac book Pro 14', 'product', 10, 30000.00, 2000.00, NULL, NULL, '3 day', 1, '2023-03-02 16:11:27', '2023-03-02 16:11:27'),
(35, 29, 36, 'hp laptop 12 hour backup', 'product', 10, 7000.00, 5000.00, NULL, NULL, '3 day', 1, '2023-03-02 16:11:27', '2023-03-02 16:11:27'),
(36, 30, 37, 'new software', 'product', 2, 150000.00, 100000.00, NULL, NULL, '3 day', 1, '2023-03-02 16:18:17', '2023-03-02 16:18:17'),
(37, 30, 34, 'Mac book Pro 12', 'product', 10, 30000.00, 20000.00, NULL, NULL, '3 day', 1, '2023-03-02 16:18:17', '2023-03-02 16:18:17'),
(38, 30, 24, 'bicycle handle', 'product', 10, 600.00, 500.00, NULL, NULL, '1 day', 1, '2023-03-02 16:18:17', '2023-03-02 16:18:17'),
(39, 30, 35, 'Mac book Pro 14', 'product', 10, 30000.00, 2000.00, NULL, NULL, '3 day', 1, '2023-03-02 16:18:17', '2023-03-02 16:18:17'),
(45, 31, 26, 'Kurti long', 'product', 30, 3500.00, 2200.00, NULL, NULL, '10 day', 1, '2023-03-02 19:22:38', '2023-03-02 19:22:38'),
(46, 32, 26, 'Kurti long', 'product', 22, 3400.00, 2000.00, NULL, NULL, '10 day', 1, '2023-03-02 19:23:59', '2023-03-02 19:29:54'),
(47, 33, 24, 'bicycle handle', 'product', 20, 600.00, 500.00, NULL, NULL, '1 day', 1, '2023-03-02 22:14:23', '2023-03-02 22:14:23'),
(54, 34, 24, 'bicycle handle', 'product', 20, 550.00, 500.00, NULL, NULL, '1 day', 1, '2023-03-02 22:39:28', '2023-03-02 22:39:28'),
(55, 34, 32, 'blezer blue 48', 'product', 100, 7000.00, 6000.00, NULL, NULL, '10 day', 1, '2023-03-02 22:39:28', '2023-03-02 22:39:28'),
(56, 34, 26, 'Kurti long', 'product', 30, 3400.00, 2000.00, NULL, NULL, '10 day', 1, '2023-03-02 22:39:28', '2023-03-02 22:39:28'),
(59, 35, 24, 'bicycle handle', 'product', 20, 550.00, 450.00, NULL, NULL, '1 day', 1, '2023-03-02 23:03:05', '2023-03-03 03:15:22'),
(63, 39, 9, '8. Apple', 'product', 2, 250.00, 100.00, NULL, NULL, NULL, 1, '2023-03-21 03:39:53', '2023-03-21 03:39:53'),
(64, 39, 10, '9. Law', 'product', 2, 70.00, 100.00, NULL, NULL, NULL, 1, '2023-03-21 03:39:53', '2023-03-21 03:39:53'),
(65, 39, 11, 'Peyara', 'product', 2, 55.00, 100.00, NULL, NULL, NULL, 1, '2023-03-21 03:39:53', '2023-03-21 03:39:53'),
(66, 52, 42, '44 kamala', 'product', 40, 60.00, 40.00, 10.00, NULL, 'day', 1, '2023-03-21 05:14:50', '2023-03-21 05:14:50'),
(68, 53, 42, '44 kamala', 'product', 20, 60.00, 40.00, 10.00, NULL, 'day', 1, '2023-03-21 05:32:13', '2023-03-21 05:32:13'),
(69, 53, 44, '44 kola', 'product', 40, 60.00, 40.00, 10.00, NULL, 'day', 1, '2023-03-21 05:32:13', '2023-03-21 05:32:13'),
(70, 56, 1, '1 Alu', 'product', 30, 22.00, 15.00, 13.60, 3.00, 'day', 1, '2023-03-21 12:41:53', '2023-03-21 12:41:53'),
(74, 58, 45, '33 Golap', 'product', 80, 50.00, 30.00, NULL, 0.00, '', 1, '2023-03-22 03:40:44', '2023-03-22 03:40:44'),
(75, 58, 46, '56 Calander', 'product', 100, 12.00, 5.00, NULL, 0.00, '', 1, '2023-03-22 03:40:44', '2023-03-22 03:40:44'),
(76, 57, 1, '1 Alu', 'product', 30, 22.00, 15.00, 13.60, 3.00, 'day', 1, '2023-03-22 03:42:50', '2023-03-22 03:42:50'),
(77, 59, 1, '1 Alu', 'product', 40, 60.00, 40.00, 10.00, NULL, 'day', 1, '2023-03-22 05:39:39', '2023-03-22 05:39:39'),
(78, 60, 2, '2 Potol', 'product', 200, 50.00, 30.00, 15.00, NULL, 'day', 1, '2023-03-22 10:30:54', '2023-03-22 10:30:54'),
(79, 61, 3, '3 Kumra', 'product', 200, 70.00, 50.00, NULL, NULL, 'day', 1, '2023-03-27 04:19:10', '2023-03-27 04:19:10'),
(80, 62, 6, '5 banana', 'product', 100, 15.00, 10.00, NULL, NULL, 'day', 1, '2023-03-27 08:33:48', '2023-03-27 08:33:48'),
(81, 63, 8, '7. Komla', 'product', 10, 55.00, 40.00, NULL, NULL, 'day', 1, '2023-03-27 08:36:42', '2023-03-27 08:36:42'),
(82, 64, 5, '4 kamala', 'product', 80, 60.00, 40.00, 10.00, NULL, 'day', 1, '2023-03-29 06:28:43', '2023-03-29 06:28:43'),
(83, 65, 47, 'Alu', 'product', 20, 30.00, 20.00, NULL, 0.00, '', 1, '2023-03-30 13:08:24', '2023-03-30 13:08:24'),
(84, 66, 49, 'Banana', 'product', 120, 10.00, 5.00, NULL, 0.00, '', 1, '2023-04-01 05:50:11', '2023-04-01 05:50:11'),
(85, 66, 47, 'Alu', 'product', 20, 30.00, 20.00, NULL, 0.00, '', 1, '2023-04-01 05:50:11', '2023-04-01 05:50:11'),
(86, 69, 50, 'pakisthani Kurti vol 3', 'product', 50, 3000.00, 2000.00, 10.00, 270.00, '', 0, '2023-04-03 10:12:31', '2023-04-03 10:12:31'),
(87, 70, 47, 'Alu', 'product', 28, 30.00, 20.00, NULL, 0.00, '', 0, '2023-04-03 10:36:31', '2023-04-03 10:36:31'),
(88, 71, 50, 'pakisthani Kurti vol 3', 'product', 20, 3200.00, 2600.00, 10.00, 272.00, 'day', 0, '2023-04-03 20:11:25', '2023-04-03 20:11:25'),
(89, 80, 50, 'pakisthani Kurti vol 3', 'product', 15, 3200.00, 2600.00, 10.00, 288.00, 'month', 0, '2023-04-09 20:17:23', '2023-04-09 20:17:23'),
(90, 81, 52, 'kanji vorom long', 'product', 20, 3000.00, 2000.00, NULL, 0.00, '', 0, '2023-04-12 10:02:49', '2023-04-12 10:02:49'),
(91, 82, 53, 'Indians Ene\'s 4pcs', 'product', 60, 3500.00, 2500.00, 15.00, 525.00, '', 0, '2023-04-13 08:47:36', '2023-04-13 08:47:36'),
(92, 83, 52, 'kanji vorom long', 'product', 21, 3000.00, 2000.00, NULL, 0.00, '', 0, '2023-04-13 08:51:08', '2023-04-13 08:51:08'),
(93, 87, 54, 'Chaya vithi', 'product', 20, 300.00, 200.00, NULL, 0.00, '', 0, '2023-04-14 10:55:40', '2023-04-14 10:55:40'),
(94, 88, 55, 'Paper', 'product', 50, 2500.00, 2000.00, 1.00, 24.50, '', 1, '2023-04-16 09:16:04', '2023-04-16 09:16:04'),
(95, 88, 56, 'pen', 'product', 20, 120.00, 105.00, 2.50, 2.85, '', 1, '2023-04-16 09:16:04', '2023-04-16 09:16:04'),
(96, 100, 1, '1 Alu', 'product', 40, 60.00, 40.00, 10.00, NULL, 'day', 1, '2023-04-19 01:34:23', '2023-04-19 01:34:23'),
(97, 102, 1, '1 Alu', 'product', 40, 60.00, 40.00, 10.00, NULL, 'day', 1, '2023-04-19 03:05:51', '2023-04-19 03:05:51'),
(98, 109, 50, 'pakisthani Kurti vol 3', 'product', 2, 3200.00, 2600.00, 10.00, 272.00, 'month', 1, '2023-04-19 03:13:08', '2023-04-19 03:13:08'),
(99, 115, 57, 'Rice', 'product', 100, 70.00, 60.00, 2.00, 1.37, '', 1, '2023-04-19 20:09:41', '2023-04-19 20:09:41'),
(100, 116, 58, 'Alu', 'product', 50, 30.00, 20.00, 1.00, 0.29, 'month', 1, '2023-04-19 20:11:30', '2023-04-19 20:11:30'),
(108, 118, 61, 'Mango', 'product', 100, 50.00, 20.00, NULL, 0.00, '', 1, '2023-04-20 00:18:00', '2023-04-20 00:18:00'),
(117, 119, 62, 'Maggu', 'product', 50, 60.00, 40.00, 5.00, 2.85, '', 1, '2023-04-20 00:41:56', '2023-04-20 00:41:56'),
(118, 119, 63, 'Cofffee', 'product', 10, 600.00, 400.00, 2.00, 11.40, '', 1, '2023-04-20 00:41:56', '2023-04-20 00:41:56'),
(119, 120, 61, 'Mango', 'product', 8, 50.00, 20.00, NULL, 0.00, '', 1, '2023-04-20 01:06:53', '2023-04-20 01:06:53'),
(121, 121, 65, 'tt', 'product', 220, 6.00, 2.00, NULL, 0.00, '', 1, '2023-04-20 02:24:36', '2023-04-20 02:24:36'),
(122, 122, 66, 'Rice', 'product', 100, 70.00, 60.00, 2.00, 1.33, '', 1, '2023-04-20 10:06:46', '2023-04-20 10:06:46'),
(123, 123, 67, 'Pepsi 250 ml', 'product', 500, 25.00, 20.00, 1.00, 0.25, '', 1, '2023-04-20 10:23:17', '2023-04-20 10:23:17'),
(124, 123, 68, 'Coca-Cola 500 ML', 'product', 500, 40.00, 35.00, 1.00, 0.40, '', 1, '2023-04-20 10:23:17', '2023-04-20 10:23:17'),
(125, 124, 69, 'Egg', 'product', 5000, 11.00, 9.00, NULL, 0.00, '', 1, '2023-04-20 10:53:24', '2023-04-20 10:53:24'),
(126, 125, 70, 'Darcini', 'product', 10, 600.00, 500.00, 1.00, 5.88, '', 1, '2023-04-20 11:11:07', '2023-04-20 11:11:07'),
(128, 126, 59, 'Muri', 'product', 13, 90.00, 70.00, 5.00, 0.00, 'day', 1, '2023-04-20 11:32:39', '2023-04-20 11:32:39'),
(129, 127, 62, 'Maggu', 'product', 49, 60.00, 40.00, 5.00, 2.85, '', 1, '2023-04-20 11:38:09', '2023-04-20 11:38:09'),
(130, 117, 59, 'Muri', 'product', 20, 90.00, 70.00, NULL, 0.00, 'day', 1, '2023-04-20 11:39:44', '2023-04-20 11:39:44'),
(131, 117, 60, 'Salt', 'product', 25, 60.00, 50.00, NULL, 0.00, '', 1, '2023-04-20 11:39:44', '2023-04-20 11:39:44'),
(132, 128, 71, 'potato', 'product', 50, 25.00, 20.00, 10.00, 2.25, '', 1, '2023-04-24 16:45:52', '2023-04-24 16:45:52'),
(133, 129, 72, 'potato', 'product', 50, 25.00, 20.00, 10.00, 2.25, '', 1, '2023-04-24 16:45:52', '2023-04-24 16:45:52'),
(134, 130, 73, 'potato', 'product', 50, 25.00, 20.00, 10.00, 2.25, '', 1, '2023-04-24 16:45:55', '2023-04-24 16:45:55'),
(135, 132, 66, 'Rice', 'product', 75, 70.00, 60.00, 2.00, 1.33, '', 1, '2023-04-29 08:14:06', '2023-04-29 08:14:06'),
(136, 132, 69, 'Egg', 'product', 4873, 11.00, 9.00, NULL, 0.00, 'day', 1, '2023-04-29 08:14:06', '2023-04-29 08:14:06'),
(137, 133, 74, 'Minicate Rice', 'product', 100, 70.00, 65.00, NULL, 0.00, 'month', 1, '2023-04-29 21:01:33', '2023-04-29 21:01:33'),
(138, 133, 75, 'Atta', 'product', 50, 65.00, 60.00, 2.00, 1.29, 'month', 1, '2023-04-29 21:01:33', '2023-04-29 21:01:33'),
(139, 133, 76, 'Mosur Dal', 'product', 50, 150.00, 130.00, 4.00, 5.88, '', 1, '2023-04-29 21:01:33', '2023-04-29 21:01:33'),
(140, 133, 77, 'Alu', 'product', 100, 36.00, 30.00, 2.00, 0.72, 'month', 1, '2023-04-29 21:01:33', '2023-04-29 21:01:33'),
(141, 134, 78, 'laptop', 'product', 20000, 25000.00, 2.00, NULL, 0.00, '', 1, '2023-04-30 09:02:56', '2023-04-30 09:02:56'),
(142, 135, 79, 'Test product 1', 'product', 50, 30.00, 20.00, 10.00, 2.70, 'month', 1, '2023-04-30 18:45:12', '2023-04-30 18:45:12'),
(143, 135, 80, 'Test product 2', 'product', 30, 15.00, 10.00, 10.00, 1.35, 'year', 1, '2023-04-30 18:45:12', '2023-04-30 18:45:12'),
(144, 136, 81, 'Test product 1', 'product', 50, 30.00, 20.00, 10.00, 2.70, 'month', 1, '2023-05-01 03:40:43', '2023-05-01 03:40:43'),
(145, 136, 82, 'Test product 2', 'product', 60, 40.00, 30.00, 15.00, 5.10, 'year', 1, '2023-05-01 03:40:43', '2023-05-01 03:40:43'),
(146, 137, 81, 'Test product 1', 'product', 70, 35.00, 25.00, 15.00, 4.46, 'year', 1, '2023-05-01 15:23:16', '2023-05-01 15:23:16'),
(147, 137, 82, 'Test product 2', 'product', 40, 50.00, 30.00, 10.00, 4.50, 'month', 1, '2023-05-01 15:23:16', '2023-05-01 15:23:16'),
(154, 138, 81, 'Test product 1', 'product', 72, 48.00, 34.00, 14.00, 5.91, 'year', 1, '2023-05-02 00:48:06', '2023-05-02 00:48:06'),
(155, 138, 82, 'Test product 2', 'product', 43, 46.00, 36.00, 17.00, 6.57, 'year', 1, '2023-05-02 00:48:06', '2023-05-02 00:48:06'),
(159, 139, 83, 'Test product 1', 'product', 60, 70.00, 50.00, 15.00, 9.45, 'year', 1, '2023-05-02 20:52:12', '2023-05-02 20:52:12'),
(160, 139, 84, 'Test product 2', 'product', 30, 50.00, 30.00, 17.00, 7.48, 'year', 1, '2023-05-02 20:52:12', '2023-05-02 20:52:12'),
(161, 139, 85, 'Test product 3', 'product', 40, 60.00, 40.00, 16.00, 8.26, 'year', 1, '2023-05-02 20:52:12', '2023-05-02 20:52:12'),
(162, 140, 83, 'Test product 1', 'product', 50, 65.00, 45.00, 16.00, 9.15, 'year', 1, '2023-05-02 21:11:58', '2023-05-02 21:11:58'),
(163, 140, 84, 'Test product 2', 'product', 30, 50.00, 40.00, 17.00, 7.31, 'year', 1, '2023-05-02 21:11:58', '2023-05-02 21:11:58'),
(164, 140, 85, 'Test product 3', 'product', 40, 70.00, 50.00, 18.00, 10.71, 'year', 1, '2023-05-02 21:11:58', '2023-05-02 21:11:58'),
(167, 141, 83, 'Test product 1', 'product', 20, 70.00, 55.00, 20.00, 11.20, 'year', 1, '2023-05-03 02:05:43', '2023-05-03 02:05:43'),
(168, 141, 86, 'Test product 4', 'product', 40, 72.00, 50.00, 20.00, 12.67, 'year', 1, '2023-05-03 02:05:43', '2023-05-03 02:05:43'),
(169, 142, 87, 'Test product 1', 'product', 30, 30.00, 20.00, 10.00, 2.70, '', 1, '2023-05-04 17:48:02', '2023-05-04 17:48:02'),
(170, 142, 88, 'Test product 2', 'product', 20, 40.00, 30.00, 10.00, 3.60, '', 1, '2023-05-04 17:48:02', '2023-05-04 17:48:02'),
(171, 143, 87, 'Test product 1', 'product', 30, 30.00, 30.00, 10.00, 2.70, '', 1, '2023-05-04 17:50:14', '2023-05-04 17:50:14'),
(172, 143, 88, 'Test product 2', 'product', 20, 40.00, 40.00, 10.00, 3.60, '', 1, '2023-05-04 17:50:14', '2023-05-04 17:50:14'),
(177, 144, 81, 'Test product 1', 'product', 20, 48.00, 27.07, 14.00, 5.91, 'year', 1, '2023-05-04 20:26:56', '2023-05-04 20:26:56'),
(178, 144, 82, 'Test product 2', 'product', 10, 46.00, 31.80, 17.00, 6.57, 'year', 1, '2023-05-04 20:26:56', '2023-05-04 20:26:56'),
(179, 145, 90, 'test product 4', 'product', 28, 30.00, 30.00, NULL, 0.00, 'year', 1, '2023-05-04 20:30:10', '2023-05-04 20:30:10'),
(180, 146, 83, 'Test product 1', 'product', 93, 100.00, 48.85, 10.00, 10.00, 'year', 0, '2023-05-06 03:32:43', '2023-05-06 03:32:43'),
(181, 146, 84, 'Test product 2', 'product', 31, 50.00, 35.00, 17.00, 7.31, 'year', 0, '2023-05-06 03:32:43', '2023-05-06 03:32:43'),
(182, 147, 91, 'Test product 5', 'product', 30, 50.00, 20.00, 10.00, 4.10, 'year', 1, '2023-05-06 14:53:16', '2023-05-06 14:53:16'),
(183, 147, 92, 'Test product 6', 'product', 30, 68.00, 40.00, 10.00, 6.12, '', 1, '2023-05-06 14:53:16', '2023-05-06 14:53:16'),
(193, 148, 93, 'Test product 1', 'product', 20, 50.00, 30.00, 10.00, 5.00, '', 1, '2023-05-07 01:18:09', '2023-05-07 01:18:09'),
(194, 148, 94, 'Test product 2', 'product', 200, 40.00, 30.00, 18.00, 6.48, '', 1, '2023-05-07 01:18:09', '2023-05-07 01:18:09'),
(195, 148, 95, 'Test product 3', 'product', 200, 40.00, 30.00, NULL, 0.00, '', 1, '2023-05-07 01:18:09', '2023-05-07 01:18:09'),
(196, 149, 96, 'Test product 1', 'product', 50, 30.00, 50.00, NULL, 0.00, '', 1, '2023-05-07 04:18:23', '2023-05-07 04:18:23'),
(197, 149, 97, 'Test product 2', 'product', 60, 40.00, 30.00, NULL, 0.00, '', 1, '2023-05-07 04:18:23', '2023-05-07 04:18:23'),
(198, 150, 98, 'Test product 3', 'product', 50, 60.00, 50.00, 15.00, 8.10, 'month', 1, '2023-05-07 15:10:35', '2023-05-07 15:10:35'),
(199, 150, 99, 'Test product 4', 'product', 100, 15.00, 10.00, 10.00, 1.35, 'year', 1, '2023-05-07 15:10:35', '2023-05-07 15:10:35'),
(200, 150, 100, 'Test product 5', 'product', 200, 10.00, 5.00, 10.00, 0.90, '', 1, '2023-05-07 15:10:35', '2023-05-07 15:10:35'),
(205, 151, 101, 'Test product 4', 'product', 50, 30.00, 20.00, 15.00, 4.05, '', 1, '2023-05-07 17:15:19', '2023-05-07 17:15:19'),
(206, 151, 102, 'Test product 5', 'product', 50, 15.00, 10.00, 15.00, 2.02, '', 1, '2023-05-07 17:15:19', '2023-05-07 17:15:19'),
(207, 152, 66, 'Rice', 'product', 10, 70.00, 43.00, 2.00, 1.33, 'day', 1, '2023-05-07 17:55:01', '2023-05-07 17:55:01'),
(208, 156, 69, 'Egg', 'product', 9746, 11.00, 9.00, NULL, 0.00, 'day', 1, '2023-05-07 19:27:55', '2023-05-07 19:27:55'),
(209, 157, 99, 'Test product 4', 'product', 99, 15.00, 120.00, 10.00, 1.35, 'year', 1, '2023-05-09 03:05:43', '2023-05-09 03:05:43'),
(210, 158, 93, 'Test product 1', 'product', 15, 70.00, 60.00, 10.00, 6.30, 'year', 1, '2023-05-09 19:43:43', '2023-05-09 19:43:43'),
(211, 158, 101, 'Test product 4', 'product', 50, 40.00, 30.00, 15.00, 5.40, 'month', 1, '2023-05-09 19:43:43', '2023-05-09 19:43:43'),
(212, 158, 102, 'Test product 5', 'product', 50, 30.00, 20.00, 15.00, 4.05, 'year', 1, '2023-05-09 19:43:43', '2023-05-09 19:43:43'),
(213, 159, 96, 'Test product 1', 'product', 48, 60.00, 50.00, 15.00, 9.00, 'month', 0, '2023-05-10 15:29:10', '2023-05-10 15:29:10'),
(214, 160, 103, 'Test product 6', 'product', 50, 30.00, 20.00, 10.00, 2.70, '', 1, '2023-05-10 20:12:29', '2023-05-10 20:12:29'),
(215, 160, 104, 'Test product 7', 'product', 100, 40.00, 38.00, 12.00, 4.22, '', 1, '2023-05-10 20:12:29', '2023-05-10 20:12:29'),
(216, 161, 105, 'Test product 8', 'product', 50, 40.00, 30.00, 15.00, 5.40, '', 1, '2023-05-12 03:47:40', '2023-05-12 03:47:40'),
(217, 161, 106, 'Test product 9', 'product', 300, 30.00, 20.00, 15.00, 4.05, '', 1, '2023-05-12 03:47:40', '2023-05-12 03:47:40'),
(218, 162, 107, 'Test product 8', 'product', 50, 40.00, 30.00, 15.00, 5.40, '', 1, '2023-05-12 03:47:40', '2023-05-12 03:47:40'),
(219, 162, 108, 'Test product 9', 'product', 300, 30.00, 20.00, 15.00, 4.05, '', 1, '2023-05-12 03:47:40', '2023-05-12 03:47:40'),
(220, 163, 96, 'Test product 1', 'product', 100, 60.00, 50.00, 15.00, 9.00, 'month', 0, '2023-05-12 04:27:49', '2023-05-12 04:27:49'),
(221, 164, 107, 'Test product 8', 'product', 40, 45.00, 30.00, 10.00, 3.83, 'year', 1, '2023-05-13 02:22:59', '2023-05-13 02:22:59'),
(222, 164, 98, 'Test product 3', 'product', 50, 60.00, 50.00, 15.00, 8.10, 'month', 1, '2023-05-13 02:22:59', '2023-05-13 02:22:59'),
(236, 165, 110, 'Test product 1', 'product', 100, 30.00, 45.00, 20.00, 4.80, '', 1, '2023-05-15 15:10:05', '2023-05-15 15:10:05'),
(237, 165, 111, 'Test product 2', 'product', 200, 35.00, 25.00, 10.00, 3.15, '', 1, '2023-05-15 15:10:05', '2023-05-15 15:10:05'),
(238, 167, 112, 'Test product 1', 'product', 200, 30.00, 20.00, 15.00, 4.05, 'year', 1, '2023-05-18 00:44:06', '2023-05-18 00:44:06'),
(239, 167, 113, 'Test product 2', 'product', 250, 40.00, 30.00, 15.00, 5.40, 'year', 1, '2023-05-18 00:44:06', '2023-05-18 00:44:06'),
(240, 167, 114, 'Test product 3', 'product', 300, 50.00, 40.00, 15.00, 6.75, 'month', 1, '2023-05-18 00:44:06', '2023-05-18 00:44:06'),
(244, 169, 114, 'Test product 3', 'product', 200, 50.00, 30.00, 30.00, 13.05, 'month', 1, '2023-05-18 02:26:41', '2023-05-18 02:26:41'),
(245, 169, 115, 'Test product 4', 'product', 300, 52.00, 40.00, 17.00, 7.60, '', 1, '2023-05-18 02:26:41', '2023-05-18 02:26:41'),
(246, 170, 112, 'Test product 1', 'product', 400, 40.00, 28.00, 12.00, 3.84, 'year', 1, '2023-05-18 20:59:56', '2023-05-18 20:59:56'),
(247, 170, 117, 'Test product 5', 'product', 200, 50.00, 35.00, 18.00, 8.10, 'month', 1, '2023-05-18 20:59:56', '2023-05-18 20:59:56'),
(248, 168, 113, 'Test product 2', 'product', 500, 60.00, 45.00, 15.00, 8.10, 'year', 1, '2023-05-18 21:44:35', '2023-05-18 21:44:35'),
(249, 168, 114, 'Test product 3', 'product', 300, 50.00, 30.00, 15.00, 6.00, 'month', 1, '2023-05-18 21:44:35', '2023-05-18 21:44:35'),
(251, 171, 118, 'Test 1', 'product', 200, 80.00, 50.00, NULL, 0.00, '', 1, '2023-05-22 13:33:21', '2023-05-22 13:33:21'),
(252, 172, 119, 'Potato', 'product', 50, 35.00, 20.00, 5.00, 1.66, '', 1, '2023-05-22 15:41:00', '2023-05-22 15:41:00'),
(253, 172, 120, 'Lux Soap', 'product', 50, 75.00, 60.00, 5.00, 3.53, '', 1, '2023-05-22 15:41:00', '2023-05-22 15:41:00'),
(254, 173, 69, 'Egg', 'product', 19502, 11.00, 9.00, NULL, 0.00, 'day', 1, '2023-05-22 22:16:38', '2023-05-22 22:16:38'),
(255, 174, 121, 'Test product 1', 'product', 200, 30.00, 20.00, 15.00, 4.05, 'year', 1, '2023-05-23 17:40:12', '2023-05-23 17:40:12'),
(256, 174, 122, 'Test product 2', 'product', 300, 40.00, 30.00, 25.00, 8.00, 'year', 1, '2023-05-23 17:40:12', '2023-05-23 17:40:12'),
(257, 175, 123, 'Test product 1', 'product', 200, 30.00, 20.00, 15.00, 4.05, 'year', 1, '2023-05-23 17:40:13', '2023-05-23 17:40:13'),
(258, 175, 124, 'Test product 2', 'product', 300, 40.00, 30.00, 25.00, 8.00, 'year', 1, '2023-05-23 17:40:13', '2023-05-23 17:40:13'),
(259, 176, 122, 'Test product 2', 'product', 250, 40.00, 30.00, 25.00, 8.00, 'year', 1, '2023-05-24 14:57:26', '2023-05-24 14:57:26'),
(260, 177, 125, 'Test product 3', 'product', 500, 30.00, 20.00, 15.00, 4.05, 'year', 1, '2023-05-26 02:24:58', '2023-05-26 02:24:58'),
(261, 177, 126, 'Test product 4', 'product', 300, 60.00, 40.00, 15.00, 8.10, 'year', 1, '2023-05-26 02:24:58', '2023-05-26 02:24:58'),
(264, 179, 129, 'Test product 5', 'product', 200, 80.00, 60.00, 15.00, 12.00, '', 1, '2023-05-26 02:32:42', '2023-05-26 02:32:42'),
(265, 180, 130, 'Test product 1', 'product', 200, 40.00, 20.00, 15.00, 5.40, 'year', 1, '2023-05-27 00:00:49', '2023-05-27 00:00:49'),
(266, 180, 131, 'Test product 2', 'product', 300, 50.00, 30.00, 18.00, 7.92, 'year', 1, '2023-05-27 00:00:49', '2023-05-27 00:00:49'),
(271, 182, 66, 'Rice', 'product', 100, 70.00, 59.08, 2.00, 1.33, 'day', 1, '2023-05-29 18:21:12', '2023-05-29 18:21:12'),
(272, 181, 130, 'Test product 1', 'product', 100, 50.00, 20.00, 22.00, 8.80, 'year', 1, '2023-05-29 23:34:08', '2023-05-29 23:34:08'),
(273, 181, 131, 'Test product 2', 'product', 300, 70.00, 40.00, 22.00, 13.24, 'year', 1, '2023-05-29 23:34:08', '2023-05-29 23:34:08'),
(274, 183, 133, 'Test product 3', 'product', 500, 30.00, 20.00, NULL, 0.00, '', 1, '2023-06-28 11:35:01', '2023-06-28 11:35:01'),
(275, 183, 134, 'Test product 4', 'product', 200, 35.00, 25.00, NULL, 0.00, '', 1, '2023-06-28 11:35:01', '2023-06-28 11:35:01'),
(276, 184, 135, 'Test product 5', 'product', 500, 25.00, 20.00, 10.00, 2.50, '', 1, '2023-07-15 09:36:15', '2023-07-15 09:36:15'),
(277, 185, 136, 'Test product 1', 'product', 500, 30.00, 20.00, NULL, 0.00, '', 1, '2023-08-05 09:12:26', '2023-08-05 09:12:26'),
(278, 186, 137, 'Test product 2', 'product', 400, 50.00, 30.00, 15.00, 7.50, '', 1, '2023-08-08 08:22:39', '2023-08-08 08:22:39'),
(279, 186, 138, 'Test product 3', 'product', 300, 60.00, 40.00, NULL, 0.00, '', 1, '2023-08-08 08:22:39', '2023-08-08 08:22:39'),
(280, 187, 139, 'Test product 4', 'product', 500, 50.00, 30.00, NULL, 0.00, '', 1, '2023-08-19 11:27:20', '2023-08-19 11:27:20'),
(281, 188, 140, 'Napa 500 mg', 'product', 50, 1.50, 1.25, NULL, 0.00, '', 1, '2023-08-24 11:00:02', '2023-08-24 11:00:02'),
(282, 189, 141, 'Test product 5', 'product', 300, 70.00, 50.00, NULL, 0.00, '', 1, '2023-08-24 13:01:23', '2023-08-24 13:01:23'),
(283, 189, 142, 'Test product 6', 'product', 600, 30.00, 20.00, NULL, 0.00, '', 1, '2023-08-24 13:01:23', '2023-08-24 13:01:23'),
(284, 190, 143, 'Test product 7', 'product', 500, 40.00, 30.00, NULL, 0.00, '', 1, '2023-08-24 13:03:19', '2023-08-24 13:03:19'),
(285, 190, 144, 'Test product 8', 'product', 300, 50.00, 40.00, NULL, 0.00, '', 1, '2023-08-24 13:03:19', '2023-08-24 13:03:19'),
(286, 191, 145, 'Test product 9', 'product', 200, 50.00, 30.00, NULL, 0.00, '', 1, '2023-08-24 13:05:22', '2023-08-24 13:05:22'),
(287, 191, 146, 'Test product 10', 'product', 150, 30.00, 20.00, NULL, 0.00, '', 1, '2023-08-24 13:05:22', '2023-08-24 13:05:22'),
(288, 192, 147, 'Test product 11', 'product', 200, 40.00, 30.00, NULL, 0.00, '', 1, '2023-08-24 13:06:52', '2023-08-24 13:06:52'),
(289, 192, 148, 'Test product 13', 'product', 200, 30.00, 20.00, NULL, 0.00, '', 1, '2023-08-24 13:06:52', '2023-08-24 13:06:52'),
(290, 193, 149, 'Napa 500 mg tab', 'product', 500, 1.50, 1.25, NULL, 0.00, '', 1, '2023-08-24 14:13:03', '2023-08-24 14:13:03'),
(291, 193, 150, 'Algin 50 mg Tab', 'product', 200, 9.00, 7.00, NULL, 0.00, '', 1, '2023-08-24 14:13:03', '2023-08-24 14:13:03'),
(292, 194, 151, 'ponds cream', 'product', 50, 250.00, 200.00, NULL, 0.00, '', 1, '2023-08-29 08:23:32', '2023-08-29 08:23:32'),
(293, 195, 152, 'Meri', 'product', 500, 60.00, 50.00, NULL, 0.00, '', 1, '2023-08-29 08:53:17', '2023-08-29 08:53:17'),
(294, 195, 153, 'ponds cream', 'product', 200, 300.00, 250.00, NULL, 0.00, '', 1, '2023-08-29 08:53:17', '2023-08-29 08:53:17'),
(295, 196, 136, 'Test product 1', 'product', 279, 40.00, 20.00, NULL, 0.00, 'day', 1, '2023-08-30 05:18:16', '2023-08-30 05:18:16'),
(296, 197, 136, 'Test product 1', 'product', 200, 700.00, 500.00, NULL, 0.00, 'day', 1, '2023-08-30 06:11:22', '2023-08-30 06:11:22'),
(298, 198, 137, 'Test product 2', 'product', 352, 50.00, 30.00, 0.00, 0.00, '', 1, '2023-08-30 12:59:35', '2023-08-30 12:59:35'),
(299, 199, 136, 'Test product 1', 'product', 500, 700.00, 500.00, NULL, 0.00, 'day', 1, '2023-08-30 13:13:57', '2023-08-30 13:13:57'),
(300, 200, 137, 'Test product 2', 'product', 300, 50.00, 30.00, 0.00, 0.00, '', 1, '2023-08-30 13:17:52', '2023-08-30 13:17:52'),
(301, 201, 136, 'Test product 1', 'product', 500, 700.00, 247.18, NULL, 0.00, 'day', 0, '2023-08-31 17:39:34', '2023-08-31 17:39:34'),
(302, 202, 136, 'Test product 1', 'product', 1742, 700.00, 247.18, NULL, 0.00, 'day', 0, '2023-08-31 17:40:15', '2023-08-31 17:40:15'),
(303, 203, 137, 'Test product 2', 'product', 998, 50.00, 30.00, 0.00, 0.00, '', 0, '2023-09-02 14:20:41', '2023-09-02 14:20:41'),
(304, 204, 136, 'Test product 1', 'product', 3476, 700.00, 247.18, NULL, 0.00, 'day', 1, '2023-09-05 05:35:47', '2023-09-05 05:35:47'),
(305, 204, 139, 'Test product 4', 'product', 495, 50.00, 30.00, NULL, 0.00, 'day', 1, '2023-09-05 05:35:47', '2023-09-05 05:35:47'),
(306, 205, 150, 'Algin 50 mg Tab', 'product', 190, 9.00, 7.00, NULL, 0.00, '', 1, '2023-09-05 05:36:38', '2023-09-05 05:36:38'),
(307, 205, 143, 'Test product 7', 'product', 500, 40.00, 30.00, NULL, 0.00, '', 1, '2023-09-05 05:36:38', '2023-09-05 05:36:38'),
(308, 206, 139, 'Test product 4', 'product', 990, 50.00, 30.00, NULL, 0.00, 'day', 1, '2023-09-05 05:37:46', '2023-09-05 05:37:46'),
(309, 206, 150, 'Algin 50 mg Tab', 'product', 380, 9.00, 7.00, NULL, 0.00, '', 1, '2023-09-05 05:37:46', '2023-09-05 05:37:46'),
(310, 207, 139, 'Test product 4', 'product', 990, 50.00, 30.00, NULL, 0.00, 'day', 1, '2023-09-05 05:37:47', '2023-09-05 05:37:47'),
(311, 207, 150, 'Algin 50 mg Tab', 'product', 380, 9.00, 7.00, NULL, 0.00, '', 1, '2023-09-05 05:37:47', '2023-09-05 05:37:47'),
(312, 208, 144, 'Test product 8', 'product', 300, 50.00, 40.00, NULL, 0.00, '', 1, '2023-09-05 05:39:07', '2023-09-05 05:39:07'),
(313, 208, 145, 'Test product 9', 'product', 200, 50.00, 30.00, 15.00, 0.00, '', 1, '2023-09-05 05:39:07', '2023-09-05 05:39:07'),
(314, 208, 148, 'Test product 13', 'product', 600, 30.00, 20.00, NULL, 0.00, '', 1, '2023-09-05 05:39:07', '2023-09-05 05:39:07'),
(315, 209, 146, 'Test product 10', 'product', 150, 30.00, 20.00, NULL, 0.00, '', 1, '2023-09-07 02:48:49', '2023-09-07 02:48:49'),
(316, 209, 148, 'Test product 13', 'product', 500, 30.00, 20.00, NULL, 0.00, '', 1, '2023-09-07 02:48:49', '2023-09-07 02:48:49'),
(319, 211, 84, 'Test product 2', 'product', 62, 50.00, 35.00, 17.00, 7.31, 'year', 1, '2023-09-14 10:13:36', '2023-09-14 10:13:36'),
(320, 212, 84, 'Test product 2', 'product', 62, 50.00, 35.00, 17.00, 7.31, 'year', 1, '2023-09-14 10:13:36', '2023-09-14 10:13:36'),
(321, 213, 85, 'Test product 3', 'product', 55, 70.00, 45.00, 18.00, 10.71, 'year', 1, '2023-09-14 10:31:15', '2023-09-14 10:31:15'),
(322, 213, 85, 'Test product 3', 'product', 55, 70.00, 45.00, 18.00, 10.71, 'year', 1, '2023-09-14 10:31:15', '2023-09-14 10:31:15'),
(323, 214, 84, 'Test product 2', 'product', 186, 50.00, 35.00, 17.00, 7.31, 'year', 1, '2023-09-14 10:31:52', '2023-09-14 10:31:52'),
(324, 215, 91, 'Test product 5', 'product', 20, 50.00, 20.00, 10.00, 4.10, 'year', 1, '2023-09-14 10:32:26', '2023-09-14 10:32:26'),
(325, 216, 91, 'Test product 5', 'product', 20, 50.00, 20.00, 10.00, 4.10, 'year', 1, '2023-09-14 10:32:26', '2023-09-14 10:32:26'),
(326, 217, 83, 'Test product 1', 'product', 176, 100.00, 48.85, 10.00, 10.00, 'year', 1, '2023-09-14 10:33:10', '2023-09-14 10:33:10'),
(327, 218, 83, 'Test product 1', 'product', 352, 100.00, 48.85, 10.00, 10.00, 'year', 1, '2023-09-14 12:29:11', '2023-09-14 12:29:11'),
(328, 219, 138, 'Test product 3', 'product', 260, 60.00, 40.00, NULL, 0.00, '', 1, '2023-09-20 06:43:00', '2023-09-20 06:43:00'),
(329, 219, 139, 'Test product 4', 'product', 2969, 50.00, 30.00, NULL, 0.00, 'day', 1, '2023-09-20 06:43:00', '2023-09-20 06:43:00'),
(330, 220, 138, 'Test product 3', 'product', 260, 60.00, 40.00, NULL, 0.00, '', 1, '2023-09-20 06:43:00', '2023-09-20 06:43:00'),
(331, 220, 139, 'Test product 4', 'product', 2969, 50.00, 30.00, NULL, 0.00, 'day', 1, '2023-09-20 06:43:00', '2023-09-20 06:43:00'),
(332, 221, 149, 'Napa 500 mg tab', 'product', 476, 1.50, 1.25, NULL, 0.00, '', 1, '2023-09-20 11:03:23', '2023-09-20 11:03:23'),
(333, 221, 150, 'Algin 50 mg Tab', 'product', 1140, 9.00, 7.00, NULL, 0.00, '', 1, '2023-09-20 11:03:23', '2023-09-20 11:03:23'),
(334, 222, 149, 'Napa 500 mg tab', 'product', 476, 1.50, 1.25, NULL, 0.00, '', 1, '2023-09-20 11:03:23', '2023-09-20 11:03:23'),
(335, 222, 150, 'Algin 50 mg Tab', 'product', 1140, 9.00, 7.00, NULL, 0.00, '', 1, '2023-09-20 11:03:23', '2023-09-20 11:03:23'),
(336, 223, 137, 'Test product 2', 'product', 1998, 50.00, 30.00, 0.00, 0.00, '', 1, '2023-09-20 14:08:36', '2023-09-20 14:08:36'),
(337, 223, 137, 'Test product 2', 'product', 100, 50.00, 30.00, 0.00, 0.00, '', 1, '2023-09-20 14:08:36', '2023-09-20 14:08:36'),
(338, 224, 138, 'Test product 3', 'product', 600, 60.00, 40.00, NULL, 0.00, '', 1, '2023-09-20 14:09:39', '2023-09-20 14:09:39'),
(339, 224, 150, 'Algin 50 mg Tab', 'product', 2280, 9.00, 7.00, NULL, 0.00, '', 1, '2023-09-20 14:09:39', '2023-09-20 14:09:39'),
(340, 225, 137, 'Test product 2', 'product', 4096, 50.00, 30.00, 0.00, 0.00, '', 1, '2023-09-21 13:08:23', '2023-09-21 13:08:23'),
(341, 225, 139, 'Test product 4', 'product', 8908, 50.00, 30.00, NULL, 0.00, 'day', 1, '2023-09-21 13:08:23', '2023-09-21 13:08:23'),
(342, 226, 136, 'Test product 1', 'product', 200, 700.00, 50.00, NULL, 0.00, 'day', 1, '2023-09-22 14:45:59', '2023-09-22 14:45:59');

-- --------------------------------------------------------

--
-- Table structure for table `purposes`
--

CREATE TABLE `purposes` (
  `id` bigint(20) UNSIGNED NOT NULL,
  `user_id` bigint(20) UNSIGNED NOT NULL,
  `name` varchar(255) NOT NULL,
  `created_at` timestamp NULL DEFAULT NULL,
  `updated_at` timestamp NULL DEFAULT NULL
) ENGINE=InnoDB DEFAULT CHARSET=utf8mb4 COLLATE=utf8mb4_unicode_ci;

--
-- Dumping data for table `purposes`
--

INSERT INTO `purposes` (`id`, `user_id`, `name`, `created_at`, `updated_at`) VALUES
(1, 1, 'Bonus', NULL, '2022-12-27 22:49:56'),
(2, 4, 'Due Collect', NULL, NULL),
(3, 5, 'Bonus', '2022-12-27 22:49:50', '2022-12-27 22:49:50');

-- --------------------------------------------------------

--
-- Table structure for table `return_orders`
--

CREATE TABLE `return_orders` (
  `id` bigint(20) UNSIGNED NOT NULL,
  `user_id` bigint(20) UNSIGNED NOT NULL,
  `customer_id` bigint(20) UNSIGNED NOT NULL,
  `order_id` bigint(20) UNSIGNED NOT NULL,
  `sales_man` varchar(255) NOT NULL,
  `order_type` varchar(255) NOT NULL,
  `invoice_no` bigint(20) UNSIGNED NOT NULL,
  `invoice_date` date NOT NULL,
  `discount` decimal(8,2) DEFAULT NULL,
  `discount_price` decimal(8,2) DEFAULT NULL,
  `vat_price` decimal(8,2) DEFAULT NULL,
  `total` decimal(8,2) NOT NULL,
  `received_amount` decimal(8,2) DEFAULT NULL,
  `payment_type_id` int(10) UNSIGNED DEFAULT NULL,
  `balance` decimal(8,2) DEFAULT NULL,
  `note` varchar(255) DEFAULT NULL,
  `created_at` timestamp NULL DEFAULT NULL,
  `updated_at` timestamp NULL DEFAULT NULL
) ENGINE=InnoDB DEFAULT CHARSET=utf8mb4 COLLATE=utf8mb4_unicode_ci;

--
-- Dumping data for table `return_orders`
--

INSERT INTO `return_orders` (`id`, `user_id`, `customer_id`, `order_id`, `sales_man`, `order_type`, `invoice_no`, `invoice_date`, `discount`, `discount_price`, `vat_price`, `total`, `received_amount`, `payment_type_id`, `balance`, `note`, `created_at`, `updated_at`) VALUES
(1, 5, 13, 4, 'Md Hafiz Al Foisal - 2', 'Retail', 51, '2023-02-16', 0.00, 0.00, 0.00, 25.00, 250.00, 1, -75.00, NULL, '2023-02-16 21:43:37', '2023-02-16 22:00:03'),
(2, 5, 15, 5, 'Md Hafiz Al Foisal - 2', 'Retail', 552, '2023-02-19', 0.00, 0.00, 0.00, 70.00, 250.00, 1, -180.00, NULL, '2023-02-19 21:24:26', '2023-02-23 18:05:29'),
(3, 5, 17, 7, 'Md Hafiz Al Foisal - 2', 'Retail', 553, '2023-02-23', 0.00, 0.00, 0.00, 50.00, 100.00, 2, -32.00, NULL, '2023-02-23 17:32:58', '2023-02-23 17:32:58'),
(4, 5, 3, 17, 'Md Hafiz Al Foisal - 2', 'Retail', 554, '2023-02-24', 0.00, 0.00, 10.00, 190.00, 2000.00, 1, -70.00, NULL, '2023-02-25 16:25:45', '2023-02-25 16:25:45'),
(5, 5, 10, 16, 'Md Hafiz Al Foisal - 2', 'Retail', 555, '2023-02-24', 0.00, 0.00, 0.00, 80.00, 30.00, 1, 3155.00, NULL, '2023-02-25 16:27:31', '2023-02-25 16:27:31'),
(6, 5, 25, 6, 'Md Hafiz Al Foisal - 2', 'Retail', 556, '2023-02-19', 0.00, 0.00, 0.00, 145.00, 95.00, 1, 195.00, NULL, '2023-02-25 16:30:48', '2023-02-25 16:30:48'),
(7, 5, 3, 20, 'Md Hafiz Al Foisal - 2', 'Retail', 557, '2023-02-24', 0.00, 0.00, 0.00, 80.00, 145.00, 1, 5.00, NULL, '2023-02-25 16:31:10', '2023-02-25 16:31:10'),
(8, 5, 11, 19, 'Md Hafiz Al Foisal - 2', 'Retail', 558, '2023-02-24', 0.00, 0.00, 10.00, 35.00, 654.00, 1, -589.00, NULL, '2023-02-25 16:31:23', '2023-02-25 16:31:23'),
(9, 5, 11, 18, 'Md Hafiz Al Foisal - 2', 'Retail', 559, '2023-02-24', 0.00, 0.00, 10.00, 95.00, 369.00, 1, 315.00, NULL, '2023-02-25 16:31:35', '2023-02-25 16:31:35'),
(10, 5, 5, 15, 'Md Hafiz Al Foisal - 2', 'Retail', 560, '2023-02-24', 0.00, 0.00, 0.00, 140.00, 563.00, 1, -51.00, NULL, '2023-02-25 16:32:02', '2023-02-25 16:32:02'),
(11, 5, 15, 5, 'Md Hafiz Al Foisal - 2', 'Retail', 561, '2023-02-19', 0.00, 0.00, 0.00, 100.00, 0.00, 1, 280.00, NULL, '2023-02-25 16:33:03', '2023-02-25 16:33:03'),
(12, 5, 5, 9, 'Md Hafiz Al Foisal - 2', 'Retail', 562, '2023-02-24', 0.00, 0.00, 10.00, 60.00, 500.00, 1, -389.00, NULL, '2023-02-25 16:33:15', '2023-02-25 16:33:15'),
(13, 5, 10, 13, 'Md Hafiz Al Foisal - 2', 'Retail', 563, '2023-02-24', 0.00, 0.00, 0.00, 15.00, 3000.00, 1, 170.00, NULL, '2023-02-25 16:33:36', '2023-02-25 16:33:36'),
(14, 5, 5, 11, 'Md Hafiz Al Foisal - 2', 'Retail', 564, '2023-02-24', 0.00, 0.00, 0.00, 70.00, 365.00, 1, 94.00, NULL, '2023-02-25 16:33:50', '2023-02-25 16:33:50'),
(15, 5, 5, 10, 'Md Hafiz Al Foisal - 2', 'Retail', 565, '2023-02-24', 0.00, 0.00, 10.00, 60.00, 300.00, 1, -146.00, NULL, '2023-02-25 16:34:27', '2023-02-25 16:34:27'),
(16, 5, 3, 8, 'Md Hafiz Al Foisal - 2', 'Retail', 566, '2023-02-24', 0.00, 0.00, 0.00, 55.00, 25.00, 1, 35.00, NULL, '2023-02-25 16:34:40', '2023-02-25 16:34:40'),
(17, 5, 5, 9, 'Md Hafiz Al Foisal - 2', 'Retail', 567, '2023-02-24', 0.00, 0.00, 0.00, 60.00, 0.00, 1, 206.00, NULL, '2023-02-25 16:35:11', '2023-02-25 16:35:11'),
(18, 39, 42, 32, 'mazhar', 'Retail', 1, '2023-03-02', 0.00, 0.00, 0.00, 3240.00, 3620.00, 2, 0.00, NULL, '2023-03-02 17:56:43', '2023-03-02 17:56:43'),
(19, 5, 10, 52, 'Md Hafiz Al', 'Retail', 568, '2023-03-28', 0.00, 0.00, 0.00, 235.00, 235.00, 2, 0.00, NULL, '2023-03-28 05:07:24', '2023-03-28 05:12:42'),
(20, 41, 59, 56, 'Admin', 'Retail', 1, '2023-04-01', 0.00, 0.00, 0.00, 60.00, 60.00, 1, 0.00, NULL, '2023-04-01 08:07:11', '2023-04-01 08:07:11'),
(21, 45, 65, 67, 'Admin', 'Retail', 1, '2023-04-06', 0.00, 0.00, 20.00, 5780.00, 1000.00, 1, 4780.00, NULL, '2023-04-06 12:02:00', '2023-04-06 12:02:00'),
(22, 45, 88, 66, 'Admin', 'Retail', 2, '2023-04-05', 0.00, 0.00, 0.00, 2700.00, 2700.00, 1, 0.00, NULL, '2023-04-10 17:30:42', '2023-04-13 09:15:53'),
(23, 45, 69, 70, 'Admin', 'Retail', 3, '2023-04-10', 0.00, 0.00, 10.00, 2890.00, 1680.00, 15, 1210.00, NULL, '2023-04-10 17:32:44', '2023-04-10 17:32:44'),
(24, 45, 67, 76, 'Admin', 'Retail', 4, '2023-04-14', 0.00, 0.00, 20.00, 5460.00, 5000.00, 2, 460.00, NULL, '2023-04-15 12:51:27', '2023-04-15 12:51:27'),
(25, 49, 102, 84, 'Admin', 'Retail', 1, '2023-04-20', 0.00, 0.00, 0.00, 85.00, 50.00, 1, 35.00, NULL, '2023-04-20 03:36:47', '2023-04-20 03:36:47'),
(26, 59, 118, 97, 'Admin', 'Retail', 1, '2023-05-02', 0.00, 0.00, 29.00, 414.00, 0.00, 3, 414.00, NULL, '2023-05-05 15:51:01', '2023-05-05 15:51:01'),
(27, 60, 126, 107, 'Admin', 'Retail', 1, '2023-05-05', 0.00, 0.00, 39.69, 255.86, 0.00, 1, 255.86, NULL, '2023-05-06 01:40:01', '2023-05-06 01:40:01'),
(28, 60, 127, 109, 'Admin', 'Retail', 2, '2023-05-06', 0.00, 0.00, 61.20, 612.00, 200.00, 1, 412.00, NULL, '2023-05-06 15:27:09', '2023-05-06 15:27:09'),
(29, 60, 122, 101, 'Admin', 'Retail', 3, '2023-05-03', 0.00, 0.00, 163.66, 1003.20, 100.00, 1, 903.20, NULL, '2023-05-06 16:42:03', '2023-05-06 16:42:03'),
(30, 60, 129, 110, 'Admin', 'Retail', 4, '2023-05-06', 0.00, 0.00, 10.22, 102.20, 0.00, 1, 102.20, NULL, '2023-05-06 17:45:21', '2023-05-06 17:45:21'),
(31, 64, 134, 113, 'Admin', 'Retail', 1, '2023-05-07', 0.00, 0.00, 0.00, 150.00, 5.00, 1, 145.00, NULL, '2023-05-07 04:22:12', '2023-05-07 18:37:40'),
(36, 48, 105, 90, 'Admin', 'Retail', 1, '2023-04-20', 0.00, 0.00, 0.00, 110.00, 0.00, 2, 110.00, NULL, '2023-05-15 23:18:11', '2023-05-15 23:18:11'),
(37, 66, 155, 148, 'Admin', 'Retail', 1, '2023-05-20', 6.30, 40.00, 76.80, 600.00, 0.00, 1, 600.00, NULL, '2023-05-20 17:39:25', '2023-05-20 17:39:25'),
(38, 66, 155, 151, 'Admin', 'Retail', 2, '2023-05-20', 6.30, 20.00, 38.40, 300.00, 0.00, 1, 300.00, NULL, '2023-05-21 21:19:07', '2023-05-21 21:19:07'),
(39, 66, 154, 147, 'Admin', 'Retail', 3, '2023-05-20', 2.30, 40.00, 260.80, 1700.00, 200.00, 1, 1500.00, NULL, '2023-05-21 21:42:24', '2023-05-21 21:42:24'),
(40, 73, 168, 155, 'Admin', 'Retail', 1, '2023-05-28', 2.00, 30.00, 275.40, 1500.00, 200.00, 1, 1300.00, NULL, '2023-05-28 12:55:44', '2023-05-28 12:55:44'),
(41, 48, 106, 156, 'Admin', 'Retail', 2, '2023-05-29', 0.00, 0.00, 0.25, 25.00, 0.00, 1, 25.00, NULL, '2023-05-29 18:24:51', '2023-05-29 18:24:51'),
(42, 164, 248, 194, 'majhar', 'Retail', 1, '2023-09-02', 0.00, 0.00, 0.00, 600.00, 600.00, 1, 0.00, NULL, '2023-09-02 15:37:26', '2023-09-02 15:37:26'),
(43, 164, 246, 191, 'majhar', 'Retail', 2, '2023-08-30', 0.00, 0.00, 1012.50, 6750.00, 0.00, 1, 6000.00, NULL, '2023-09-02 15:43:35', '2023-09-09 07:35:23'),
(44, 164, 250, 198, 'majhar', 'Retail', 3, '2023-09-05', 0.00, 0.00, 0.00, 50.00, 0.00, 1, 50.00, NULL, '2023-09-05 05:33:27', '2023-09-05 05:34:17'),
(45, 164, 235, 192, 'majharul islam', 'Retail', 4, '2023-08-30', 0.00, 0.00, 0.00, 120.00, 100.00, 1, 20.00, NULL, '2023-09-21 13:04:39', '2023-09-21 13:54:00');

-- --------------------------------------------------------

--
-- Table structure for table `return_order_details`
--

CREATE TABLE `return_order_details` (
  `id` bigint(20) UNSIGNED NOT NULL,
  `return_order_id` bigint(20) UNSIGNED NOT NULL,
  `product_id` bigint(20) UNSIGNED NOT NULL,
  `name` varchar(255) NOT NULL,
  `type` varchar(98) DEFAULT NULL,
  `quantity` int(10) UNSIGNED NOT NULL,
  `unit_price` decimal(8,2) NOT NULL,
  `buying_price` decimal(8,2) NOT NULL,
  `vat` decimal(8,2) DEFAULT NULL,
  `vat_price` decimal(8,2) DEFAULT NULL,
  `warrenty` varchar(255) DEFAULT NULL,
  `is_retail` tinyint(1) DEFAULT NULL,
  `created_at` timestamp NULL DEFAULT NULL,
  `updated_at` timestamp NULL DEFAULT NULL
) ENGINE=InnoDB DEFAULT CHARSET=utf8mb4 COLLATE=utf8mb4_unicode_ci;

--
-- Dumping data for table `return_order_details`
--

INSERT INTO `return_order_details` (`id`, `return_order_id`, `product_id`, `name`, `type`, `quantity`, `unit_price`, `buying_price`, `vat`, `vat_price`, `warrenty`, `is_retail`, `created_at`, `updated_at`) VALUES
(2, 1, 1, '1 Alu', 'product', 1, 25.00, 15.00, 0.00, 0.00, '5 day', NULL, '2023-02-16 22:00:03', '2023-02-16 22:00:03'),
(4, 3, 2, '2 Potol', 'product', 1, 50.00, 30.00, 0.00, 0.00, '3 day', NULL, '2023-02-23 17:32:58', '2023-02-23 17:32:58'),
(5, 2, 3, '3 Kumra', 'product', 1, 70.00, 50.00, 0.00, 0.00, '5 day', NULL, '2023-02-23 18:05:29', '2023-02-23 18:05:29'),
(6, 4, 2, '2 Potol', 'product', 1, 50.00, 30.00, 0.00, 10.00, '3 day', NULL, '2023-02-25 16:25:45', '2023-02-25 16:25:45'),
(7, 4, 3, '3 Kumra', 'product', 1, 70.00, 50.00, 0.00, 0.00, '5 day', NULL, '2023-02-25 16:25:45', '2023-02-25 16:25:45'),
(8, 4, 5, '4 kamala', 'product', 1, 60.00, 40.00, 0.00, 0.00, '3 day', NULL, '2023-02-25 16:25:45', '2023-02-25 16:25:45'),
(9, 5, 18, 'Mojo', 'product', 1, 80.00, 70.00, 0.00, 0.00, '3 day', NULL, '2023-02-25 16:27:31', '2023-02-25 16:27:31'),
(10, 6, 5, '4 kamala', 'product', 1, 60.00, 40.00, 0.00, 0.00, '3 day', NULL, '2023-02-25 16:30:48', '2023-02-25 16:30:48'),
(11, 6, 3, '3 Kumra', 'product', 1, 70.00, 50.00, 0.00, 0.00, '5 day', NULL, '2023-02-25 16:30:48', '2023-02-25 16:30:48'),
(12, 6, 6, '5 banana', 'product', 1, 15.00, 10.00, 0.00, 0.00, '3 day', NULL, '2023-02-25 16:30:48', '2023-02-25 16:30:48'),
(13, 7, 18, 'Mojo', 'product', 1, 80.00, 70.00, 0.00, 0.00, '3 day', NULL, '2023-02-25 16:31:10', '2023-02-25 16:31:10'),
(14, 8, 1, '1 Alu', 'product', 1, 25.00, 15.00, 0.00, 10.00, '5 day', NULL, '2023-02-25 16:31:23', '2023-02-25 16:31:23'),
(15, 9, 1, '1 Alu', 'product', 1, 25.00, 15.00, 0.00, 10.00, '5 day', NULL, '2023-02-25 16:31:35', '2023-02-25 16:31:35'),
(16, 9, 5, '4 kamala', 'product', 1, 60.00, 40.00, 0.00, 0.00, '3 day', NULL, '2023-02-25 16:31:35', '2023-02-25 16:31:35'),
(17, 10, 16, 'Cini', 'product', 1, 140.00, 120.00, 0.00, 0.00, '3 day', NULL, '2023-02-25 16:32:02', '2023-02-25 16:32:02'),
(18, 11, 2, '2 Potol', 'product', 2, 50.00, 30.00, 0.00, 0.00, '3 day', NULL, '2023-02-25 16:33:03', '2023-02-25 16:33:03'),
(19, 12, 2, '2 Potol', 'product', 1, 50.00, 30.00, 0.00, 10.00, '3 day', NULL, '2023-02-25 16:33:15', '2023-02-25 16:33:15'),
(20, 13, 14, 'Biskut', 'product', 1, 15.00, 10.00, 0.00, 0.00, '3 day', NULL, '2023-02-25 16:33:36', '2023-02-25 16:33:36'),
(21, 14, 3, '3 Kumra', 'product', 1, 70.00, 50.00, 0.00, 0.00, '5 day', NULL, '2023-02-25 16:33:50', '2023-02-25 16:33:50'),
(22, 15, 2, '2 Potol', 'product', 1, 50.00, 30.00, 0.00, 10.00, '3 day', NULL, '2023-02-25 16:34:27', '2023-02-25 16:34:27'),
(23, 16, 8, '7. Komla', 'product', 1, 55.00, 40.00, 0.00, 0.00, '3 day', NULL, '2023-02-25 16:34:40', '2023-02-25 16:34:40'),
(24, 17, 5, '4 kamala', 'product', 1, 60.00, 40.00, 0.00, 0.00, '3 day', NULL, '2023-02-25 16:35:11', '2023-02-25 16:35:11'),
(25, 18, 24, 'bicycle handle', 'product', 6, 540.00, 500.00, 0.00, 0.00, '1 day', NULL, '2023-03-02 17:56:43', '2023-03-02 17:56:43'),
(28, 19, 1, '1 Alu', 'product', 1, 55.00, 40.00, 0.00, 0.00, '3 day', NULL, '2023-03-28 05:12:42', '2023-03-28 05:12:42'),
(29, 19, 3, '3 Kumra', 'product', 3, 60.00, 50.00, 0.00, 0.00, '5 day', NULL, '2023-03-28 05:12:42', '2023-03-28 05:12:42'),
(30, 20, 49, 'Banana', 'product', 6, 10.00, 5.00, 0.00, 0.00, NULL, NULL, '2023-04-01 08:07:11', '2023-04-01 08:07:11'),
(31, 21, 50, 'pakisthani Kurti vol 3', 'product', 2, 2880.00, 2600.00, 0.00, 10.00, '3 month', NULL, '2023-04-06 12:02:00', '2023-04-06 12:02:00'),
(33, 23, 50, 'pakisthani Kurti vol 3', 'product', 1, 2880.00, 2600.00, 0.00, 10.00, '3 month', NULL, '2023-04-10 17:32:44', '2023-04-10 17:32:44'),
(34, 22, 51, 'car wash', 'service', 1, 2700.00, 0.00, 0.00, 0.00, '3 month', NULL, '2023-04-13 09:15:53', '2023-04-13 09:15:53'),
(35, 24, 50, 'pakisthani Kurti vol 3', 'product', 2, 2720.00, 2600.00, 0.00, 10.00, '3 month', NULL, '2023-04-15 12:51:27', '2023-04-15 12:51:27'),
(36, 25, 59, 'Muri', 'product', 1, 85.00, 70.00, 0.00, 0.00, '5 day', NULL, '2023-04-20 03:36:47', '2023-04-20 03:36:47'),
(37, 26, 82, 'Test product 2', 'product', 10, 41.40, 31.80, 7.00, 2.90, '6 year', NULL, '2023-05-05 15:51:01', '2023-05-05 15:51:01'),
(38, 27, 83, 'Test product 1', 'product', 1, 90.00, 48.85, 10.00, 9.00, '7 year', NULL, '2023-05-06 01:40:01', '2023-05-06 01:40:01'),
(39, 27, 84, 'Test product 2', 'product', 1, 43.00, 35.00, 17.00, 7.31, '3 year', NULL, '2023-05-06 01:40:01', '2023-05-06 01:40:01'),
(40, 27, 85, 'Test product 3', 'product', 1, 59.50, 45.00, 18.00, 10.71, '4 year', NULL, '2023-05-06 01:40:01', '2023-05-06 01:40:01'),
(41, 27, 86, 'Test product 4', 'product', 1, 63.36, 50.00, 20.00, 12.67, '4 year', NULL, '2023-05-06 01:40:01', '2023-05-06 01:40:01'),
(42, 28, 92, 'Test product 6', 'product', 10, 61.20, 40.00, 10.00, 6.12, NULL, NULL, '2023-05-06 15:27:09', '2023-05-06 15:27:09'),
(43, 29, 85, 'Test product 3', 'product', 6, 61.60, 45.00, 10.00, 6.16, '4 year', NULL, '2023-05-06 16:42:03', '2023-05-06 16:42:03'),
(44, 29, 86, 'Test product 4', 'product', 10, 63.36, 50.00, 20.00, 12.67, '4 year', NULL, '2023-05-06 16:42:03', '2023-05-06 16:42:03'),
(45, 30, 91, 'Test product 5', 'product', 1, 41.00, 20.00, 10.00, 4.10, '1 year', NULL, '2023-05-06 17:45:21', '2023-05-06 17:45:21'),
(46, 30, 92, 'Test product 6', 'product', 1, 61.20, 40.00, 10.00, 6.12, NULL, NULL, '2023-05-06 17:45:21', '2023-05-06 17:45:21'),
(48, 31, 96, 'Test product 1', 'product', 5, 30.00, 50.00, 0.00, 0.00, NULL, NULL, '2023-05-07 18:37:40', '2023-05-07 18:37:40'),
(49, 36, 69, 'Egg', 'product', 10, 11.00, 9.00, 0.00, 0.00, '3 day', NULL, '2023-05-15 23:18:11', '2023-05-15 23:18:11'),
(50, 37, 112, 'Test product 1', 'product', 20, 32.00, 26.50, 12.00, 3.84, '1 year', NULL, '2023-05-20 17:39:25', '2023-05-20 17:39:25'),
(51, 38, 112, 'Test product 1', 'product', 10, 32.00, 26.50, 12.00, 3.84, '1 year', NULL, '2023-05-21 21:19:07', '2023-05-21 21:19:07'),
(52, 39, 114, 'Test product 3', 'product', 40, 43.50, 33.75, 15.00, 6.52, '10 month', NULL, '2023-05-21 21:42:24', '2023-05-21 21:42:24'),
(53, 40, 131, 'Test product 2', 'product', 30, 51.00, 35.00, 18.00, 9.18, '1 year', NULL, '2023-05-28 12:55:44', '2023-05-28 12:55:44'),
(54, 41, 67, 'Pepsi 250 ml', 'product', 1, 25.00, 20.00, 1.00, 0.25, ' ', NULL, '2023-05-29 18:24:51', '2023-05-29 18:24:51'),
(55, 42, 137, 'Test product 2', 'product', 6, 50.00, 30.00, 0.00, 0.00, ' ', NULL, '2023-09-02 15:37:26', '2023-09-02 15:37:26'),
(56, 42, 139, 'Test product 4', 'product', 6, 50.00, 30.00, 0.00, 0.00, '3 day', NULL, '2023-09-02 15:37:26', '2023-09-02 15:37:26'),
(61, 44, 137, 'Test product 2', 'product', 1, 50.00, 30.00, 0.00, 0.00, ' ', NULL, '2023-09-05 05:34:17', '2023-09-05 05:34:17'),
(63, 43, 151, 'ponds cream', 'product', 30, 225.00, 200.00, 15.00, 33.75, '3 day', NULL, '2023-09-09 07:35:23', '2023-09-09 07:35:23'),
(66, 45, 139, 'Test product 4', 'product', 1, 50.00, 30.00, 0.00, 0.00, '3 day', NULL, '2023-09-21 13:54:00', '2023-09-21 13:54:00'),
(67, 45, 141, 'Test product 5', 'product', 1, 70.00, 50.00, 0.00, 0.00, ' ', NULL, '2023-09-21 13:54:00', '2023-09-21 13:54:00');

-- --------------------------------------------------------

--
-- Table structure for table `return_purchases`
--

CREATE TABLE `return_purchases` (
  `id` bigint(20) UNSIGNED NOT NULL,
  `user_id` bigint(20) UNSIGNED NOT NULL,
  `supplier_id` bigint(20) UNSIGNED NOT NULL,
  `purchase_id` bigint(20) UNSIGNED NOT NULL,
  `purchase_man` varchar(255) NOT NULL,
  `purchase_type` varchar(255) NOT NULL,
  `invoice_no` bigint(20) UNSIGNED NOT NULL,
  `invoice_date` date NOT NULL,
  `discount` decimal(8,2) DEFAULT NULL,
  `discount_price` decimal(8,2) DEFAULT NULL,
  `vat_price` decimal(8,2) DEFAULT NULL,
  `total` decimal(8,2) NOT NULL,
  `payment_type_id` int(10) UNSIGNED NOT NULL,
  `payment_amount` decimal(8,2) NOT NULL,
  `balance` decimal(8,2) DEFAULT NULL,
  `voucher_no` varchar(255) DEFAULT NULL,
  `note` varchar(255) DEFAULT NULL,
  `created_at` timestamp NULL DEFAULT NULL,
  `updated_at` timestamp NULL DEFAULT NULL
) ENGINE=InnoDB DEFAULT CHARSET=utf8mb4 COLLATE=utf8mb4_unicode_ci;

--
-- Dumping data for table `return_purchases`
--

INSERT INTO `return_purchases` (`id`, `user_id`, `supplier_id`, `purchase_id`, `purchase_man`, `purchase_type`, `invoice_no`, `invoice_date`, `discount`, `discount_price`, `vat_price`, `total`, `payment_type_id`, `payment_amount`, `balance`, `voucher_no`, `note`, `created_at`, `updated_at`) VALUES
(1, 5, 6, 1, 'Md Hafiz Al Foisal - 2', 'Retail', 51, '2023-02-16', 0.00, 0.00, 0.00, 150.00, 1, 800.00, -550.00, NULL, NULL, '2023-02-16 21:19:30', '2023-02-16 21:25:28'),
(2, 5, 11, 2, 'Md Hafiz Al Foisal - 2', 'Retail', 552, '2023-02-19', 0.00, 0.00, 0.00, 250.00, 1, 800.00, -550.00, NULL, NULL, '2023-02-19 18:39:17', '2023-02-19 18:39:17'),
(3, 5, 6, 1, 'Md Hafiz Al Foisal - 2', 'Retail', 553, '2023-02-25', 0.00, 0.00, 0.00, 450.00, 1, 0.00, 550.00, NULL, NULL, '2023-02-25 16:11:23', '2023-02-25 16:11:23'),
(4, 5, 5, 13, 'Md Hafiz Al Foisal - 2', 'Retail', 554, '2023-02-25', 0.00, 0.00, 0.00, 1900.00, 2, 500.00, 1400.00, NULL, NULL, '2023-02-25 16:36:06', '2023-02-25 16:36:06'),
(5, 5, 1, 3, 'Md Hafiz Al Foisal - 2', 'Retail', 555, '2023-02-25', 1.00, 10.00, 5.00, 50.00, 1, 30.00, 20.00, NULL, NULL, '2023-02-25 16:36:22', '2023-02-25 16:36:22'),
(6, 5, 1, 7, 'Md Hafiz Al Foisal - 2', 'Retail', 556, '2023-02-25', 0.00, 0.00, 0.00, 12000.00, 1, 300.00, 11720.00, NULL, NULL, '2023-02-25 16:36:32', '2023-02-25 16:36:32'),
(7, 5, 8, 6, 'Md Hafiz Al Foisal - 2', 'Retail', 557, '2023-02-25', 0.00, 0.00, 0.00, 320.00, 1, 2000.00, 84.00, NULL, NULL, '2023-02-25 16:36:42', '2023-02-25 16:36:42'),
(8, 5, 4, 4, 'Md Hafiz Al Foisal - 2', 'Retail', 558, '2023-02-25', 0.00, 0.00, 0.00, 4000.00, 1, 3000.00, 1000.00, NULL, NULL, '2023-02-25 16:36:58', '2023-02-25 16:36:58'),
(9, 5, 11, 2, 'Md Hafiz Al Foisal - 2', 'Retail', 559, '2023-02-25', 0.00, 0.00, 0.00, 750.00, 1, 0.00, 750.00, NULL, NULL, '2023-02-25 16:37:16', '2023-02-25 16:37:16'),
(10, 5, 6, 1, 'Md Hafiz Al Foisal - 2', 'Retail', 560, '2023-02-25', 0.00, 0.00, 0.00, 300.00, 1, 0.00, 100.00, NULL, NULL, '2023-02-25 16:37:27', '2023-02-25 16:37:27'),
(11, 5, 6, 18, 'Md Hafiz Al Foisal - 2', 'Retail', 561, '2023-02-25', 0.00, 0.00, 0.00, 5000.00, 2, 1000.00, 4550.00, NULL, NULL, '2023-02-25 16:37:37', '2023-02-25 16:37:37'),
(12, 5, 5, 17, 'Md Hafiz Al Foisal - 2', 'Retail', 562, '2023-02-25', 0.00, 0.00, 0.00, 7000.00, 2, 5000.00, 2000.00, NULL, NULL, '2023-02-25 16:37:48', '2023-02-25 16:37:48'),
(13, 5, 5, 15, 'Md Hafiz Al Foisal - 2', 'Retail', 563, '2023-02-25', 0.00, 0.00, 0.00, 120000.00, 3, 100000.00, 20000.00, NULL, NULL, '2023-02-25 16:37:57', '2023-02-25 16:37:57'),
(14, 5, 6, 14, 'Md Hafiz Al Foisal - 2', 'Retail', 564, '2023-02-25', 0.00, 0.00, 0.00, 5000.00, 4, 5000.00, 550.00, NULL, NULL, '2023-02-25 16:38:07', '2023-02-25 16:38:07'),
(15, 5, 1, 11, 'Md Hafiz Al Foisal - 2', 'Retail', 565, '2023-02-25', 0.00, 0.00, 0.00, 6000.00, 3, 1500.00, 4520.00, NULL, NULL, '2023-02-25 16:38:23', '2023-02-25 16:38:23'),
(16, 5, 5, 16, 'Md Hafiz Al Foisal - 2', 'Retail', 566, '2023-02-25', 0.00, 0.00, 0.00, 2000.00, 2, 1000.00, 1000.00, NULL, NULL, '2023-02-25 16:39:14', '2023-02-25 16:39:14'),
(17, 5, 5, 9, 'Md Hafiz Al Foisal - 2', 'Retail', 567, '2023-02-25', 0.00, 0.00, 0.00, 5000.00, 2, 5000.00, 0.00, NULL, NULL, '2023-02-25 16:40:37', '2023-02-25 16:40:37'),
(18, 5, 6, 10, 'Md Hafiz Al Foisal - 2', 'Retail', 568, '2023-02-25', 0.00, 0.00, 0.00, 2000.00, 1, 1000.00, 1550.00, NULL, NULL, '2023-02-25 16:40:55', '2023-02-25 16:40:55'),
(19, 5, 4, 8, 'Md Hafiz Al Foisal - 2', 'Retail', 569, '2023-02-25', 0.00, 0.00, 0.00, 20000.00, 2, 1000.00, 19000.00, NULL, NULL, '2023-02-25 16:41:27', '2023-02-25 16:41:27'),
(20, 5, 15, 20, 'Md Hafiz Al', 'Retail', 570, '2023-02-27', 0.00, 0.00, 0.00, 4000.00, 1, 16000.00, -7000.00, NULL, NULL, '2023-02-27 14:44:36', '2023-02-27 14:44:36'),
(21, 39, 22, 22, 'mazhar', 'Retail', 1, '2023-02-27', 10.00, 30000.00, 30000.00, 150000.00, 1, 250000.00, -50000.00, NULL, NULL, '2023-02-27 19:58:14', '2023-02-27 19:58:14'),
(22, 39, 24, 27, 'mazhar', 'Retail', 2, '2023-03-01', 0.00, 0.00, 0.00, 90000.00, 1, 180000.00, -50000.00, NULL, NULL, '2023-03-01 19:18:16', '2023-03-01 19:18:16'),
(23, 39, 29, 32, 'mazhar', 'Retail', 3, '2023-03-02', 0.00, 0.00, 0.00, 56000.00, 1, 70000.00, 256000.00, NULL, NULL, '2023-03-02 19:29:54', '2023-03-02 19:29:54'),
(24, 39, 24, 27, 'mazhar', 'Retail', 4, '2023-03-02', 0.00, 0.00, 0.00, 90000.00, 1, 0.00, 90000.00, NULL, NULL, '2023-03-02 22:07:23', '2023-03-02 22:07:23'),
(25, 39, 19, 35, 'mazhar', 'Retail', 5, '2023-03-02', 0.00, 0.00, 0.00, 4500.00, 1, 13500.00, -2000.00, NULL, NULL, '2023-03-03 03:15:22', '2023-03-03 03:15:22'),
(26, 5, 1, 59, 'Md Hafiz Al', 'Retail', 571, '2022-11-21', 0.00, 0.00, 0.00, 5.00, 1, 5.00, 0.00, NULL, 'Baki pore dibo', '2023-03-22 05:41:45', '2023-03-22 05:50:23'),
(27, 5, 1, 59, 'Md Hafiz Al', 'Retail', 572, '2022-11-21', 0.00, 0.00, 0.00, 10.00, 1, 10.00, 0.00, NULL, 'Baki pore dibo', '2023-03-22 05:46:17', '2023-03-22 05:46:17'),
(28, 5, 32, 56, 'Md Hafiz Al', 'Retail', 573, '2023-03-22', 0.00, 0.00, 0.00, 300.00, 1, 300.00, 0.00, NULL, NULL, '2023-03-22 09:56:04', '2023-03-22 10:03:42'),
(29, 5, 32, 57, 'Md Hafiz Al', 'Retail', 574, '2023-03-22', 0.00, 0.00, 0.00, 450.00, 2, 450.00, 0.00, NULL, NULL, '2023-03-22 10:14:07', '2023-03-22 10:14:07'),
(30, 5, 1, 61, 'Md Hafiz Al', 'Retail', 575, '2023-03-27', 0.00, 0.00, 0.00, 1000.00, 1, 1000.00, 0.00, NULL, NULL, '2023-03-27 05:10:05', '2023-03-27 05:10:05'),
(31, 41, 34, 66, 'Admin', 'Retail', 1, '2023-04-01', 0.00, 0.00, 0.00, 100.00, 1, 0.00, 100.00, NULL, NULL, '2023-04-01 08:15:42', '2023-04-01 08:15:42'),
(32, 45, 41, 71, 'Admin', 'Retail', 1, '2023-04-04', 0.00, 0.00, 7800.00, 26000.00, 1, 26000.00, 0.00, NULL, NULL, '2023-04-04 09:43:08', '2023-04-04 09:43:08'),
(33, 45, 40, 88, 'Admin', 'Retail', 2, '2023-04-17', 1.00, 1021.00, 200.00, 20000.00, 3, 0.00, 20000.00, NULL, NULL, '2023-04-17 10:44:18', '2023-04-17 10:44:18'),
(34, 50, 55, 118, 'Admin', 'Retail', 1, '2023-04-20', 0.00, 0.00, 0.00, 200.00, 4, 0.00, 200.00, NULL, NULL, '2023-04-20 00:25:47', '2023-04-20 00:25:47'),
(35, 50, 59, 120, 'Admin', 'Retail', 2, '2023-04-20', 0.00, 0.00, 0.00, 160.00, 1, 0.00, 160.00, NULL, NULL, '2023-04-20 02:19:12', '2023-04-20 02:19:12'),
(36, 50, 59, 121, 'Admin', 'Retail', 3, '2023-04-20', 0.00, 0.00, 0.00, 44.00, 1, 0.00, 44.00, NULL, NULL, '2023-04-20 02:25:22', '2023-04-20 02:25:22'),
(37, 49, 57, 117, 'Admin', 'Retail', 1, '2023-04-20', 5.00, 132.50, 0.00, 350.00, 2, 50.00, 300.00, NULL, NULL, '2023-04-20 03:41:06', '2023-04-20 03:41:06'),
(38, 63, 82, 148, 'Admin', 'Retail', 1, '2023-05-06', 0.00, 0.00, 0.00, 3000.00, 1, 2000.00, 1000.00, NULL, NULL, '2023-05-07 03:09:42', '2023-05-07 03:09:42'),
(39, 63, 86, 151, 'Admin', 'Retail', 2, '2023-05-07', 0.00, 0.00, 100.00, 500.00, 1, 0.00, 500.00, NULL, NULL, '2023-05-07 16:44:12', '2023-05-07 16:44:12'),
(40, 63, 89, 160, 'Admin', 'Retail', 3, '2023-05-10', 0.00, 0.00, 0.00, 600.00, 1, 0.00, 600.00, NULL, NULL, '2023-05-10 20:26:12', '2023-05-10 20:26:12'),
(41, 60, 73, 139, 'Admin', 'Retail', 1, '2023-05-11', 0.00, 0.00, 500.00, 500.00, 1, 80.00, 420.00, NULL, NULL, '2023-05-11 21:29:10', '2023-05-11 21:29:10'),
(42, 64, 91, 164, 'Admin', 'Retail', 1, '2023-05-12', 0.00, 0.00, 200.00, 600.00, 1, 0.00, 600.00, NULL, NULL, '2023-05-13 02:24:46', '2023-05-13 02:24:46'),
(43, 66, 98, 169, 'Admin', 'Retail', 1, '2023-05-18', 0.00, 0.00, 0.00, 3000.00, 2, 1000.00, 2000.00, NULL, NULL, '2023-05-18 22:29:56', '2023-05-18 22:29:56'),
(44, 66, 97, 168, 'Admin', 'Retail', 2, '2023-05-19', 2.20, 200.00, 2000.00, 8800.00, 1, 0.00, 8800.00, NULL, NULL, '2023-05-19 16:26:13', '2023-05-19 16:26:13'),
(45, 73, 112, 181, 'Admin', 'Retail', 1, '2023-05-30', 0.00, 0.00, 0.00, 4000.00, 1, 0.00, 4000.00, NULL, NULL, '2023-05-30 19:45:13', '2023-05-30 19:45:13');

-- --------------------------------------------------------

--
-- Table structure for table `return_purchase_details`
--

CREATE TABLE `return_purchase_details` (
  `id` bigint(20) UNSIGNED NOT NULL,
  `return_purchase_id` bigint(20) UNSIGNED NOT NULL,
  `product_id` bigint(20) UNSIGNED NOT NULL,
  `name` varchar(255) NOT NULL,
  `type` varchar(98) NOT NULL DEFAULT 'product',
  `quantity` int(10) UNSIGNED NOT NULL,
  `unit_price` decimal(8,2) NOT NULL,
  `buying_price` decimal(8,2) NOT NULL,
  `vat` decimal(8,2) DEFAULT NULL,
  `vat_price` decimal(8,2) DEFAULT NULL,
  `warrenty` varchar(255) DEFAULT NULL,
  `created_at` timestamp NULL DEFAULT NULL,
  `updated_at` timestamp NULL DEFAULT NULL
) ENGINE=InnoDB DEFAULT CHARSET=utf8mb4 COLLATE=utf8mb4_unicode_ci;

--
-- Dumping data for table `return_purchase_details`
--

INSERT INTO `return_purchase_details` (`id`, `return_purchase_id`, `product_id`, `name`, `type`, `quantity`, `unit_price`, `buying_price`, `vat`, `vat_price`, `warrenty`, `created_at`, `updated_at`) VALUES
(2, 1, 1, '1 Alu', 'product', 10, 25.00, 15.00, NULL, NULL, '5 day', '2023-02-16 21:25:28', '2023-02-16 21:25:28'),
(3, 2, 3, '3 Kumra', 'product', 5, 70.00, 50.00, NULL, NULL, '5 day', '2023-02-19 18:39:17', '2023-02-19 18:39:17'),
(4, 3, 1, '1 Alu', 'product', 10, 25.00, 15.00, NULL, NULL, '5 day', '2023-02-25 16:11:23', '2023-02-25 16:11:23'),
(5, 3, 2, '2 Potol', 'product', 10, 50.00, 30.00, NULL, NULL, '3 day', '2023-02-25 16:11:23', '2023-02-25 16:11:23'),
(6, 4, 13, 'Vegitable', 'product', 30, 40.00, 30.00, NULL, NULL, '3 day', '2023-02-25 16:36:06', '2023-02-25 16:36:06'),
(7, 4, 14, 'Biskut', 'product', 100, 15.00, 10.00, NULL, NULL, '3 day', '2023-02-25 16:36:06', '2023-02-25 16:36:06'),
(8, 5, 9, '8. Apple', 'product', 121, 321.00, 12220.00, NULL, NULL, '3 day', '2023-02-25 16:36:22', '2023-02-25 16:36:22'),
(9, 5, 10, '9. Law', 'product', 2, 321.00, 100.00, NULL, NULL, '5 day', '2023-02-25 16:36:22', '2023-02-25 16:36:22'),
(10, 6, 8, '7. Komla', 'product', 300, 55.00, 40.00, NULL, NULL, '3 day', '2023-02-25 16:36:32', '2023-02-25 16:36:32'),
(11, 7, 7, '6 lebu', 'product', 32, 20.00, 10.00, NULL, NULL, '3 day', '2023-02-25 16:36:42', '2023-02-25 16:36:42'),
(12, 8, 5, '4 kamala', 'product', 100, 60.00, 40.00, NULL, NULL, '3 day', '2023-02-25 16:36:58', '2023-02-25 16:36:58'),
(13, 9, 3, '3 Kumra', 'product', 15, 70.00, 50.00, NULL, NULL, '5 day', '2023-02-25 16:37:16', '2023-02-25 16:37:16'),
(14, 10, 2, '2 Potol', 'product', 10, 50.00, 30.00, NULL, NULL, '3 day', '2023-02-25 16:37:27', '2023-02-25 16:37:27'),
(15, 11, 19, 'jus', 'product', 100, 60.00, 50.00, NULL, NULL, '3 day', '2023-02-25 16:37:37', '2023-02-25 16:37:37'),
(16, 12, 18, 'Mojo', 'product', 100, 80.00, 70.00, NULL, NULL, '3 day', '2023-02-25 16:37:48', '2023-02-25 16:37:48'),
(17, 13, 16, 'Cini', 'product', 1000, 140.00, 120.00, NULL, NULL, '3 day', '2023-02-25 16:37:57', '2023-02-25 16:37:57'),
(18, 14, 15, 'Choklate', 'product', 100, 70.00, 50.00, NULL, NULL, '3 day', '2023-02-25 16:38:07', '2023-02-25 16:38:07'),
(19, 15, 12, '10. Potato', 'product', 300, 30.00, 20.00, NULL, NULL, '3 day', '2023-02-25 16:38:23', '2023-02-25 16:38:23'),
(20, 16, 17, 'Lobon', 'product', 50, 50.00, 40.00, NULL, NULL, '3 day', '2023-02-25 16:39:14', '2023-02-25 16:39:14'),
(21, 17, 10, '9. Law', 'product', 100, 70.00, 50.00, NULL, NULL, '5 day', '2023-02-25 16:40:37', '2023-02-25 16:40:37'),
(22, 18, 11, 'Peyara', 'product', 200, 15.00, 10.00, NULL, NULL, '5 day', '2023-02-25 16:40:55', '2023-02-25 16:40:55'),
(23, 19, 9, '8. Apple', 'product', 100, 250.00, 200.00, NULL, NULL, '3 day', '2023-02-25 16:41:27', '2023-02-25 16:41:27'),
(24, 20, 22, 'komla 200', 'product', 20, 250.00, 200.00, NULL, NULL, '3 day', '2023-02-27 14:44:36', '2023-02-27 14:44:36'),
(25, 21, 23, 'bicycle 500', 'product', 10, 18000.00, 15000.00, NULL, NULL, '1 day', '2023-02-27 19:58:14', '2023-02-27 19:58:14'),
(26, 22, 23, 'bicycle 500', 'product', 5, 18000.00, 18000.00, NULL, NULL, '1 day', '2023-03-01 19:18:16', '2023-03-01 19:18:16'),
(27, 23, 26, 'Kurti long', 'product', 28, 3400.00, 2000.00, NULL, NULL, '10 day', '2023-03-02 19:29:54', '2023-03-02 19:29:54'),
(28, 24, 23, 'bicycle 500', 'product', 5, 18000.00, 18000.00, NULL, NULL, '1 day', '2023-03-02 22:07:23', '2023-03-02 22:07:23'),
(29, 25, 24, 'bicycle handle', 'product', 10, 550.00, 450.00, NULL, NULL, '1 day', '2023-03-03 03:15:22', '2023-03-03 03:15:22'),
(33, 27, 1, '1 Alu', 'product', 20, 60.00, 100.00, 2.00, 12.00, '2022-11-22', '2023-03-22 05:46:17', '2023-03-22 05:46:17'),
(38, 26, 1, '1 Alu', 'product', 1, 60.00, 100.00, 2.00, 12.00, '2022-11-22', '2023-03-22 05:50:23', '2023-03-22 05:50:23'),
(40, 28, 1, '1 Alu', 'product', 20, 60.00, 15.00, NULL, NULL, '3 day', '2023-03-22 10:03:42', '2023-03-22 10:03:42'),
(41, 29, 1, '1 Alu', 'product', 30, 60.00, 15.00, NULL, NULL, '3 day', '2023-03-22 10:14:07', '2023-03-22 10:14:07'),
(42, 30, 3, '3 Kumra', 'product', 20, 70.00, 50.00, NULL, NULL, '5 day', '2023-03-27 05:10:05', '2023-03-27 05:10:05'),
(43, 31, 49, 'Banana', 'product', 20, 10.00, 5.00, NULL, NULL, 'day', '2023-04-01 08:15:42', '2023-04-01 08:15:42'),
(44, 32, 50, 'pakisthani Kurti vol 3', 'product', 10, 3200.00, 2600.00, NULL, NULL, '3 day', '2023-04-04 09:43:08', '2023-04-04 09:43:08'),
(45, 33, 55, 'Paper', 'product', 10, 2500.00, 2000.00, NULL, NULL, NULL, '2023-04-17 10:44:18', '2023-04-17 10:44:18'),
(46, 34, 61, 'Mango', 'product', 10, 50.00, 20.00, NULL, NULL, NULL, '2023-04-20 00:25:47', '2023-04-20 00:25:47'),
(47, 35, 61, 'Mango', 'product', 8, 50.00, 20.00, NULL, NULL, NULL, '2023-04-20 02:19:12', '2023-04-20 02:19:12'),
(48, 36, 65, 'tt', 'product', 22, 6.00, 2.00, NULL, NULL, NULL, '2023-04-20 02:25:22', '2023-04-20 02:25:22'),
(49, 37, 59, 'Muri', 'product', 5, 90.00, 70.00, NULL, NULL, '5 day', '2023-04-20 03:41:06', '2023-04-20 03:41:06'),
(50, 38, 94, 'Test product 2', 'product', 100, 40.00, 30.00, NULL, NULL, '3 day', '2023-05-07 03:09:42', '2023-05-07 03:09:42'),
(51, 39, 102, 'Test product 5', 'product', 50, 15.00, 10.00, NULL, NULL, NULL, '2023-05-07 16:44:12', '2023-05-07 16:44:12'),
(52, 40, 103, 'Test product 6', 'product', 30, 30.00, 20.00, NULL, NULL, NULL, '2023-05-10 20:26:12', '2023-05-10 20:26:12'),
(53, 41, 83, 'Test product 1', 'product', 10, 100.00, 50.00, NULL, NULL, '7 year', '2023-05-11 21:29:10', '2023-05-11 21:29:10'),
(54, 42, 107, 'Test product 8', 'product', 20, 45.00, 30.00, NULL, NULL, '5 year', '2023-05-13 02:24:46', '2023-05-13 02:24:46'),
(55, 43, 114, 'Test product 3', 'product', 100, 50.00, 30.00, NULL, NULL, '10 month', '2023-05-18 22:29:56', '2023-05-18 22:29:56'),
(56, 44, 113, 'Test product 2', 'product', 200, 60.00, 45.00, NULL, NULL, '4 year', '2023-05-19 16:26:13', '2023-05-19 16:26:13'),
(57, 45, 131, 'Test product 2', 'product', 100, 70.00, 40.00, NULL, NULL, '1 year', '2023-05-30 19:45:13', '2023-05-30 19:45:13');

-- --------------------------------------------------------

--
-- Table structure for table `roles`
--

CREATE TABLE `roles` (
  `id` bigint(20) UNSIGNED NOT NULL,
  `name` varchar(255) NOT NULL,
  `status` tinyint(4) NOT NULL DEFAULT 1,
  `created_at` timestamp NULL DEFAULT NULL,
  `updated_at` timestamp NULL DEFAULT NULL
) ENGINE=InnoDB DEFAULT CHARSET=utf8mb4 COLLATE=utf8mb4_unicode_ci;

--
-- Dumping data for table `roles`
--

INSERT INTO `roles` (`id`, `name`, `status`, `created_at`, `updated_at`) VALUES
(1, 'Admin', 1, NULL, NULL),
(2, 'Manager', 1, NULL, NULL),
(3, 'Salesman', 1, NULL, NULL);

-- --------------------------------------------------------

--
-- Table structure for table `send_to_order_lists`
--

CREATE TABLE `send_to_order_lists` (
  `id` bigint(20) UNSIGNED NOT NULL,
  `user_id` bigint(20) UNSIGNED NOT NULL,
  `product_id` bigint(20) UNSIGNED NOT NULL,
  `quantity` bigint(20) UNSIGNED NOT NULL,
  `name` varchar(255) DEFAULT NULL,
  `created_at` timestamp NULL DEFAULT NULL,
  `updated_at` timestamp NULL DEFAULT NULL
) ENGINE=InnoDB DEFAULT CHARSET=utf8mb4 COLLATE=utf8mb4_unicode_ci;

--
-- Dumping data for table `send_to_order_lists`
--

INSERT INTO `send_to_order_lists` (`id`, `user_id`, `product_id`, `quantity`, `name`, `created_at`, `updated_at`) VALUES
(18, 5, 1, 1, NULL, '2023-02-15 15:03:08', '2023-02-15 15:03:08'),
(19, 5, 1, 1, NULL, '2023-02-15 15:03:09', '2023-02-15 15:03:09'),
(20, 5, 1, 1, NULL, '2023-02-15 15:03:10', '2023-02-15 15:03:10'),
(21, 5, 1, 1, NULL, '2023-02-15 15:03:11', '2023-02-15 15:03:11'),
(22, 5, 1, 1, NULL, '2023-02-15 15:03:12', '2023-02-15 15:03:12'),
(23, 5, 1, 1, NULL, '2023-02-15 15:03:13', '2023-02-15 15:03:13'),
(24, 5, 1, 1, NULL, '2023-02-15 15:03:14', '2023-02-15 15:03:14'),
(26, 5, 1, 1, NULL, '2023-02-15 15:03:16', '2023-02-15 15:03:16'),
(27, 5, 1, 1, NULL, '2023-02-15 15:03:17', '2023-02-15 15:03:17'),
(28, 5, 1, 1, NULL, '2023-02-15 15:03:18', '2023-02-15 15:03:18'),
(29, 5, 1, 1, NULL, '2023-02-15 15:03:19', '2023-02-15 15:03:19'),
(30, 5, 1, 1, NULL, '2023-02-15 15:03:20', '2023-02-15 15:03:20'),
(31, 5, 1, 1, NULL, '2023-02-15 15:03:21', '2023-02-15 15:03:21'),
(32, 5, 1, 1, NULL, '2023-02-15 15:03:22', '2023-02-15 15:03:22'),
(33, 5, 1, 1, NULL, '2023-02-15 15:03:23', '2023-02-15 15:03:23'),
(34, 5, 1, 1, NULL, '2023-02-15 15:03:24', '2023-02-15 15:03:24'),
(35, 5, 1, 1, NULL, '2023-02-15 15:18:58', '2023-02-15 15:18:58'),
(36, 5, 10, 1, NULL, '2023-02-15 15:19:23', '2023-02-15 15:19:23'),
(37, 5, 1, 1000, NULL, '2023-02-25 20:05:28', '2023-02-25 20:05:28'),
(38, 5, 1, 100, NULL, '2023-02-25 20:34:16', '2023-02-25 20:34:16'),
(39, 5, 2, 100, NULL, '2023-02-25 22:31:55', '2023-02-25 22:31:55'),
(40, 5, 3, 50, NULL, '2023-02-25 23:19:55', '2023-02-25 23:19:55'),
(41, 5, 6, 10, NULL, '2023-02-26 20:09:12', '2023-02-26 20:09:12'),
(43, 39, 23, 30, NULL, '2023-02-27 18:42:26', '2023-02-27 18:42:26'),
(44, 39, 24, 30, NULL, '2023-02-27 18:42:39', '2023-02-27 18:42:39'),
(45, 39, 23, 20, NULL, '2023-02-27 18:43:17', '2023-02-27 18:43:17'),
(46, 39, 23, 20, NULL, '2023-03-01 18:57:47', '2023-03-01 18:57:47'),
(47, 39, 28, 20, NULL, '2023-03-01 18:59:32', '2023-03-01 18:59:32'),
(48, 39, 26, 50, NULL, '2023-03-01 18:59:40', '2023-03-01 18:59:40'),
(49, 39, 24, 20, NULL, '2023-03-01 18:59:48', '2023-03-01 18:59:48'),
(50, 39, 29, 20, NULL, '2023-03-01 19:00:14', '2023-03-01 19:00:14'),
(52, 39, 24, 80, NULL, '2023-03-02 05:22:28', '2023-03-02 05:22:28'),
(53, 39, 24, 20, NULL, '2023-03-02 05:28:40', '2023-03-02 05:28:40'),
(55, 39, 23, 50, NULL, '2023-03-02 16:46:33', '2023-03-02 16:46:33'),
(56, 39, 26, 35, NULL, '2023-03-02 16:47:57', '2023-03-02 16:47:57'),
(57, 39, 36, 10, NULL, '2023-03-02 16:49:57', '2023-03-02 16:49:57'),
(58, 45, 50, 20, NULL, '2023-04-03 21:08:10', '2023-04-03 21:08:10'),
(59, 45, 53, 200, NULL, '2023-04-14 09:45:16', '2023-04-14 09:45:16'),
(60, 45, 52, 30, NULL, '2023-04-14 09:45:31', '2023-04-14 09:45:31'),
(61, 47, 57, 20, NULL, '2023-04-19 20:16:40', '2023-04-19 20:16:40'),
(62, 49, 63, 5, NULL, '2023-04-20 00:27:26', '2023-04-20 00:27:26'),
(63, 49, 60, 20, NULL, '2023-04-20 00:27:48', '2023-04-20 00:27:48'),
(64, 48, 66, 50, 'Rice', '2023-04-29 15:56:46', '2023-04-29 15:56:46'),
(65, 48, 69, 60, 'Egg', '2023-04-29 15:56:56', '2023-04-29 15:56:56'),
(67, 58, 75, 10, 'Atta', '2023-04-29 21:26:05', '2023-04-29 21:26:05'),
(68, 58, 74, 20, 'Minicate Rice', '2023-04-29 21:26:21', '2023-04-29 21:26:21'),
(69, 60, 86, 20, 'Test product 4', '2023-05-06 03:01:34', '2023-05-06 03:01:34'),
(70, 60, 83, 30, 'Test product 1', '2023-05-06 03:01:48', '2023-05-06 03:01:48'),
(71, 60, 86, 60, 'Test product 4', '2023-05-06 03:06:14', '2023-05-06 03:06:14'),
(72, 63, 94, 20, 'Test product 2', '2023-05-07 01:23:15', '2023-05-07 01:23:15'),
(73, 63, 101, 50, 'Test product 4', '2023-05-11 03:32:42', '2023-05-11 03:32:42'),
(74, 64, 97, 30, 'Test product 2', '2023-05-12 20:03:53', '2023-05-12 20:03:53'),
(75, 64, 99, 50, 'Test product 4', '2023-05-12 20:04:07', '2023-05-12 20:04:07'),
(76, 64, 96, 200, 'Test product 1', '2023-05-12 20:04:46', '2023-05-12 20:04:46'),
(78, 64, 108, 220, 'Test product 9', '2023-05-12 20:06:28', '2023-05-12 20:06:28'),
(79, 64, 107, 300, 'Test product 8', '2023-05-12 20:07:01', '2023-05-12 20:07:01'),
(80, 64, 97, 200, 'Test product 2', '2023-05-12 20:07:29', '2023-05-12 20:07:29'),
(81, 64, 98, 150, 'Test product 3', '2023-05-12 20:07:51', '2023-05-12 20:07:51'),
(82, 66, 112, 20, 'Test product 1', '2023-05-18 01:11:12', '2023-05-18 01:11:12'),
(83, 66, 113, 200, 'Test product 2', '2023-05-18 01:11:21', '2023-05-18 01:11:21'),
(84, 66, 114, 200, 'Test product 3', '2023-05-18 01:11:32', '2023-05-18 01:11:32'),
(86, 71, 128, 300, 'Test product 4', '2023-05-26 02:29:26', '2023-05-26 02:29:26'),
(87, 73, 130, 500, 'Test product 1', '2023-05-30 18:01:18', '2023-05-30 18:01:18'),
(88, 73, 131, 200, 'Test product 2', '2023-05-30 18:01:27', '2023-05-30 18:01:27'),
(89, 65, 110, 20, 'Test product 1', '2023-06-14 05:58:32', '2023-06-14 05:58:32'),
(90, 65, 111, 50, 'Test product 2', '2023-06-23 05:46:05', '2023-06-23 05:46:05'),
(92, 65, 110, 200, 'Test product 1', '2023-07-19 06:42:15', '2023-07-19 06:42:15'),
(97, 164, 141, 200, 'Test product 5', '2023-08-30 06:30:03', '2023-08-30 06:30:03'),
(98, 164, 139, 250, 'Test product 4', '2023-08-30 06:30:17', '2023-08-30 06:30:17'),
(99, 164, 138, 280, 'Test product 3', '2023-08-30 06:50:09', '2023-08-30 06:50:09'),
(100, 164, 137, 50, 'Test product 2', '2023-08-30 12:43:50', '2023-08-30 12:43:50');

-- --------------------------------------------------------

--
-- Table structure for table `sliders`
--

CREATE TABLE `sliders` (
  `id` bigint(20) UNSIGNED NOT NULL,
  `image` varchar(255) NOT NULL,
  `created_at` timestamp NULL DEFAULT NULL,
  `updated_at` timestamp NULL DEFAULT NULL
) ENGINE=InnoDB DEFAULT CHARSET=utf8mb4 COLLATE=utf8mb4_unicode_ci;

--
-- Dumping data for table `sliders`
--

INSERT INTO `sliders` (`id`, `image`, `created_at`, `updated_at`) VALUES
(2, 'images/slider/1774369762090135.jpg', '2023-06-07 22:24:17', '2023-08-16 07:27:49'),
(3, 'images/slider/1768109615975949.jpg', '2023-06-07 22:24:22', '2023-06-07 23:05:29'),
(4, 'images/slider/1768109630371374.jpg', '2023-06-07 22:24:27', '2023-06-07 23:05:43');

-- --------------------------------------------------------

--
-- Table structure for table `states`
--

CREATE TABLE `states` (
  `id` bigint(20) UNSIGNED NOT NULL,
  `country_id` bigint(20) UNSIGNED NOT NULL,
  `en_name` varchar(255) NOT NULL,
  `bn_name` varchar(255) DEFAULT NULL,
  `status` tinyint(4) NOT NULL DEFAULT 1,
  `created_at` timestamp NULL DEFAULT NULL,
  `updated_at` timestamp NULL DEFAULT NULL
) ENGINE=InnoDB DEFAULT CHARSET=utf8mb4 COLLATE=utf8mb4_unicode_ci;

--
-- Dumping data for table `states`
--

INSERT INTO `states` (`id`, `country_id`, `en_name`, `bn_name`, `status`, `created_at`, `updated_at`) VALUES
(1, 1, 'Sylhet', 'সিলেট', 1, '2022-11-19 05:10:25', '2023-08-07 08:51:16'),
(2, 1, 'Habiganj', 'হবিগঞ্জ', 1, '2022-11-19 05:17:52', '2023-08-07 08:52:54'),
(3, 1, 'Maulvibazar', 'মৌলভীবাজার', 1, '2023-05-23 17:56:37', '2023-08-07 08:52:01'),
(4, 1, 'Tangail', 'টাঙ্গাইল', 1, '2023-08-07 08:32:26', '2023-08-07 08:32:26'),
(5, 1, 'Narsingdi', 'নরসিংদী', 1, '2023-08-07 08:34:00', '2023-08-07 08:34:00'),
(6, 1, 'Gazipur', 'গাজীপুর', 1, '2023-08-07 08:34:56', '2023-08-07 08:34:56'),
(7, 1, 'Shariatpur', 'শরীয়তপুর', 1, '2023-08-07 08:35:38', '2023-08-07 08:35:38'),
(8, 1, 'Narayanganj', 'নারায়ণগঞ্জ', 1, '2023-08-07 08:36:52', '2023-08-07 08:36:52'),
(9, 1, 'Kishoreganj', 'কিশোরগঞ্জ', 1, '2023-08-07 08:37:36', '2023-08-07 08:37:36'),
(10, 1, 'Manikganj', 'মানিকগঞ্জ', 1, '2023-08-07 08:38:10', '2023-08-07 08:38:10'),
(11, 1, 'Dhaka', 'ঢাকা', 1, '2023-08-07 08:38:45', '2023-08-07 08:38:45'),
(12, 1, 'Munshiganj', 'মুন্সিগঞ্জ', 1, '2023-08-07 08:39:20', '2023-08-07 08:39:20'),
(13, 1, 'Rajbari', 'রাজবাড়ী', 1, '2023-08-07 08:40:29', '2023-08-07 08:40:29'),
(14, 1, 'Madaripur', 'মাদারীপুর', 1, '2023-08-07 08:41:00', '2023-08-07 08:41:00'),
(15, 1, 'Gopalganj', 'গোপালগঞ্জ', 1, '2023-08-07 08:42:08', '2023-08-07 08:42:08'),
(16, 1, 'Faridpur', 'ফরিদপুর', 1, '2023-08-07 08:42:47', '2023-08-07 08:42:47'),
(17, 1, 'Sherpur', 'শেরপুর', 1, '2023-08-07 08:43:42', '2023-08-07 08:43:42'),
(18, 1, 'Mymensingh', 'ময়মনসিংহ', 1, '2023-08-07 08:44:11', '2023-08-07 08:44:11'),
(19, 1, 'Jamalpur', 'জামালপুর', 1, '2023-08-07 08:44:48', '2023-08-07 08:44:48'),
(20, 1, 'Netrokona', 'নেত্রকোণা', 1, '2023-08-07 08:45:16', '2023-08-07 08:45:16'),
(21, 1, 'Sirajgonj', 'সিরাজগঞ্জ', 1, '2023-08-07 08:46:05', '2023-08-07 08:46:05'),
(22, 1, 'Pabna', 'পাবনা', 1, '2023-08-07 08:46:40', '2023-08-07 08:46:40'),
(23, 1, 'Bogura', 'বগুড়া', 1, '2023-08-07 08:47:19', '2023-08-07 08:47:19'),
(24, 1, 'Rajshahi', 'রাজশাহী', 1, '2023-08-07 08:48:01', '2023-08-07 08:48:01'),
(25, 1, 'Natore', 'নাটোর', 1, '2023-08-07 08:48:33', '2023-08-07 08:48:33'),
(26, 1, 'Joypurhat', 'জয়পুরহাট', 1, '2023-08-07 08:49:18', '2023-08-07 08:49:18'),
(27, 1, 'Nawabganj', 'চাঁপাইনবাবগঞ্জ', 1, '2023-08-07 08:49:45', '2023-08-07 08:49:45'),
(28, 1, 'Naogaon', 'নওগাঁ', 1, '2023-08-07 08:50:13', '2023-08-07 08:50:13'),
(29, 1, 'Sunamganj', 'সুনামগঞ্জ', 1, '2023-08-07 08:53:26', '2023-08-07 08:53:26');

-- --------------------------------------------------------

--
-- Table structure for table `subscription_histories`
--

CREATE TABLE `subscription_histories` (
  `id` bigint(20) UNSIGNED NOT NULL,
  `user_id` bigint(20) UNSIGNED NOT NULL,
  `package_id` int(10) UNSIGNED DEFAULT NULL,
  `en_package_name` varchar(255) NOT NULL,
  `bn_package_name` varchar(255) DEFAULT NULL,
  `price` decimal(8,2) NOT NULL,
  `duration` int(10) UNSIGNED NOT NULL,
  `user_limit` int(10) UNSIGNED NOT NULL,
  `validity_from` date DEFAULT NULL,
  `validity_to` date DEFAULT NULL,
  `created_at` timestamp NULL DEFAULT NULL,
  `updated_at` timestamp NULL DEFAULT NULL
) ENGINE=InnoDB DEFAULT CHARSET=utf8mb4 COLLATE=utf8mb4_unicode_ci;

--
-- Dumping data for table `subscription_histories`
--

INSERT INTO `subscription_histories` (`id`, `user_id`, `package_id`, `en_package_name`, `bn_package_name`, `price`, `duration`, `user_limit`, `validity_from`, `validity_to`, `created_at`, `updated_at`) VALUES
(1, 1, 2, 'A2', 'সেবা2', 1223.00, 1220, 5, '2022-11-30', '2026-04-03', '2022-11-30 10:47:34', '2022-11-30 10:47:34'),
(2, 1, 1, 'A1', 'সেবা', 1076.24, 122, 2, '2022-11-30', '2023-04-01', '2022-11-30 10:49:33', '2022-11-30 10:49:33'),
(3, 4, 1, 'A1', 'সেবা', 1076.24, 122, 2, '2022-12-01', '2023-04-02', '2022-12-01 05:26:58', '2022-12-01 05:26:58'),
(4, 5, 1, 'A1', 'সেবা', 1076.24, 122, 2, '2022-12-27', '2023-04-28', '2022-12-27 22:19:28', '2022-12-27 22:19:28'),
(5, 38, 4, 'Otithi', 'ওতিথি', 0.00, 14, 1, '2023-06-07', '2023-06-21', '2023-06-06 23:15:21', '2023-06-06 23:15:21'),
(6, 38, 4, 'Otithi', 'ওতিথি', 0.00, 14, 1, '2023-06-07', '2023-06-21', '2023-06-06 23:16:39', '2023-06-06 23:16:39'),
(7, 38, 4, 'Otithi', 'ওতিথি', 0.00, 14, 1, '2023-06-07', '2023-06-21', '2023-06-06 23:17:52', '2023-06-06 23:17:52'),
(8, 38, 4, 'Otithi', 'ওতিথি', 0.00, 14, 1, '2023-06-07', '2023-06-21', '2023-06-06 23:18:05', '2023-06-06 23:18:05'),
(9, 38, 4, 'Otithi', 'ওতিথি', 0.00, 14, 1, '2023-06-07', '2023-06-21', '2023-06-06 23:18:27', '2023-06-06 23:18:27'),
(10, 38, 4, 'Otithi', 'ওতিথি', 0.00, 1, 1, '2023-06-07', '2023-06-08', '2023-06-06 23:20:48', '2023-06-06 23:20:48'),
(11, 45, 4, 'Otithi', 'ওতিথি', 0.00, 2, 1, '2023-06-07', '2023-06-09', '2023-06-07 00:32:12', '2023-06-07 00:32:12'),
(12, 74, 4, 'Otithi', 'ওতিথি', 0.00, 14, 1, '2023-06-07', '2023-06-21', '2023-06-07 05:02:08', '2023-06-07 05:02:08'),
(13, 75, 4, 'Otithi', 'ওতিথি', 0.00, 14, 1, '2023-06-08', '2023-06-22', '2023-06-07 23:18:04', '2023-06-07 23:18:04'),
(14, 77, 4, 'Otithi', 'ওতিথি', 0.00, 14, 1, '2023-06-08', '2023-06-22', '2023-06-07 23:18:59', '2023-06-07 23:18:59'),
(15, 82, 4, 'Otithi', 'ওতিথি', 0.00, 14, 1, '2023-06-08', '2023-06-22', '2023-06-08 00:58:42', '2023-06-08 00:58:42'),
(16, 99, 4, 'Otithi', 'ওতিথি', 0.00, 14, 1, '2023-06-08', '2023-06-22', '2023-06-08 01:09:26', '2023-06-08 01:09:26'),
(17, 101, 4, 'Otithi', 'ওতিথি', 0.00, 14, 1, '2023-06-08', '2023-06-22', '2023-06-08 01:11:06', '2023-06-08 01:11:06'),
(18, 111, 4, 'Otithi', 'ওতিথি', 0.00, 14, 1, '2023-06-08', '2023-06-22', '2023-06-08 04:34:03', '2023-06-08 04:34:03'),
(19, 115, 4, 'Otithi', 'ওতিথি', 0.00, 14, 1, '2023-06-08', '2023-06-22', '2023-06-08 05:04:44', '2023-06-08 05:04:44'),
(20, 116, 4, 'Otithi', 'ওতিথি', 0.00, 14, 1, '2023-06-08', '2023-06-22', '2023-06-08 05:06:43', '2023-06-08 05:06:43'),
(21, 117, 4, 'Otithi', 'ওতিথি', 0.00, 14, 1, '2023-06-08', '2023-06-22', '2023-06-08 05:08:19', '2023-06-08 05:08:19'),
(22, 118, 4, 'Otithi', 'ওতিথি', 0.00, 14, 1, '2023-06-12', '2023-06-26', '2023-06-12 06:50:33', '2023-06-12 06:50:33'),
(23, 121, 4, 'Otithi', 'ওতিথি', 0.00, 14, 1, '2023-06-12', '2023-06-26', '2023-06-12 07:04:22', '2023-06-12 07:04:22'),
(24, 122, 4, 'Otithi', 'ওতিথি', 0.00, 14, 1, '2023-06-12', '2023-06-26', '2023-06-12 07:23:46', '2023-06-12 07:23:46'),
(25, 123, 4, 'Otithi', 'ওতিথি', 0.00, 14, 1, '2023-06-12', '2023-06-26', '2023-06-12 07:29:37', '2023-06-12 07:29:37'),
(26, 65, 4, 'Otithi', 'ওতিথি', 0.00, 200, 1, '2023-06-13', '2023-12-30', '2023-06-13 13:38:12', '2023-06-13 13:38:12'),
(27, 129, 4, 'Otithi', 'ওতিথি', 0.00, 14, 1, '2023-06-14', '2023-06-28', '2023-06-14 02:56:43', '2023-06-14 02:56:43'),
(28, 130, 4, 'Otithi', 'ওতিথি', 0.00, 14, 1, '2023-06-14', '2023-06-28', '2023-06-14 02:57:47', '2023-06-14 02:57:47'),
(29, 132, 4, 'Otithi', 'ওতিথি', 0.00, 14, 1, '2023-06-14', '2023-06-28', '2023-06-14 03:03:51', '2023-06-14 03:03:51'),
(30, 133, 4, 'Otithi', 'ওতিথি', 0.00, 14, 1, '2023-06-14', '2023-06-28', '2023-06-14 03:14:03', '2023-06-14 03:14:03'),
(31, 134, 4, 'Otithi', 'ওতিথি', 0.00, 14, 1, '2023-06-14', '2023-06-28', '2023-06-14 03:26:18', '2023-06-14 03:26:18'),
(32, 144, 4, 'Otithi', 'ওতিথি', 0.00, 14, 1, '2023-06-14', '2023-06-28', '2023-06-14 04:03:14', '2023-06-14 04:03:14'),
(33, 149, 4, 'Otithi', 'ওতিথি', 0.00, 14, 1, '2023-06-14', '2023-06-28', '2023-06-14 05:08:07', '2023-06-14 05:08:07'),
(34, 150, 4, 'Otithi', 'ওতিথি', 0.00, 14, 1, '2023-06-14', '2023-06-28', '2023-06-14 05:46:27', '2023-06-14 05:46:27'),
(35, 152, 4, 'Otithi', 'ওতিথি', 0.00, 14, 1, '2023-06-14', '2023-06-28', '2023-06-14 06:17:47', '2023-06-14 06:17:47'),
(36, 153, 4, 'Otithi', 'ওতিথি', 0.00, 14, 1, '2023-06-14', '2023-06-28', '2023-06-14 06:20:52', '2023-06-14 06:20:52'),
(37, 154, 4, 'Otithi', 'ওতিথি', 0.00, 14, 1, '2023-06-14', '2023-06-28', '2023-06-14 06:29:56', '2023-06-14 06:29:56'),
(38, 60, 1, 'A1', 'সেবা', 1076.24, 122, 2, '2023-06-14', '2023-10-14', '2023-06-14 07:08:41', '2023-06-14 07:08:41'),
(39, 60, 2, 'A2', 'সেবা2', 1223.00, 1220, 5, '2023-06-14', '2026-10-16', '2023-06-14 07:28:21', '2023-06-14 07:28:21'),
(40, 164, 4, 'Otithi', 'ওতিথি', 0.00, 14, 1, '2023-07-29', '2023-08-12', '2023-07-29 05:56:07', '2023-07-29 05:56:07'),
(41, 166, 4, 'Otithi', 'ওতিথি', 0.00, 14, 1, '2023-07-30', '2023-08-13', '2023-07-30 05:29:03', '2023-07-30 05:29:03'),
(42, 164, 4, 'Otithi', 'ওতিথি', 0.00, 90, 1, '2023-08-05', '2023-11-03', '2023-08-05 06:44:10', '2023-08-05 06:44:10'),
(43, 170, 4, 'Otithi', 'ওতিথি', 0.00, 14, 1, '2023-08-09', '2023-08-23', '2023-08-09 09:03:52', '2023-08-09 09:03:52'),
(44, 173, 4, 'Otithi', 'ওতিথি', 0.00, 14, 1, '2023-08-09', '2023-08-23', '2023-08-09 09:05:16', '2023-08-09 09:05:16'),
(45, 174, 4, 'Otithi', 'ওতিথি', 0.00, 14, 1, '2023-08-10', '2023-08-24', '2023-08-10 12:49:46', '2023-08-10 12:49:46'),
(46, 177, 4, 'Otithi', 'ওতিথি', 0.00, 14, 1, '2023-08-13', '2023-08-27', '2023-08-13 12:17:05', '2023-08-13 12:17:05'),
(47, 177, 4, 'Otithi', 'ওতিথি', 0.00, 365, 1, '2023-08-14', '2024-08-13', '2023-08-14 09:33:12', '2023-08-14 09:33:12'),
(48, 180, 4, 'Otithi', 'ওতিথি', 0.00, 14, 1, '2023-08-16', '2023-08-30', '2023-08-16 06:02:28', '2023-08-16 06:02:28'),
(49, 181, 4, 'Otithi', 'ওতিথি', 0.00, 14, 1, '2023-08-16', '2023-08-30', '2023-08-16 06:15:13', '2023-08-16 06:15:13'),
(50, 182, 4, 'Otithi', 'ওতিথি', 0.00, 14, 1, '2023-08-16', '2023-08-30', '2023-08-16 06:17:24', '2023-08-16 06:17:24'),
(51, 185, 4, 'Otithi', 'ওতিথি', 0.00, 14, 1, '2023-08-18', '2023-09-01', '2023-08-18 06:56:55', '2023-08-18 06:56:55'),
(52, 187, 4, 'Otithi', 'ওতিথি', 0.00, 14, 1, '2023-08-18', '2023-09-01', '2023-08-18 07:09:19', '2023-08-18 07:09:19'),
(53, 37, 4, 'Otithi', 'ওতিথি', 0.00, 365, 1, '2023-08-19', '2024-08-18', '2023-08-19 09:26:30', '2023-08-19 09:26:30'),
(54, 189, 4, 'Otithi', 'ওতিথি', 0.00, 14, 1, '2023-08-20', '2023-09-03', '2023-08-20 07:36:43', '2023-08-20 07:36:43'),
(55, 191, 4, 'Otithi', 'ওতিথি', 0.00, 14, 1, '2023-08-20', '2023-09-03', '2023-08-20 11:30:58', '2023-08-20 11:30:58'),
(56, 192, 4, 'Otithi', 'ওতিথি', 0.00, 14, 1, '2023-08-20', '2023-09-03', '2023-08-20 11:32:19', '2023-08-20 11:32:19'),
(57, 193, 4, 'Otithi', 'ওতিথি', 0.00, 14, 1, '2023-08-20', '2023-09-03', '2023-08-20 11:35:32', '2023-08-20 11:35:32'),
(58, 197, 4, 'Otithi', 'ওতিথি', 0.00, 14, 1, '2023-08-21', '2023-09-04', '2023-08-21 09:17:13', '2023-08-21 09:17:13'),
(59, 198, 4, 'Otithi', 'ওতিথি', 0.00, 14, 1, '2023-08-22', '2023-09-05', '2023-08-22 06:26:26', '2023-08-22 06:26:26'),
(60, 201, 4, 'Otithi', 'ওতিথি', 0.00, 14, 1, '2023-08-22', '2023-09-05', '2023-08-22 07:18:54', '2023-08-22 07:18:54'),
(61, 203, 4, 'Otithi', 'ওতিথি', 0.00, 14, 1, '2023-08-23', '2023-09-06', '2023-08-23 09:40:17', '2023-08-23 09:40:17'),
(62, 164, 1, 'Jamidari Package', 'জমিদারি প্যাকেজ', 550.00, 30, 2, '2023-08-23', '2023-09-22', '2023-08-23 13:53:06', '2023-08-23 13:53:06'),
(63, 204, 4, 'Otithi', 'ওতিথি', 0.00, 14, 1, '2023-08-24', '2023-09-07', '2023-08-24 10:12:00', '2023-08-24 10:12:00'),
(64, 205, 4, 'Otithi', 'ওতিথি', 0.00, 14, 1, '2023-08-24', '2023-09-07', '2023-08-24 10:48:45', '2023-08-24 10:48:45'),
(65, 206, 4, 'Otithi', 'ওতিথি', 0.00, 14, 1, '2023-08-28', '2023-09-11', '2023-08-28 04:52:47', '2023-08-28 04:52:47'),
(66, 207, 4, 'Otithi', 'ওতিথি', 0.00, 14, 1, '2023-08-29', '2023-09-12', '2023-08-29 08:49:07', '2023-08-29 08:49:07'),
(67, 164, 1, 'Jamidari Package', 'জমিদারি প্যাকেজ', 550.00, 30, 2, '2023-08-29', '2023-09-28', '2023-08-29 11:34:40', '2023-08-29 11:34:40'),
(68, 164, 5, 'Nababi Package', 'নবাবী প্যাকেজ', 5000.00, 365, 5, '2023-08-29', '2024-08-28', '2023-08-29 11:44:46', '2023-08-29 11:44:46'),
(69, 207, 4, 'Otithi', 'ওতিথি', 0.00, 365, 1, '2023-08-30', '2024-08-29', '2023-08-30 09:28:45', '2023-08-30 09:28:45'),
(70, 174, 4, 'Otithi', 'ওতিথি', 0.00, 365, 1, '2023-08-30', '2024-08-29', '2023-08-30 09:29:55', '2023-08-30 09:29:55'),
(71, 211, 4, 'Otithi', 'ওতিথি', 0.00, 14, 1, '2023-09-02', '2023-09-16', '2023-09-02 06:24:11', '2023-09-02 06:24:11'),
(72, 218, 4, 'Otithi', 'ওতিথি', 0.00, 90, 1, '2023-09-06', '2023-12-05', '2023-09-06 11:18:23', '2023-09-06 11:18:23'),
(73, 180, 4, 'Otithi', 'ওতিথি', 0.00, 120, 1, '2023-09-06', '2024-01-04', '2023-09-06 11:21:18', '2023-09-06 11:21:18'),
(74, 62, 4, 'Otithi', 'ওতিথি', 0.00, 120, 1, '2023-09-06', '2024-01-04', '2023-09-06 11:26:09', '2023-09-06 11:26:09'),
(75, 62, 4, 'Otithi', 'ওতিথি', 0.00, 90, 1, '2023-09-06', '2023-12-05', '2023-09-06 11:30:39', '2023-09-06 11:30:39'),
(76, 219, 4, 'Otithi', 'ওতিথি', 0.00, 90, 1, '2023-09-06', '2023-12-05', '2023-09-06 11:34:17', '2023-09-06 11:34:17'),
(77, 204, 4, 'Otithi', 'ওতিথি', 0.00, 365, 1, '2023-09-12', '2024-09-11', '2023-09-12 14:13:19', '2023-09-12 14:13:19'),
(78, 48, 1, 'Jamidari Package', 'জমিদারি প্যাকেজ', 3000.00, 365, 2, '2023-09-20', '2024-09-19', '2023-09-20 04:40:19', '2023-09-20 04:40:19'),
(79, 49, 1, 'Jamidari Package', 'জমিদারি প্যাকেজ', 3000.00, 365, 2, '2023-09-20', '2024-09-19', '2023-09-20 04:45:40', '2023-09-20 04:45:40'),
(80, 50, 1, 'Jamidari Package', 'জমিদারি প্যাকেজ', 2400.00, 365, 2, '2023-09-20', '2024-09-19', '2023-09-20 12:42:33', '2023-09-20 12:42:33');

-- --------------------------------------------------------

--
-- Table structure for table `subscription_reminders`
--

CREATE TABLE `subscription_reminders` (
  `id` bigint(20) UNSIGNED NOT NULL,
  `subscription_history_id` bigint(20) UNSIGNED NOT NULL,
  `duration` int(10) UNSIGNED NOT NULL,
  `reminder` int(10) UNSIGNED NOT NULL,
  `created_at` timestamp NULL DEFAULT NULL,
  `updated_at` timestamp NULL DEFAULT NULL
) ENGINE=InnoDB DEFAULT CHARSET=utf8mb4 COLLATE=utf8mb4_unicode_ci;

--
-- Dumping data for table `subscription_reminders`
--

INSERT INTO `subscription_reminders` (`id`, `subscription_history_id`, `duration`, `reminder`, `created_at`, `updated_at`) VALUES
(1, 1, 10, 2, '2022-11-30 11:46:19', '2022-11-30 11:46:19'),
(2, 2, 100, 1, '2022-11-30 11:46:42', '2022-11-30 11:46:42'),
(3, 3, 10, 1, '2022-12-01 05:28:22', '2022-12-01 05:28:22'),
(4, 4, 18, 2, '2023-02-15 14:56:18', '2023-02-27 19:47:06'),
(5, 39, 2, 2, '2023-08-01 07:08:00', '2023-08-01 07:08:17'),
(6, 42, 3, 1, '2023-08-07 16:30:21', '2023-08-07 16:30:37'),
(7, 77, 6, 1, '2023-09-12 14:16:54', '2023-09-12 14:16:58');

-- --------------------------------------------------------

--
-- Table structure for table `suppliers`
--

CREATE TABLE `suppliers` (
  `id` bigint(20) UNSIGNED NOT NULL,
  `user_id` bigint(20) UNSIGNED NOT NULL,
  `name` varchar(255) NOT NULL,
  `phone` varchar(255) NOT NULL,
  `group_id` int(11) DEFAULT NULL,
  `email` varchar(255) DEFAULT NULL,
  `address` varchar(255) DEFAULT NULL,
  `image` varchar(255) DEFAULT NULL,
  `amount` int(11) NOT NULL DEFAULT 0,
  `modify_date` timestamp NULL DEFAULT NULL,
  `type` tinyint(1) NOT NULL DEFAULT 1,
  `created_at` timestamp NULL DEFAULT NULL,
  `updated_at` timestamp NULL DEFAULT NULL
) ENGINE=InnoDB DEFAULT CHARSET=utf8mb4 COLLATE=utf8mb4_unicode_ci;

--
-- Dumping data for table `suppliers`
--

INSERT INTO `suppliers` (`id`, `user_id`, `name`, `phone`, `group_id`, `email`, `address`, `image`, `amount`, `modify_date`, `type`, `created_at`, `updated_at`) VALUES
(1, 5, 'Rokib', '98765411', 7, 'usupplier@gmail.com', 'second supplier address is here11', NULL, 13320, '2023-03-22 18:00:00', 1, '2022-11-30 12:29:57', '2023-03-28 09:55:46'),
(2, 4, 'supplier 1', '98765432145', NULL, 'supplier@gmail.com', 'second customer address is here', NULL, 0, NULL, 1, '2022-12-01 05:15:46', '2022-12-01 05:15:46'),
(3, 4, 'supplier 2', '98765432145', NULL, 'supplier@gmail.com', 'second customer address is here', NULL, 0, NULL, 1, '2022-12-01 05:15:54', '2022-12-01 05:15:54'),
(4, 5, 'supp', '98765432145', NULL, 'supplier@gmail.com', 'second customer address is here', NULL, -9400, '2023-02-27 19:18:54', 1, '2022-12-27 22:22:11', '2023-02-27 19:18:54'),
(5, 5, 'updated supplier', '98765411', NULL, 'usupplier@gmail.com', 'second supplier address is here11', NULL, 0, '2023-02-25 16:40:37', 1, '2023-01-16 16:02:56', '2023-02-25 16:40:37'),
(6, 5, 'Mahi', '98765411', NULL, 'usupplier@gmail.com', 'second supplier address is here11', 'images/supplier/1755154184161122.jpg', 1550, '2023-02-25 16:40:55', 1, '2023-01-16 16:04:26', '2023-02-25 16:40:55'),
(7, 5, 'Rasel', '98765411', NULL, 'usupplier@gmail.com', 'second supplier address is here11', 'images/supplier/1755154422098074.jpg', 0, NULL, 1, '2023-01-16 16:08:13', '2023-01-19 18:49:41'),
(8, 5, 'Sohan 12', '98765411', NULL, 'usupplier@gmail.com', 'second supplier address is here11', 'images/supplier/1755154549536655.jpg', 0, '2023-02-25 05:00:00', 1, '2023-01-16 16:10:15', '2023-02-25 22:27:39'),
(9, 5, 'Shamim hasan', '01987567890', NULL, 'pos@gmail.com', 'dhaka bangladesh', NULL, 0, NULL, 1, '2023-02-03 16:21:55', '2023-02-03 16:21:55'),
(10, 5, 'rasel Ahmed', '01768463623', NULL, 'yyuuu', 'fhfyuub', NULL, 0, NULL, 1, '2023-02-03 16:22:46', '2023-02-03 16:22:46'),
(11, 5, 'hasan', '01987565321', NULL, NULL, NULL, NULL, 750, '2023-02-25 16:37:16', 1, '2023-02-04 01:44:05', '2023-02-25 16:37:16'),
(12, 5, 'hasanuzzaman', '01987563431', NULL, 'pos@gmail.com', 'Dhaka', NULL, 0, NULL, 1, '2023-02-04 20:38:38', '2023-02-04 20:38:38'),
(13, 5, 'majhar', '01912567890', NULL, NULL, NULL, NULL, 5000, '2022-01-01 05:00:00', 1, '2023-02-27 14:19:51', '2023-02-27 14:19:51'),
(14, 5, 'talukder', '01967907865', NULL, NULL, NULL, NULL, 5000, '2023-02-27 05:00:00', 1, '2023-02-27 14:32:22', '2023-02-27 14:32:22'),
(15, 5, 'MASUD vai', '01946334578', NULL, NULL, NULL, NULL, -7000, '2023-02-27 14:44:36', 1, '2023-02-27 14:36:32', '2023-02-27 14:44:36'),
(16, 39, 'Abdul Mannan Pabna', '017-421-87340', NULL, NULL, NULL, NULL, 16000, '2023-03-02 19:22:38', 1, '2023-02-27 16:36:29', '2023-03-02 19:22:38'),
(17, 39, 'hasan ali talukdar', '01987564321', NULL, 'pos@gmail.com', 'Tangail', NULL, 20000, '2022-02-02 05:00:00', 1, '2023-02-27 16:47:03', '2023-02-27 16:47:03'),
(18, 39, 'Abdul Hamid', '01789564321', NULL, 'Hamid @gmail.com', 'Dhaka', NULL, 10000, '2023-03-02 22:14:23', 1, '2023-02-27 17:11:45', '2023-03-02 22:14:23'),
(19, 39, 'Abdul awoal', '01678096754', NULL, 'pos@gmail.com', 'Dhaka', NULL, -2000, '2023-03-03 03:15:22', 1, '2023-02-27 17:22:58', '2023-03-03 03:15:22'),
(20, 39, 'hasanur rahman', '019870675432', NULL, 'pos@gmail.com', 'Dhaka', NULL, 80000, '2021-02-01 05:00:00', 1, '2023-02-27 17:25:25', '2023-02-27 17:25:53'),
(21, 39, 'Rakibul islam', '01978086754', NULL, 'pos@gmail.com', 'Dhaka, Bangladesh', NULL, 55000, '2022-05-05 04:00:00', 1, '2023-02-27 17:28:10', '2023-02-27 17:28:10'),
(22, 39, 'majhar', '01987654212', NULL, 'pos@gmail.com', 'Dhaka', 'images/supplier/1758964913607565.jpg', 60000, '2023-02-28 04:50:07', 1, '2023-02-27 17:31:09', '2023-02-28 04:50:07'),
(23, 39, 'Raisul Islam asad', '01752369852', NULL, 'asad@gmail.com', 'Dhaka Bangladesh', NULL, 96000, '2023-02-28 04:18:12', 1, '2023-02-27 20:05:03', '2023-02-28 04:18:12'),
(24, 39, 'Rasel Ahmed', '01963532142', NULL, NULL, NULL, NULL, 90000, '2023-03-02 22:07:23', 1, '2023-03-01 18:24:18', '2023-03-02 22:07:23'),
(25, 39, 'ruhul Ami', '01963852447', NULL, NULL, NULL, NULL, 20000, '2022-03-01 05:00:00', 1, '2023-03-01 19:32:54', '2023-03-01 19:32:54'),
(26, 39, 'hasan', '0963528741', NULL, NULL, NULL, NULL, 320000, '2023-03-02 22:39:28', 1, '2023-03-01 22:13:13', '2023-03-02 22:39:28'),
(27, 39, 'Mahmud hasan prince', '01723698532', NULL, 'mahmud@gmail.com', 'dhaka', NULL, 5000, '2023-03-01 05:00:00', 1, '2023-03-02 04:47:27', '2023-03-02 04:47:27'),
(28, 39, 'salam talukdar shahriar ali', '01632896352', NULL, 'salam@gmail.com', 'dhaka', NULL, 500000, '2023-03-02 16:18:17', 1, '2023-03-02 04:51:32', '2023-03-02 16:18:17'),
(29, 39, 'shahidul Islam shahid', '01856324125', NULL, 'shahid@gmail.com', 'house:123,Road-56/B,porbok Rajabazar,Dhaka-1205.', NULL, 256000, '2023-03-02 19:29:54', 1, '2023-03-02 15:54:04', '2023-03-02 19:29:54'),
(30, 39, 'jahidul Islam Kabir', '01785639632', NULL, 'pos@gmail.com', 'dhaka', NULL, 17240, '2023-03-03 05:00:00', 1, '2023-03-03 19:27:21', '2023-03-03 19:27:21'),
(31, 39, 'latif hayder chowdhury', '01985362141', NULL, 'lafif@gmail.com', 'farmgate', NULL, 1720, '2023-03-03 05:00:00', 1, '2023-03-03 19:30:37', '2023-03-03 19:30:37'),
(32, 5, 'Guest Supplier', '123456', NULL, NULL, NULL, NULL, 0, NULL, 0, NULL, NULL),
(33, 41, 'GS_pos Business', '123456', NULL, NULL, NULL, NULL, 0, NULL, 0, '2023-03-27 03:43:56', '2023-03-27 03:43:56'),
(34, 41, 'Supplier man 1', '01456985632', NULL, NULL, NULL, NULL, 8080, '2023-03-31 18:00:00', 1, '2023-03-30 08:25:25', '2023-04-01 11:59:19'),
(35, 41, 'Supplier man 2', '01414785236', NULL, NULL, NULL, NULL, -100, '2023-03-29 18:00:00', 1, '2023-03-30 08:28:19', '2023-03-30 08:28:19'),
(36, 41, 'Sullier man 3', '01578963214', NULL, NULL, NULL, NULL, 2000, '2023-03-29 18:00:00', 1, '2023-03-30 08:39:04', '2023-03-30 08:39:04'),
(37, 42, 'GUEST SUPPLIER', '123456', NULL, NULL, NULL, NULL, 0, NULL, 0, '2023-04-01 10:34:14', '2023-04-01 10:34:14'),
(38, 44, 'GUEST SUPPLIER', '123456', NULL, NULL, NULL, NULL, 0, NULL, 0, '2023-04-01 10:53:52', '2023-04-01 10:53:52'),
(39, 45, 'GUEST SUPPLIER', '123456', NULL, NULL, NULL, NULL, 0, NULL, 0, '2023-04-02 14:40:35', '2023-04-02 14:40:35'),
(40, 45, 'hasan patoary', '01923693251', NULL, NULL, NULL, NULL, 1000, '2023-04-05 04:00:00', 1, '2023-04-03 10:35:07', '2023-04-05 17:03:02'),
(41, 45, 'ab Salam khan', '01963865241', NULL, NULL, NULL, NULL, 12500, '2022-12-07 05:00:00', 1, '2023-04-03 17:19:10', '2023-04-03 17:19:10'),
(42, 45, 'Shajon hossen raju', '01953635287', NULL, NULL, NULL, NULL, 2500, '2023-04-03 04:00:00', 1, '2023-04-03 17:28:31', '2023-04-03 17:28:31'),
(43, 45, 'ruhul Amin', '01932563241', NULL, NULL, NULL, NULL, -2330, '2023-04-01 04:00:00', 1, '2023-04-04 08:48:28', '2023-04-04 08:48:28'),
(44, 45, 'Nasir uddin akondo', '0195325417', NULL, 'pos', 'dfgji Khub', NULL, -6300, '2023-04-04 04:00:00', 1, '2023-04-04 10:01:38', '2023-04-04 10:01:38'),
(45, 45, 'abul FAYSAL', '01872369632', NULL, 'fhhj', 'sfgh hioo fhjk', NULL, 2321, '2023-04-18 18:00:00', 1, '2023-04-04 10:03:51', '2023-04-19 03:38:55'),
(46, 45, 'sabikun nahar', '01642869532', NULL, 'dhhy ahgy', 'dhahsghk gjhyh', NULL, -8690, '2023-04-01 04:00:00', 1, '2023-04-04 20:36:45', '2023-04-04 20:36:45'),
(47, 45, 'mossarif hossen', '01953254179', NULL, 'fhhj sfgh', 'fhhj fhjk', NULL, -9020, '2023-04-01 04:00:00', 1, '2023-04-04 20:49:23', '2023-04-04 20:49:23'),
(48, 45, 'MOSIUR rahman', '01752639635', NULL, NULL, NULL, NULL, 3000, '2023-04-05 04:00:00', 1, '2023-04-05 07:20:31', '2023-04-05 17:16:02'),
(49, 46, 'GUEST SUPPLIER', '123456', NULL, NULL, NULL, NULL, 0, NULL, 0, '2023-04-06 08:37:07', '2023-04-06 08:37:07'),
(50, 45, 'test 6', '0196352412', NULL, NULL, NULL, NULL, -6390, '2023-04-01 04:00:00', 1, '2023-04-06 09:05:46', '2023-04-06 09:05:46'),
(51, 45, 'aninul Islam', '01932568324', NULL, NULL, NULL, NULL, 500, '2023-04-14 04:00:00', 1, '2023-04-14 10:55:28', '2023-04-14 17:42:00'),
(52, 47, 'GUEST SUPPLIER', '123456', NULL, NULL, NULL, NULL, 0, NULL, 0, '2023-04-19 15:27:39', '2023-04-19 15:27:39'),
(53, 48, 'GUEST SUPPLIER', '123456', NULL, NULL, NULL, NULL, 0, NULL, 0, '2023-04-19 15:28:49', '2023-04-19 15:28:49'),
(54, 49, 'GUEST SUPPLIER', '123456', NULL, NULL, NULL, NULL, 0, NULL, 0, '2023-04-19 15:29:02', '2023-04-19 15:29:02'),
(55, 50, 'GUEST SUPPLIER', '123456', NULL, NULL, NULL, NULL, 0, NULL, 0, '2023-04-19 15:29:11', '2023-04-19 15:29:11'),
(56, 47, 'Mr Tamim', '01521212575', NULL, NULL, NULL, NULL, 0, '2023-04-24 04:00:00', 1, '2023-04-19 20:04:43', '2023-04-24 16:41:23'),
(57, 49, 'Fahim', '01234567890', 18, NULL, 'uttara', NULL, 0, '2023-04-19 04:00:00', 1, '2023-04-19 23:03:38', '2023-04-20 03:27:54'),
(58, 49, 'Sohan', '01234568792', 19, NULL, 'Azimpur', NULL, 0, '2023-04-20 04:00:00', 1, '2023-04-20 00:07:51', '2023-04-20 00:07:51'),
(59, 50, 'Al Hafiz', '0170000000', NULL, NULL, NULL, NULL, 0, '2023-04-20 04:00:00', 1, '2023-04-20 01:05:55', '2023-04-20 01:05:55'),
(60, 51, 'GUEST SUPPLIER', '123456', NULL, NULL, NULL, NULL, 0, NULL, 0, '2023-04-20 02:50:22', '2023-04-20 02:50:22'),
(61, 48, 'Sujan', '01521212575', NULL, NULL, NULL, NULL, 0, '2023-04-20 04:00:00', 1, '2023-04-20 10:06:32', '2023-04-20 10:06:32'),
(62, 48, 'Mr Tamim', '08546321708', NULL, NULL, NULL, NULL, 0, '2023-04-20 04:00:00', 1, '2023-04-20 10:14:01', '2023-04-20 10:14:01'),
(63, 48, 'Ibrahim', '886955555', NULL, NULL, NULL, 'images/supplier/1763678099134826.jpg', 0, '2023-04-20 04:00:00', 1, '2023-04-20 11:08:25', '2023-04-20 11:08:25'),
(64, 57, 'GUEST SUPPLIER', '123456', NULL, NULL, NULL, NULL, 0, NULL, 0, '2023-04-29 16:48:32', '2023-04-29 16:48:32'),
(65, 58, 'GUEST SUPPLIER', '123456', NULL, NULL, NULL, NULL, 0, NULL, 0, '2023-04-29 16:55:10', '2023-04-29 16:55:10'),
(66, 58, 'Rahi', '01521212125', 20, NULL, NULL, 'images/supplier/1764529801773516.jpg', 0, '2023-04-29 04:00:00', 1, '2023-04-29 20:45:52', '2023-04-29 20:45:52'),
(67, 58, 'Masfiq', '01777563258', NULL, NULL, '52/A', 'images/supplier/1764533398156078.jpg', 500, '2023-04-05 04:00:00', 1, '2023-04-29 21:43:02', '2023-04-29 21:43:02'),
(68, 47, 'Hasan Talukder', '01953036969', 22, 'hasan@gmail.com', 'Raza Bazar,Dhaka-1205', NULL, 6000, '2023-04-01 04:00:00', 1, '2023-04-30 18:41:26', '2023-04-30 18:41:26'),
(69, 59, 'GUEST SUPPLIER', '123456', NULL, NULL, NULL, NULL, 0, NULL, 0, '2023-04-30 21:59:10', '2023-04-30 21:59:10'),
(70, 59, 'Harun talukder', '01712568932', 23, 'harun@gmail.com', 'Mirpur duaripara,Dhaka', NULL, 8000, '2023-04-01 04:00:00', 1, '2023-05-01 03:22:36', '2023-05-01 03:22:36'),
(71, 59, 'Rausul Islam Asad', '01916085838', 24, 'raisul@gmail.com', 'Rajshahi', NULL, 5222, '2023-03-01 05:00:00', 1, '2023-05-01 16:18:18', '2023-05-01 16:18:18'),
(72, 60, 'GUEST SUPPLIER', '123456', NULL, NULL, NULL, NULL, 0, NULL, 0, '2023-05-02 18:56:57', '2023-05-02 18:56:57'),
(73, 60, 'Solaiman hossen Lal', '01823569382', 26, 'Solaiman@gmail.com', 'Jamalpur', NULL, 1230, '2023-05-08 04:00:00', 1, '2023-05-02 20:30:30', '2023-05-08 17:27:17'),
(74, 60, 'Rakibul Islan', '01963538625', 27, 'rakib@gmail.com', 'Dhaka', NULL, 600, '2023-02-02 05:00:00', 1, '2023-05-02 22:06:39', '2023-05-02 22:06:39'),
(75, 61, 'GUEST SUPPLIER', '123456', NULL, NULL, NULL, NULL, 0, NULL, 0, '2023-05-03 16:32:08', '2023-05-03 16:32:08'),
(76, 62, 'GUEST SUPPLIER', '123456', NULL, NULL, NULL, NULL, 0, NULL, 0, '2023-05-04 17:41:48', '2023-05-04 17:41:48'),
(77, 62, 'Jamil chowdhury', '01923635287', 29, NULL, NULL, NULL, 500, '2023-05-01 04:00:00', 1, '2023-05-04 17:45:48', '2023-05-04 17:45:48'),
(78, 62, 'raihan', '0192356352', NULL, NULL, NULL, NULL, 600, '2023-05-02 04:00:00', 1, '2023-05-04 17:49:09', '2023-05-04 17:49:09'),
(79, 60, 'Abul barakat', '01832963521', NULL, NULL, NULL, NULL, 2500, '2023-03-01 05:00:00', 1, '2023-05-06 03:32:05', '2023-05-06 03:32:05'),
(80, 60, 'samiul hasan', '019635235241', NULL, NULL, NULL, NULL, 5210, '2023-05-01 04:00:00', 1, '2023-05-06 14:50:23', '2023-05-06 14:50:23'),
(81, 63, 'GUEST SUPPLIER', '123456', NULL, NULL, NULL, NULL, 0, NULL, 0, '2023-05-06 18:13:45', '2023-05-06 18:13:45'),
(82, 63, 'Abu Zafar', '017123698632', 32, 'zafar@gmail.com', 'dhaka', NULL, 5000, '2023-05-01 04:00:00', 1, '2023-05-06 18:16:18', '2023-05-06 18:16:18'),
(83, 64, 'GUEST SUPPLIER', '123456', NULL, NULL, NULL, NULL, 0, NULL, 0, '2023-05-07 04:15:46', '2023-05-07 04:15:46'),
(84, 64, 'shohel', '01923563521', NULL, NULL, NULL, NULL, 0, '2023-05-07 04:00:00', 1, '2023-05-07 04:17:59', '2023-05-07 04:17:59'),
(85, 64, 'shaikat', '019235632524', NULL, 'shaikat@gmail.com', 'Dhaka', NULL, 1520, '2023-04-28 04:00:00', 1, '2023-05-07 15:06:13', '2023-05-07 18:18:56'),
(86, 63, 'taisul hasan monir', '01912865232', NULL, NULL, NULL, NULL, 650, '2023-05-01 04:00:00', 1, '2023-05-07 15:32:16', '2023-05-07 15:32:16'),
(87, 64, 'samaun', '01963532147', NULL, NULL, NULL, NULL, 1000, '2023-05-06 04:00:00', 1, '2023-05-07 17:49:40', '2023-05-07 17:54:15'),
(88, 63, 'Zafar Ali matabbor', '01963535241', NULL, NULL, NULL, NULL, 680, '2023-05-01 04:00:00', 1, '2023-05-09 19:39:46', '2023-05-09 19:39:46'),
(89, 63, 'alamgir', '01963524154', NULL, NULL, NULL, NULL, 500, '2023-05-01 04:00:00', 1, '2023-05-10 20:11:01', '2023-05-10 20:11:01'),
(90, 63, 'ab samad', '01725638521', NULL, NULL, NULL, NULL, 0, '2023-05-10 04:00:00', 1, '2023-05-11 03:37:32', '2023-05-11 03:37:32'),
(91, 64, 'Sumon', '01712369632', NULL, NULL, NULL, NULL, 800, '2023-05-01 04:00:00', 1, '2023-05-12 03:44:47', '2023-05-12 03:44:47'),
(92, 65, 'GUEST SUPPLIER', '123456', NULL, NULL, NULL, NULL, 0, NULL, 0, '2023-05-13 16:10:43', '2023-05-13 16:10:43'),
(93, 65, 'Mr Hasan', '01552369632', NULL, NULL, NULL, NULL, 6000, '2023-05-15 04:00:00', 1, '2023-05-13 19:19:42', '2023-05-16 03:50:50'),
(94, 65, 'Mr kaswr', '01852639632', NULL, NULL, NULL, NULL, 5000, '2023-05-01 04:00:00', 1, '2023-05-13 19:39:36', '2023-05-13 19:39:36'),
(95, 65, 'mafiqul', '01916853241', NULL, NULL, NULL, NULL, 0, '2023-05-15 04:00:00', 1, '2023-05-16 03:58:08', '2023-05-16 03:58:08'),
(96, 66, 'GUEST SUPPLIER', '123456', NULL, NULL, NULL, NULL, 0, '2023-05-22 04:00:00', 0, '2023-05-17 23:18:19', '2023-05-22 18:47:11'),
(97, 66, 'Hasan Pallabi', '01912639685', 37, 'hasan@gmail.com', 'Pallabi,Dhaka 1250', NULL, 520, '2023-05-01 04:00:00', 1, '2023-05-18 00:36:13', '2023-05-18 00:36:13'),
(98, 66, 'Nabin talukder', '01712637854', 38, 'nabin@gmail.com', 'Dhaka, Bangladesh', NULL, 14000, '2023-05-21 04:00:00', 1, '2023-05-18 02:14:56', '2023-05-21 17:18:21'),
(99, 66, 'Mohiuddin', '01752365247', 38, 'mod@gmail.com', 'Dhaka Bangladesh', NULL, 5000, '2023-05-01 04:00:00', 1, '2023-05-18 20:49:51', '2023-05-18 20:49:51'),
(100, 67, 'GUEST SUPPLIER', '123456', NULL, NULL, NULL, NULL, 0, NULL, 0, '2023-05-22 03:01:37', '2023-05-22 03:01:37'),
(101, 67, 'Test supplier 1', '01852639853', NULL, NULL, NULL, NULL, 8000, '2023-05-21 04:00:00', 1, '2023-05-22 03:12:36', '2023-05-22 03:16:54'),
(102, 68, 'GUEST SUPPLIER', '123456', NULL, NULL, NULL, NULL, 0, NULL, 0, '2023-05-22 15:35:18', '2023-05-22 15:35:18'),
(103, 68, 'Foisal', '12345678908', 42, NULL, NULL, NULL, 0, '2023-05-22 04:00:00', 1, '2023-05-22 15:37:14', '2023-05-22 15:37:39'),
(104, 71, 'GUEST SUPPLIER', '123456', NULL, NULL, NULL, NULL, 0, NULL, 0, '2023-05-23 17:22:33', '2023-05-23 17:22:33'),
(105, 71, 'Abu adnan', '01712639865', 44, 'abu@gmail.com', 'Dhaka', NULL, 2000, '2023-05-01 04:00:00', 1, '2023-05-23 17:30:55', '2023-05-23 17:30:55'),
(106, 72, 'GUEST SUPPLIER', '123456', NULL, NULL, NULL, NULL, 0, NULL, 0, '2023-05-24 14:32:16', '2023-05-24 14:32:16'),
(107, 71, 'majhar', '01923563524', NULL, NULL, NULL, NULL, 0, '2023-05-24 04:00:00', 1, '2023-05-24 14:56:55', '2023-05-24 14:56:55'),
(108, 71, 'jaynak abedin', '01712369852', 44, NULL, NULL, NULL, 6000, '2023-05-01 04:00:00', 1, '2023-05-26 02:24:12', '2023-05-26 02:24:12'),
(109, 71, 'samiul islam', '01712369852', NULL, NULL, NULL, NULL, 4000, '2023-05-01 04:00:00', 1, '2023-05-26 02:30:50', '2023-05-26 02:30:50'),
(110, 73, 'GUEST SUPPLIER', '123456', NULL, NULL, NULL, NULL, 0, NULL, 0, '2023-05-26 23:46:50', '2023-05-26 23:46:50'),
(111, 73, 'Kazi Aolad', '01712577742', 47, 'kazi@gmail.com', 'Dhaka-1210', NULL, 5000, '2023-05-01 04:00:00', 1, '2023-05-27 00:00:29', '2023-05-27 00:00:29'),
(112, 73, 'Hasan Sumon', '01923639685', 47, 'hasan@gmail.com', 'Dhaka', NULL, 10000, '2023-05-01 04:00:00', 1, '2023-05-27 00:34:20', '2023-05-27 00:34:20'),
(113, 74, 'GUEST SUPPLIER', '123456', NULL, NULL, NULL, NULL, 0, NULL, 0, '2023-06-07 05:02:08', '2023-06-07 05:02:08'),
(114, 75, 'GUEST SUPPLIER', '123456', NULL, NULL, NULL, NULL, 0, NULL, 0, '2023-06-07 23:18:04', '2023-06-07 23:18:04'),
(115, 77, 'GUEST SUPPLIER', '123456', NULL, NULL, NULL, NULL, 0, NULL, 0, '2023-06-07 23:18:59', '2023-06-07 23:18:59'),
(116, 82, 'GUEST SUPPLIER', '123456', NULL, NULL, NULL, NULL, 0, NULL, 0, '2023-06-08 00:58:42', '2023-06-08 00:58:42'),
(117, 99, 'GUEST SUPPLIER', '123456', NULL, NULL, NULL, NULL, 0, NULL, 0, '2023-06-08 01:09:26', '2023-06-08 01:09:26'),
(118, 101, 'GUEST SUPPLIER', '123456', NULL, NULL, NULL, NULL, 0, NULL, 0, '2023-06-08 01:11:06', '2023-06-08 01:11:06'),
(119, 111, 'GUEST SUPPLIER', '123456', NULL, NULL, NULL, NULL, 0, NULL, 0, '2023-06-08 04:34:03', '2023-06-08 04:34:03'),
(120, 115, 'GUEST SUPPLIER', '123456', NULL, NULL, NULL, NULL, 0, NULL, 0, '2023-06-08 05:04:44', '2023-06-08 05:04:44'),
(121, 116, 'GUEST SUPPLIER', '123456', NULL, NULL, NULL, NULL, 0, NULL, 0, '2023-06-08 05:06:43', '2023-06-08 05:06:43'),
(122, 117, 'GUEST SUPPLIER', '123456', NULL, NULL, NULL, NULL, 0, NULL, 0, '2023-06-08 05:08:19', '2023-06-08 05:08:19'),
(123, 118, 'GUEST SUPPLIER', '123456', NULL, NULL, NULL, NULL, 0, NULL, 0, '2023-06-12 06:50:33', '2023-06-12 06:50:33'),
(124, 121, 'GUEST SUPPLIER', '123456', NULL, NULL, NULL, NULL, 0, NULL, 0, '2023-06-12 07:04:22', '2023-06-12 07:04:22'),
(125, 122, 'GUEST SUPPLIER', '123456', NULL, NULL, NULL, NULL, 0, NULL, 0, '2023-06-12 07:23:46', '2023-06-12 07:23:46'),
(126, 123, 'GUEST SUPPLIER', '123456', NULL, NULL, NULL, NULL, 0, NULL, 0, '2023-06-12 07:29:37', '2023-06-12 07:29:37'),
(127, 129, 'GUEST SUPPLIER', '123456', NULL, NULL, NULL, NULL, 0, NULL, 0, '2023-06-14 02:56:43', '2023-06-14 02:56:43'),
(128, 130, 'GUEST SUPPLIER', '123456', NULL, NULL, NULL, NULL, 0, NULL, 0, '2023-06-14 02:57:47', '2023-06-14 02:57:47'),
(129, 132, 'GUEST SUPPLIER', '123456', NULL, NULL, NULL, NULL, 0, NULL, 0, '2023-06-14 03:03:51', '2023-06-14 03:03:51'),
(130, 133, 'GUEST SUPPLIER', '123456', NULL, NULL, NULL, NULL, 0, NULL, 0, '2023-06-14 03:14:03', '2023-06-14 03:14:03'),
(131, 134, 'GUEST SUPPLIER', '123456', NULL, NULL, NULL, NULL, 0, NULL, 0, '2023-06-14 03:26:18', '2023-06-14 03:26:18'),
(132, 144, 'GUEST SUPPLIER', '123456', NULL, NULL, NULL, NULL, 0, NULL, 0, '2023-06-14 04:03:14', '2023-06-14 04:03:14'),
(133, 149, 'GUEST SUPPLIER', '123456', NULL, NULL, NULL, NULL, 0, NULL, 0, '2023-06-14 05:08:07', '2023-06-14 05:08:07'),
(134, 65, 'tariqul islan', '01721369852', NULL, NULL, NULL, NULL, 5000, '2023-05-31 18:00:00', 1, '2023-06-14 05:14:30', '2023-06-14 05:14:30'),
(135, 150, 'GUEST SUPPLIER', '123456', NULL, NULL, NULL, NULL, 0, NULL, 0, '2023-06-14 05:46:27', '2023-06-14 05:46:27'),
(136, 152, 'GUEST SUPPLIER', '123456', NULL, NULL, NULL, NULL, 0, NULL, 0, '2023-06-14 06:17:47', '2023-06-14 06:17:47'),
(137, 153, 'GUEST SUPPLIER', '123456', NULL, NULL, NULL, NULL, 0, NULL, 0, '2023-06-14 06:20:52', '2023-06-14 06:20:52'),
(138, 154, 'GUEST SUPPLIER', '123456', NULL, NULL, NULL, NULL, 0, NULL, 0, '2023-06-14 06:29:56', '2023-06-14 06:29:56'),
(139, 65, 'shadhin', '01712639685', NULL, NULL, NULL, NULL, 0, '2023-05-31 18:00:00', 1, '2023-06-28 11:34:31', '2023-06-28 11:34:31'),
(140, 65, 'sabit ali', '01923568932', NULL, NULL, NULL, NULL, 5000, '2023-05-31 18:00:00', 1, '2023-06-28 15:16:51', '2023-06-28 15:16:51'),
(141, 65, 'Tareque nadud', '01923635241', NULL, NULL, NULL, NULL, 10000, '2023-06-01 18:00:00', 1, '2023-06-28 15:19:01', '2023-06-28 15:19:01'),
(142, 65, 'shafiul islam', '01923563252', NULL, NULL, NULL, NULL, 5000, '2023-05-31 18:00:00', 1, '2023-06-28 15:20:48', '2023-06-28 15:20:48'),
(143, 65, 'jalal Uddin rumi', '01712536385', NULL, NULL, NULL, NULL, 5000, '2023-06-27 18:00:00', 1, '2023-06-28 15:21:28', '2023-06-28 15:21:28'),
(144, 65, 'hazratullah zazak', '01742536352', NULL, NULL, NULL, NULL, 5000, '2023-07-03 18:00:00', 1, '2023-07-22 11:46:49', '2023-07-22 11:46:49'),
(145, 164, 'GUEST SUPPLIER', '123456', NULL, NULL, NULL, NULL, 0, NULL, 0, '2023-07-29 05:56:07', '2023-07-29 05:56:07'),
(146, 166, 'GUEST SUPPLIER', '123456', NULL, NULL, NULL, NULL, 0, NULL, 0, '2023-07-30 05:29:03', '2023-07-30 05:29:03'),
(147, 164, 'rausul islan', '01712635289', NULL, NULL, NULL, NULL, 0, NULL, 1, '2023-08-01 12:44:54', '2023-08-01 12:44:54'),
(148, 164, 'Monjurul islam', '01912635287', NULL, NULL, NULL, NULL, 5000, '2023-05-03 18:00:00', 1, '2023-08-08 08:22:14', '2023-08-08 08:22:14'),
(149, 170, 'GUEST SUPPLIER', '123456', NULL, NULL, NULL, NULL, 0, NULL, 0, '2023-08-09 09:03:52', '2023-08-09 09:03:52'),
(150, 173, 'GUEST SUPPLIER', '123456', NULL, NULL, NULL, NULL, 0, NULL, 0, '2023-08-09 09:05:16', '2023-08-09 09:05:16'),
(151, 174, 'GUEST SUPPLIER', '123456', NULL, NULL, NULL, NULL, 0, NULL, 0, '2023-08-10 12:49:46', '2023-08-10 12:49:46'),
(152, 177, 'GUEST SUPPLIER', '123456', NULL, NULL, NULL, NULL, 0, NULL, 0, '2023-08-13 12:17:05', '2023-08-13 12:17:05'),
(153, 180, 'GUEST SUPPLIER', '123456', NULL, NULL, NULL, NULL, 0, NULL, 0, '2023-08-16 06:02:28', '2023-08-16 06:02:28'),
(154, 181, 'GUEST SUPPLIER', '123456', NULL, NULL, NULL, NULL, 0, NULL, 0, '2023-08-16 06:15:13', '2023-08-16 06:15:13'),
(155, 182, 'GUEST SUPPLIER', '123456', NULL, NULL, NULL, NULL, 0, NULL, 0, '2023-08-16 06:17:24', '2023-08-16 06:17:24'),
(156, 185, 'GUEST SUPPLIER', '123456', NULL, NULL, NULL, NULL, 0, NULL, 0, '2023-08-18 06:56:55', '2023-08-18 06:56:55'),
(157, 187, 'GUEST SUPPLIER', '123456', NULL, NULL, NULL, NULL, 0, NULL, 0, '2023-08-18 07:09:19', '2023-08-18 07:09:19'),
(158, 164, 'Mahin khan', '01712896354', NULL, NULL, NULL, NULL, 5000, '2022-08-11 18:00:00', 1, '2023-08-19 11:26:10', '2023-08-19 11:26:10'),
(159, 189, 'GUEST SUPPLIER', '123456', NULL, NULL, NULL, NULL, 0, NULL, 0, '2023-08-20 07:36:43', '2023-08-20 07:36:43'),
(160, 191, 'GUEST SUPPLIER', '123456', NULL, NULL, NULL, NULL, 0, NULL, 0, '2023-08-20 11:30:58', '2023-08-20 11:30:58'),
(161, 192, 'GUEST SUPPLIER', '123456', NULL, NULL, NULL, NULL, 0, NULL, 0, '2023-08-20 11:32:19', '2023-08-20 11:32:19'),
(162, 193, 'GUEST SUPPLIER', '123456', NULL, NULL, NULL, NULL, 0, NULL, 0, '2023-08-20 11:35:32', '2023-08-20 11:35:32'),
(163, 197, 'GUEST SUPPLIER', '123456', NULL, NULL, NULL, NULL, 0, NULL, 0, '2023-08-21 09:17:12', '2023-08-21 09:17:12'),
(164, 198, 'GUEST SUPPLIER', '123456', NULL, NULL, NULL, NULL, 0, NULL, 0, '2023-08-22 06:26:26', '2023-08-22 06:26:26'),
(165, 201, 'GUEST SUPPLIER', '123456', NULL, NULL, NULL, NULL, 0, NULL, 0, '2023-08-22 07:18:54', '2023-08-22 07:18:54'),
(166, 203, 'GUEST SUPPLIER', '123456', NULL, NULL, NULL, NULL, 0, NULL, 0, '2023-08-23 09:40:17', '2023-08-23 09:40:17'),
(167, 204, 'GUEST SUPPLIER', '123456', NULL, NULL, NULL, NULL, 0, NULL, 0, '2023-08-24 10:12:00', '2023-08-24 10:12:00'),
(168, 205, 'GUEST SUPPLIER', '123456', NULL, NULL, NULL, NULL, 0, NULL, 0, '2023-08-24 10:48:45', '2023-08-24 10:48:45'),
(169, 205, 'Beximco', '01712546820', NULL, NULL, NULL, NULL, 0, NULL, 1, '2023-08-24 10:59:33', '2023-08-24 10:59:33'),
(170, 164, 'saroar chowdhury', '01712568521', NULL, NULL, NULL, NULL, 6000, '2023-07-31 18:00:00', 1, '2023-08-24 12:59:55', '2023-08-24 12:59:55'),
(171, 164, 'Shakhawat khan', '01712482587', NULL, NULL, NULL, NULL, 4000, '2023-08-09 18:00:00', 1, '2023-08-24 13:02:02', '2023-08-24 13:02:02'),
(172, 164, 'chowdhury mahin', '01932638521', NULL, NULL, NULL, NULL, 2000, '2022-08-02 18:00:00', 1, '2023-08-24 13:03:55', '2023-08-24 13:03:55'),
(173, 164, 'Hafizur Rahman', '01823968532', NULL, NULL, NULL, NULL, 2500, '2023-07-31 18:00:00', 1, '2023-08-24 13:05:53', '2023-08-24 13:05:53'),
(174, 206, 'GUEST SUPPLIER', '123456', NULL, NULL, NULL, NULL, 0, NULL, 0, '2023-08-28 04:52:47', '2023-08-28 04:52:47'),
(175, 164, 'ponds ins', '017125638521', NULL, NULL, NULL, NULL, 25000, '2023-07-31 18:00:00', 1, '2023-08-29 08:23:08', '2023-08-29 08:23:08'),
(176, 207, 'GUEST SUPPLIER', '123456', NULL, NULL, NULL, NULL, 0, NULL, 0, '2023-08-29 08:49:07', '2023-08-29 08:49:07'),
(177, 207, 'Square', '01742568574', NULL, NULL, NULL, NULL, 5000, '2023-07-05 18:00:00', 1, '2023-08-29 08:52:38', '2023-08-29 08:52:38'),
(178, 164, 'adc', '01725475869', NULL, NULL, NULL, NULL, 0, NULL, 1, '2023-08-30 07:14:37', '2023-08-30 07:14:37'),
(179, 164, 'Mamun sarker', '017128698521', NULL, NULL, NULL, NULL, 5000, '2023-08-29 18:00:00', 1, '2023-08-30 13:10:01', '2023-08-30 13:10:01'),
(180, 211, 'GUEST SUPPLIER', '123456', NULL, NULL, NULL, NULL, 0, NULL, 0, '2023-09-02 06:24:11', '2023-09-02 06:24:11'),
(181, 218, 'GUEST SUPPLIER', '123456', NULL, NULL, NULL, NULL, 0, NULL, 0, '2023-09-06 11:18:23', '2023-09-06 11:18:23'),
(182, 219, 'GUEST SUPPLIER', '123456', NULL, NULL, NULL, NULL, 0, NULL, 0, '2023-09-06 11:34:17', '2023-09-06 11:34:17'),
(183, 164, 'farjana', '01712369852', NULL, NULL, NULL, NULL, 3000, '2023-09-06 18:00:00', 1, '2023-09-07 02:47:54', '2023-09-07 02:47:54'),
(184, 164, 'Kobial', '01742563258', 50, NULL, NULL, NULL, 60000, '2023-05-02 18:00:00', 1, '2023-09-08 08:54:35', '2023-09-08 08:54:35'),
(185, 164, 'samiul', '01785368536', NULL, NULL, NULL, NULL, 50000, '2023-09-05 18:00:00', 1, '2023-09-08 08:55:49', '2023-09-08 08:55:49'),
(186, 164, 'soudagor', '01912638524', NULL, NULL, NULL, NULL, 0, NULL, 1, '2023-09-20 14:07:50', '2023-09-20 14:07:50'),
(187, 164, 'Tarequl islam', '01923638527', NULL, NULL, NULL, NULL, 0, NULL, 1, '2023-09-22 03:52:19', '2023-09-22 03:52:19'),
(188, 164, 'Samsul alamin', '01742638965', NULL, NULL, NULL, NULL, 50000, '2023-09-21 18:00:00', 1, '2023-09-22 03:52:53', '2023-09-22 03:52:53');

-- --------------------------------------------------------

--
-- Table structure for table `transaction_histories`
--

CREATE TABLE `transaction_histories` (
  `id` bigint(20) UNSIGNED NOT NULL,
  `user_id` bigint(20) UNSIGNED NOT NULL,
  `order_id` bigint(20) UNSIGNED DEFAULT NULL,
  `return_order_id` bigint(20) UNSIGNED DEFAULT NULL,
  `income_id` bigint(20) UNSIGNED DEFAULT NULL,
  `purchase_id` bigint(20) UNSIGNED DEFAULT NULL,
  `return_purchase_id` bigint(20) UNSIGNED DEFAULT NULL,
  `expense_id` bigint(20) UNSIGNED DEFAULT NULL,
  `customer_id` bigint(20) UNSIGNED DEFAULT NULL,
  `supplier_id` bigint(20) UNSIGNED DEFAULT NULL,
  `created_at` timestamp NULL DEFAULT NULL,
  `updated_at` timestamp NULL DEFAULT NULL
) ENGINE=InnoDB DEFAULT CHARSET=utf8mb4 COLLATE=utf8mb4_unicode_ci;

--
-- Dumping data for table `transaction_histories`
--

INSERT INTO `transaction_histories` (`id`, `user_id`, `order_id`, `return_order_id`, `income_id`, `purchase_id`, `return_purchase_id`, `expense_id`, `customer_id`, `supplier_id`, `created_at`, `updated_at`) VALUES
(4, 4, 4, NULL, NULL, NULL, NULL, NULL, NULL, NULL, '2022-12-01 07:21:39', '2022-12-01 07:21:39'),
(5, 4, 5, NULL, NULL, NULL, NULL, NULL, NULL, NULL, '2022-12-01 07:22:52', '2022-12-01 07:22:52'),
(6, 4, NULL, NULL, NULL, 1, NULL, NULL, NULL, NULL, '2022-12-01 09:20:37', '2022-12-01 09:20:37'),
(7, 4, NULL, NULL, NULL, 2, NULL, NULL, NULL, NULL, '2022-12-01 09:24:59', '2022-12-01 09:24:59'),
(8, 4, 6, NULL, NULL, NULL, NULL, NULL, NULL, NULL, '2022-12-01 10:23:04', '2022-12-01 10:23:04'),
(9, 4, NULL, NULL, NULL, 3, NULL, NULL, NULL, NULL, '2022-12-01 10:28:02', '2022-12-01 10:28:02'),
(74, 5, NULL, NULL, NULL, 1, NULL, NULL, NULL, NULL, '2023-02-16 21:05:21', '2023-02-16 21:05:21'),
(78, 5, 4, NULL, NULL, NULL, NULL, NULL, 5, NULL, '2023-02-16 21:35:54', '2023-02-16 21:35:54'),
(79, 5, NULL, NULL, NULL, 2, NULL, NULL, NULL, NULL, '2023-02-16 22:35:03', '2023-02-16 22:35:03'),
(80, 5, NULL, NULL, NULL, 3, NULL, NULL, NULL, NULL, '2023-02-16 22:40:28', '2023-02-16 22:40:28'),
(81, 5, NULL, NULL, 1, NULL, NULL, NULL, NULL, NULL, '2023-02-19 15:52:42', '2023-02-19 15:52:42'),
(82, 5, NULL, NULL, 2, NULL, NULL, NULL, NULL, NULL, '2023-02-19 15:53:03', '2023-02-19 15:53:03'),
(83, 5, NULL, NULL, 3, NULL, NULL, NULL, NULL, NULL, '2023-02-19 15:57:20', '2023-02-19 15:57:20'),
(84, 5, NULL, NULL, NULL, NULL, NULL, 4, NULL, NULL, '2023-02-19 15:58:59', '2023-02-19 15:58:59'),
(85, 5, NULL, NULL, 5, NULL, NULL, NULL, NULL, NULL, '2023-02-19 16:38:36', '2023-02-19 16:38:36'),
(86, 5, 5, NULL, NULL, NULL, NULL, NULL, NULL, NULL, '2023-02-19 21:09:37', '2023-02-19 21:09:37'),
(87, 5, NULL, NULL, 6, NULL, NULL, NULL, NULL, NULL, '2023-02-19 21:25:54', '2023-02-19 21:25:54'),
(88, 5, 6, NULL, NULL, NULL, NULL, NULL, NULL, NULL, '2023-02-19 21:46:36', '2023-02-19 21:46:36'),
(89, 5, NULL, NULL, 7, NULL, NULL, NULL, NULL, NULL, '2023-02-22 14:35:45', '2023-02-22 14:35:45'),
(90, 5, NULL, NULL, 19, NULL, NULL, NULL, NULL, NULL, '2023-02-22 22:42:18', '2023-02-22 22:42:18'),
(91, 5, NULL, NULL, 20, NULL, NULL, NULL, NULL, NULL, '2023-02-22 22:42:41', '2023-02-22 22:42:41'),
(92, 5, NULL, NULL, 21, NULL, NULL, NULL, NULL, NULL, '2023-02-22 22:42:56', '2023-02-22 22:42:56'),
(93, 5, NULL, NULL, 22, NULL, NULL, NULL, NULL, NULL, '2023-02-22 22:43:49', '2023-02-22 22:43:49'),
(94, 5, NULL, NULL, 23, NULL, NULL, NULL, NULL, NULL, '2023-02-22 22:44:07', '2023-02-22 22:44:07'),
(95, 5, 7, NULL, NULL, NULL, NULL, NULL, NULL, NULL, '2023-02-23 07:55:22', '2023-02-23 07:55:22'),
(96, 5, NULL, NULL, 39, NULL, NULL, NULL, NULL, NULL, '2023-02-23 08:02:14', '2023-02-23 08:02:14'),
(97, 5, NULL, NULL, 40, NULL, NULL, NULL, NULL, NULL, '2023-02-23 08:58:23', '2023-02-23 08:58:23'),
(98, 5, NULL, NULL, NULL, 4, NULL, NULL, NULL, NULL, '2023-02-23 20:37:24', '2023-02-23 20:37:24'),
(99, 5, NULL, NULL, NULL, 5, NULL, NULL, NULL, NULL, '2023-02-23 20:38:35', '2023-02-23 20:38:35'),
(100, 5, NULL, NULL, NULL, 6, NULL, NULL, NULL, NULL, '2023-02-23 20:39:54', '2023-02-23 20:39:54'),
(101, 5, NULL, NULL, NULL, 7, NULL, NULL, NULL, NULL, '2023-02-23 20:42:21', '2023-02-23 20:42:21'),
(102, 5, NULL, NULL, NULL, 8, NULL, NULL, NULL, NULL, '2023-02-23 20:43:55', '2023-02-23 20:43:55'),
(103, 5, NULL, NULL, NULL, 9, NULL, NULL, NULL, NULL, '2023-02-23 20:45:06', '2023-02-23 20:45:06'),
(104, 5, NULL, NULL, NULL, 10, NULL, NULL, NULL, NULL, '2023-02-23 20:46:33', '2023-02-23 20:46:33'),
(105, 5, NULL, NULL, NULL, 11, NULL, NULL, NULL, NULL, '2023-02-23 20:48:28', '2023-02-23 20:48:28'),
(106, 5, NULL, NULL, NULL, 12, NULL, NULL, NULL, NULL, '2023-02-23 20:49:53', '2023-02-23 20:49:53'),
(107, 5, NULL, NULL, NULL, 13, NULL, NULL, NULL, NULL, '2023-02-23 20:51:02', '2023-02-23 20:51:02'),
(108, 5, NULL, NULL, NULL, 14, NULL, NULL, NULL, NULL, '2023-02-23 20:51:59', '2023-02-23 20:51:59'),
(109, 5, NULL, NULL, NULL, 15, NULL, NULL, NULL, NULL, '2023-02-23 20:53:05', '2023-02-23 20:53:05'),
(110, 5, NULL, NULL, NULL, 16, NULL, NULL, NULL, NULL, '2023-02-23 20:54:02', '2023-02-23 20:54:02'),
(111, 5, NULL, NULL, NULL, 17, NULL, NULL, NULL, NULL, '2023-02-23 20:55:08', '2023-02-23 20:55:08'),
(112, 5, NULL, NULL, NULL, 18, NULL, NULL, NULL, NULL, '2023-02-23 20:56:18', '2023-02-23 20:56:18'),
(113, 5, 8, NULL, NULL, NULL, NULL, NULL, NULL, NULL, '2023-02-24 16:25:01', '2023-02-24 16:25:01'),
(114, 5, 9, NULL, NULL, NULL, NULL, NULL, NULL, NULL, '2023-02-24 23:27:06', '2023-02-24 23:27:06'),
(115, 5, 10, NULL, NULL, NULL, NULL, NULL, NULL, NULL, '2023-02-24 23:28:00', '2023-02-24 23:28:00'),
(116, 5, 11, NULL, NULL, NULL, NULL, NULL, NULL, NULL, '2023-02-24 23:28:23', '2023-02-24 23:28:23'),
(117, 5, 12, NULL, NULL, NULL, NULL, NULL, NULL, NULL, '2023-02-24 23:28:43', '2023-02-24 23:28:43'),
(118, 5, 13, NULL, NULL, NULL, NULL, NULL, NULL, NULL, '2023-02-24 23:29:12', '2023-02-24 23:29:12'),
(119, 5, 14, NULL, NULL, NULL, NULL, NULL, NULL, NULL, '2023-02-24 23:29:55', '2023-02-24 23:29:55'),
(120, 5, 15, NULL, NULL, NULL, NULL, NULL, NULL, NULL, '2023-02-24 23:31:02', '2023-02-24 23:31:02'),
(121, 5, 16, NULL, NULL, NULL, NULL, NULL, NULL, NULL, '2023-02-24 23:31:38', '2023-02-24 23:31:38'),
(122, 5, 17, NULL, NULL, NULL, NULL, NULL, NULL, NULL, '2023-02-24 23:32:03', '2023-02-24 23:32:03'),
(123, 5, 18, NULL, NULL, NULL, NULL, NULL, NULL, NULL, '2023-02-24 23:32:27', '2023-02-24 23:32:27'),
(124, 5, 19, NULL, NULL, NULL, NULL, NULL, NULL, NULL, '2023-02-24 23:33:32', '2023-02-24 23:33:32'),
(125, 5, 20, NULL, NULL, NULL, NULL, NULL, NULL, NULL, '2023-02-24 23:33:55', '2023-02-24 23:33:55'),
(126, 5, NULL, NULL, NULL, 19, NULL, NULL, NULL, NULL, '2023-02-25 20:03:40', '2023-02-25 20:03:40'),
(127, 5, NULL, NULL, 41, NULL, NULL, NULL, NULL, NULL, '2023-02-25 22:04:06', '2023-02-25 22:04:06'),
(128, 5, NULL, NULL, 42, NULL, NULL, NULL, NULL, NULL, '2023-02-25 22:04:37', '2023-02-25 22:04:37'),
(129, 5, NULL, NULL, NULL, NULL, NULL, 43, NULL, NULL, '2023-02-25 22:05:39', '2023-02-25 22:05:39'),
(130, 5, 21, NULL, NULL, NULL, NULL, NULL, NULL, NULL, '2023-02-27 14:11:24', '2023-02-27 14:11:24'),
(131, 5, NULL, NULL, NULL, 20, NULL, NULL, NULL, NULL, '2023-02-27 14:38:41', '2023-02-27 14:38:41'),
(132, 5, NULL, NULL, 44, NULL, NULL, NULL, NULL, NULL, '2023-02-27 14:49:25', '2023-02-27 14:49:25'),
(133, 39, NULL, NULL, 45, NULL, NULL, NULL, NULL, NULL, '2023-02-27 18:55:52', '2023-02-27 18:55:52'),
(134, 39, NULL, NULL, NULL, NULL, NULL, 46, NULL, NULL, '2023-02-27 18:57:49', '2023-02-27 18:57:49'),
(135, 39, NULL, NULL, 47, NULL, NULL, NULL, NULL, NULL, '2023-02-27 19:01:35', '2023-02-27 19:01:35'),
(136, 5, NULL, NULL, NULL, 21, NULL, NULL, NULL, NULL, '2023-02-27 19:18:54', '2023-02-27 19:18:54'),
(137, 39, NULL, NULL, NULL, 22, NULL, NULL, NULL, NULL, '2023-02-27 19:48:12', '2023-02-27 19:48:12'),
(138, 39, 22, NULL, NULL, NULL, NULL, NULL, NULL, NULL, '2023-02-27 20:08:17', '2023-02-27 20:08:17'),
(139, 39, NULL, NULL, 48, NULL, NULL, NULL, NULL, NULL, '2023-02-27 20:19:20', '2023-02-27 20:19:20'),
(140, 39, 23, NULL, NULL, NULL, NULL, NULL, NULL, NULL, '2023-02-28 01:56:17', '2023-02-28 01:56:17'),
(141, 39, NULL, NULL, NULL, 23, NULL, NULL, NULL, NULL, '2023-02-28 03:53:14', '2023-02-28 03:53:14'),
(142, 39, NULL, NULL, NULL, 24, NULL, NULL, NULL, NULL, '2023-02-28 04:18:12', '2023-02-28 04:18:12'),
(143, 39, NULL, NULL, NULL, 25, NULL, NULL, NULL, NULL, '2023-02-28 04:50:07', '2023-02-28 04:50:07'),
(144, 39, NULL, NULL, 49, NULL, NULL, NULL, NULL, NULL, '2023-02-28 05:08:59', '2023-02-28 05:08:59'),
(145, 39, NULL, NULL, 50, NULL, NULL, NULL, NULL, NULL, '2023-02-28 05:10:04', '2023-02-28 05:10:04'),
(146, 39, NULL, NULL, 51, NULL, NULL, NULL, NULL, NULL, '2023-02-28 05:14:43', '2023-02-28 05:14:43'),
(147, 39, NULL, NULL, 52, NULL, NULL, NULL, NULL, NULL, '2023-02-28 05:19:47', '2023-02-28 05:19:47'),
(148, 39, NULL, NULL, NULL, 26, NULL, NULL, NULL, NULL, '2023-03-01 18:50:55', '2023-03-01 18:50:55'),
(149, 39, NULL, NULL, NULL, 27, NULL, NULL, NULL, NULL, '2023-03-01 19:15:18', '2023-03-01 19:15:18'),
(150, 39, 24, NULL, NULL, NULL, NULL, NULL, NULL, NULL, '2023-03-01 21:12:22', '2023-03-01 21:12:22'),
(151, 39, 25, NULL, NULL, NULL, NULL, NULL, NULL, NULL, '2023-03-01 21:18:00', '2023-03-01 21:18:00'),
(152, 39, 26, NULL, NULL, NULL, NULL, NULL, NULL, NULL, '2023-03-01 21:19:17', '2023-03-01 21:19:17'),
(153, 39, 27, NULL, NULL, NULL, NULL, NULL, NULL, NULL, '2023-03-01 21:21:46', '2023-03-01 21:21:46'),
(154, 39, 28, NULL, NULL, NULL, NULL, NULL, NULL, NULL, '2023-03-01 21:23:30', '2023-03-01 21:23:30'),
(155, 39, 29, NULL, NULL, NULL, NULL, NULL, NULL, NULL, '2023-03-01 21:31:42', '2023-03-01 21:31:42'),
(156, 39, 30, NULL, NULL, NULL, NULL, NULL, NULL, NULL, '2023-03-01 21:33:28', '2023-03-01 21:33:28'),
(157, 39, NULL, NULL, 53, NULL, NULL, NULL, NULL, NULL, '2023-03-01 21:36:03', '2023-03-01 21:36:03'),
(158, 39, 31, NULL, NULL, NULL, NULL, NULL, NULL, NULL, '2023-03-01 21:38:12', '2023-03-01 21:38:12'),
(159, 39, NULL, NULL, NULL, NULL, NULL, 54, NULL, NULL, '2023-03-01 22:13:40', '2023-03-01 22:13:40'),
(160, 39, 32, NULL, NULL, NULL, NULL, NULL, NULL, NULL, '2023-03-02 05:28:05', '2023-03-02 05:28:05'),
(161, 39, NULL, NULL, NULL, 28, NULL, NULL, NULL, NULL, '2023-03-02 16:03:18', '2023-03-02 16:03:18'),
(162, 39, NULL, NULL, NULL, 29, NULL, NULL, NULL, NULL, '2023-03-02 16:08:57', '2023-03-02 16:08:57'),
(163, 39, NULL, NULL, NULL, 30, NULL, NULL, NULL, NULL, '2023-03-02 16:18:17', '2023-03-02 16:18:17'),
(164, 39, NULL, NULL, NULL, 31, NULL, NULL, NULL, NULL, '2023-03-02 16:51:28', '2023-03-02 16:51:28'),
(165, 39, NULL, NULL, NULL, 32, NULL, NULL, NULL, NULL, '2023-03-02 19:23:59', '2023-03-02 19:23:59'),
(166, 39, 33, NULL, NULL, NULL, NULL, NULL, NULL, NULL, '2023-03-02 20:07:41', '2023-03-02 20:07:41'),
(167, 39, NULL, NULL, NULL, 33, NULL, NULL, NULL, NULL, '2023-03-02 22:14:23', '2023-03-02 22:14:23'),
(168, 39, NULL, NULL, NULL, 34, NULL, NULL, NULL, NULL, '2023-03-02 22:20:22', '2023-03-02 22:20:22'),
(169, 39, 34, NULL, NULL, NULL, NULL, NULL, NULL, NULL, '2023-03-02 22:35:21', '2023-03-02 22:35:21'),
(170, 39, 35, NULL, NULL, NULL, NULL, NULL, NULL, NULL, '2023-03-02 22:44:43', '2023-03-02 22:44:43'),
(171, 39, NULL, NULL, NULL, 35, NULL, NULL, NULL, NULL, '2023-03-02 22:48:57', '2023-03-02 22:48:57'),
(172, 39, 36, NULL, NULL, NULL, NULL, NULL, NULL, NULL, '2023-03-02 23:07:06', '2023-03-02 23:07:06'),
(173, 39, 37, NULL, NULL, NULL, NULL, NULL, NULL, NULL, '2023-03-03 03:31:48', '2023-03-03 03:31:48'),
(174, 39, 38, NULL, NULL, NULL, NULL, NULL, NULL, NULL, '2023-03-03 03:47:04', '2023-03-03 03:47:04'),
(175, 39, 39, NULL, NULL, NULL, NULL, NULL, NULL, NULL, '2023-03-03 03:58:33', '2023-03-03 03:58:33'),
(176, 39, 40, NULL, NULL, NULL, NULL, NULL, NULL, NULL, '2023-03-03 04:02:51', '2023-03-03 04:02:51'),
(177, 39, 41, NULL, NULL, NULL, NULL, NULL, NULL, NULL, '2023-03-03 04:04:25', '2023-03-03 04:04:25'),
(178, 39, 42, NULL, NULL, NULL, NULL, NULL, NULL, NULL, '2023-03-03 04:05:31', '2023-03-03 04:05:31'),
(179, 39, 43, NULL, NULL, NULL, NULL, NULL, NULL, NULL, '2023-03-03 04:17:34', '2023-03-03 04:17:34'),
(180, 39, 44, NULL, NULL, NULL, NULL, NULL, NULL, NULL, '2023-03-03 16:28:12', '2023-03-03 16:28:12'),
(181, 39, 45, NULL, NULL, NULL, NULL, NULL, NULL, NULL, '2023-03-03 16:33:01', '2023-03-03 16:33:01'),
(182, 39, 46, NULL, NULL, NULL, NULL, NULL, NULL, NULL, '2023-03-03 16:48:27', '2023-03-03 16:48:27'),
(183, 39, 47, NULL, NULL, NULL, NULL, NULL, NULL, NULL, '2023-03-03 16:50:55', '2023-03-03 16:50:55'),
(184, 39, 48, NULL, NULL, NULL, NULL, NULL, NULL, NULL, '2023-03-03 19:11:55', '2023-03-03 19:11:55'),
(185, 39, 49, NULL, NULL, NULL, NULL, NULL, NULL, NULL, '2023-03-03 19:21:23', '2023-03-03 19:21:23'),
(186, 39, 50, NULL, NULL, NULL, NULL, NULL, NULL, NULL, '2023-03-03 19:33:39', '2023-03-03 19:33:39'),
(189, 5, NULL, NULL, NULL, 38, NULL, NULL, NULL, NULL, '2023-03-20 11:53:16', '2023-03-20 11:53:16'),
(190, 5, NULL, NULL, NULL, 39, NULL, NULL, NULL, NULL, '2023-03-20 11:57:41', '2023-03-20 11:57:41'),
(200, 5, NULL, NULL, NULL, 52, NULL, NULL, NULL, NULL, '2023-03-21 05:14:50', '2023-03-21 05:14:50'),
(201, 5, NULL, NULL, NULL, 53, NULL, NULL, NULL, NULL, '2023-03-21 05:17:07', '2023-03-21 05:17:07'),
(202, 5, 51, NULL, NULL, NULL, NULL, NULL, NULL, NULL, '2023-03-21 08:44:17', '2023-03-21 08:44:17'),
(203, 5, NULL, NULL, NULL, 54, NULL, NULL, NULL, NULL, '2023-03-21 11:14:06', '2023-03-21 11:14:06'),
(205, 5, NULL, NULL, NULL, 56, NULL, NULL, NULL, NULL, '2023-03-21 12:41:53', '2023-03-21 12:41:53'),
(206, 5, NULL, NULL, NULL, 57, NULL, NULL, NULL, NULL, '2023-03-21 12:56:50', '2023-03-21 12:56:50'),
(207, 5, NULL, NULL, NULL, 58, NULL, NULL, NULL, NULL, '2023-03-21 12:58:58', '2023-03-21 12:58:58'),
(208, 5, NULL, NULL, NULL, 59, NULL, NULL, NULL, NULL, '2023-03-22 05:39:39', '2023-03-22 05:39:39'),
(209, 5, NULL, NULL, NULL, NULL, 26, NULL, NULL, NULL, '2023-03-22 05:41:45', '2023-03-22 05:41:45'),
(210, 5, NULL, NULL, NULL, NULL, 27, NULL, NULL, NULL, '2023-03-22 05:46:17', '2023-03-22 05:46:17'),
(211, 5, NULL, NULL, NULL, NULL, 28, NULL, NULL, NULL, '2023-03-22 09:56:04', '2023-03-22 09:56:04'),
(212, 5, NULL, NULL, NULL, NULL, 29, NULL, NULL, NULL, '2023-03-22 10:14:07', '2023-03-22 10:14:07'),
(213, 5, NULL, NULL, NULL, 60, NULL, NULL, NULL, NULL, '2023-03-22 10:30:54', '2023-03-22 10:30:54'),
(214, 5, NULL, NULL, NULL, 61, NULL, NULL, NULL, 1, '2023-03-27 04:19:10', '2023-03-27 04:19:10'),
(215, 5, NULL, NULL, NULL, NULL, NULL, 55, NULL, 1, '2023-03-27 04:24:28', '2023-03-27 04:24:28'),
(216, 5, NULL, NULL, NULL, NULL, 30, NULL, NULL, 1, '2023-03-27 05:10:05', '2023-03-27 05:10:05'),
(217, 5, NULL, NULL, NULL, NULL, NULL, 56, NULL, 1, '2023-03-27 05:13:24', '2023-03-27 05:13:24'),
(218, 5, NULL, NULL, NULL, 62, NULL, NULL, NULL, 1, '2023-03-27 08:33:48', '2023-03-27 08:33:48'),
(219, 5, NULL, NULL, NULL, 63, NULL, NULL, NULL, 1, '2023-03-27 08:36:42', '2023-03-27 08:36:42'),
(220, 5, NULL, NULL, NULL, NULL, NULL, 57, NULL, 1, '2023-03-27 09:59:02', '2023-03-27 09:59:02'),
(221, 5, 52, NULL, NULL, NULL, NULL, NULL, 10, NULL, '2023-03-28 05:02:09', '2023-03-28 05:02:09'),
(222, 5, NULL, 19, NULL, NULL, NULL, NULL, 10, NULL, '2023-03-28 05:07:24', '2023-03-28 05:07:24'),
(223, 5, NULL, NULL, 58, NULL, NULL, NULL, 10, NULL, '2023-03-28 05:22:39', '2023-03-28 05:22:39'),
(224, 5, NULL, NULL, 59, NULL, NULL, NULL, 10, NULL, '2023-03-28 05:23:00', '2023-03-28 05:23:00'),
(225, 5, NULL, NULL, 60, NULL, NULL, NULL, 10, NULL, '2023-03-28 08:25:38', '2023-03-28 08:25:38'),
(226, 5, NULL, NULL, 61, NULL, NULL, NULL, 10, NULL, '2023-03-28 08:43:49', '2023-03-28 08:43:49'),
(227, 5, NULL, NULL, 62, NULL, NULL, NULL, 10, NULL, '2023-03-28 08:58:24', '2023-03-28 08:58:24'),
(228, 5, 53, NULL, NULL, NULL, NULL, NULL, 35, NULL, '2023-03-29 05:29:00', '2023-03-29 05:29:00'),
(229, 5, NULL, NULL, 63, NULL, NULL, NULL, 5, NULL, '2023-03-29 05:30:02', '2023-03-29 05:30:02'),
(230, 5, NULL, NULL, 64, NULL, NULL, NULL, 3, NULL, '2023-03-29 05:30:29', '2023-03-29 05:30:29'),
(231, 5, NULL, NULL, NULL, 64, NULL, NULL, NULL, 32, '2023-03-29 06:28:43', '2023-03-29 06:28:43'),
(232, 41, NULL, NULL, NULL, 65, NULL, NULL, NULL, 34, '2023-03-30 13:08:24', '2023-03-30 13:08:24'),
(233, 41, NULL, NULL, NULL, NULL, NULL, 65, NULL, 34, '2023-04-01 03:59:45', '2023-04-01 03:59:45'),
(234, 41, NULL, NULL, NULL, 66, NULL, NULL, NULL, 34, '2023-04-01 05:50:11', '2023-04-01 05:50:11'),
(235, 41, NULL, NULL, 66, NULL, NULL, NULL, 56, NULL, '2023-04-01 06:03:57', '2023-04-01 06:03:57'),
(236, 41, 54, NULL, NULL, NULL, NULL, NULL, 59, NULL, '2023-04-01 06:38:33', '2023-04-01 06:38:33'),
(237, 41, 55, NULL, NULL, NULL, NULL, NULL, 59, NULL, '2023-04-01 06:39:06', '2023-04-01 06:39:06'),
(238, 41, 56, NULL, NULL, NULL, NULL, NULL, 59, NULL, '2023-04-01 06:40:25', '2023-04-01 06:40:25'),
(239, 41, NULL, NULL, 67, NULL, NULL, NULL, 59, NULL, '2023-04-01 06:41:02', '2023-04-01 06:41:02'),
(240, 41, NULL, 20, NULL, NULL, NULL, NULL, 59, NULL, '2023-04-01 08:07:11', '2023-04-01 08:07:11'),
(241, 41, NULL, NULL, NULL, NULL, 31, NULL, NULL, 34, '2023-04-01 08:15:42', '2023-04-01 08:15:42'),
(242, 41, NULL, NULL, NULL, NULL, NULL, 68, NULL, 34, '2023-04-01 11:58:02', '2023-04-01 11:58:02'),
(243, 41, NULL, NULL, NULL, NULL, NULL, 69, NULL, 34, '2023-04-01 11:59:19', '2023-04-01 11:59:19'),
(244, 41, 57, NULL, NULL, NULL, NULL, NULL, 56, NULL, '2023-04-02 12:58:23', '2023-04-02 12:58:23'),
(247, 45, NULL, NULL, NULL, 69, NULL, NULL, NULL, 39, '2023-04-03 10:12:31', '2023-04-03 10:12:31'),
(248, 41, NULL, NULL, NULL, 70, NULL, NULL, NULL, 33, '2023-04-03 10:36:31', '2023-04-03 10:36:31'),
(249, 45, 58, NULL, NULL, NULL, NULL, NULL, 65, NULL, '2023-04-03 12:40:02', '2023-04-03 12:40:02'),
(250, 45, 59, NULL, NULL, NULL, NULL, NULL, 66, NULL, '2023-04-03 12:49:21', '2023-04-03 12:49:21'),
(251, 45, NULL, NULL, 70, NULL, NULL, NULL, 66, NULL, '2023-04-03 12:55:35', '2023-04-03 12:55:35'),
(252, 45, NULL, NULL, 71, NULL, NULL, NULL, 65, NULL, '2023-04-03 13:00:20', '2023-04-03 13:00:20'),
(253, 45, 60, NULL, NULL, NULL, NULL, NULL, 67, NULL, '2023-04-03 13:21:19', '2023-04-03 13:21:19'),
(254, 45, NULL, NULL, 72, NULL, NULL, NULL, 68, NULL, '2023-04-03 13:27:10', '2023-04-03 13:27:10'),
(255, 45, NULL, NULL, 73, NULL, NULL, NULL, 69, NULL, '2023-04-03 17:23:14', '2023-04-03 17:23:14'),
(256, 45, NULL, NULL, NULL, 71, NULL, NULL, NULL, 41, '2023-04-03 20:11:25', '2023-04-03 20:11:25'),
(257, 45, NULL, NULL, NULL, NULL, NULL, 74, NULL, 40, '2023-04-03 20:39:30', '2023-04-03 20:39:30'),
(258, 45, NULL, NULL, NULL, NULL, 32, NULL, NULL, 41, '2023-04-04 09:43:08', '2023-04-04 09:43:08'),
(259, 45, NULL, NULL, 75, NULL, NULL, NULL, 64, NULL, '2023-04-04 09:48:19', '2023-04-04 09:48:19'),
(260, 45, NULL, NULL, 76, NULL, NULL, NULL, 64, NULL, '2023-04-04 09:50:24', '2023-04-04 09:50:24'),
(261, 45, NULL, NULL, NULL, NULL, NULL, 77, NULL, 39, '2023-04-04 10:11:02', '2023-04-04 10:11:02'),
(262, 45, NULL, NULL, 78, NULL, NULL, NULL, 64, NULL, '2023-04-04 10:21:31', '2023-04-04 10:21:31'),
(263, 45, NULL, NULL, NULL, NULL, NULL, 79, NULL, 39, '2023-04-04 10:40:18', '2023-04-04 10:40:18'),
(264, 45, 61, NULL, NULL, NULL, NULL, NULL, 77, NULL, '2023-04-04 14:56:51', '2023-04-04 14:56:51'),
(265, 45, 62, NULL, NULL, NULL, NULL, NULL, 78, NULL, '2023-04-04 16:58:32', '2023-04-04 16:58:32'),
(266, 45, NULL, NULL, 80, NULL, NULL, NULL, 79, NULL, '2023-04-04 17:04:40', '2023-04-04 17:04:40'),
(267, 45, NULL, NULL, 81, NULL, NULL, NULL, 69, NULL, '2023-04-04 17:15:09', '2023-04-04 17:15:09'),
(268, 45, NULL, NULL, 82, NULL, NULL, NULL, 67, NULL, '2023-04-04 17:18:23', '2023-04-04 17:18:23'),
(269, 45, NULL, NULL, NULL, NULL, NULL, 83, NULL, 45, '2023-04-04 20:55:21', '2023-04-04 20:55:21'),
(270, 45, 63, NULL, NULL, NULL, NULL, NULL, 82, NULL, '2023-04-05 07:09:57', '2023-04-05 07:09:57'),
(271, 45, NULL, NULL, 84, NULL, NULL, NULL, 84, NULL, '2023-04-05 07:22:26', '2023-04-05 07:22:26'),
(272, 45, NULL, NULL, NULL, NULL, NULL, 85, NULL, 48, '2023-04-05 07:23:16', '2023-04-05 07:23:16'),
(273, 45, 64, NULL, NULL, NULL, NULL, NULL, 65, NULL, '2023-04-05 16:56:15', '2023-04-05 16:56:15'),
(274, 45, NULL, NULL, 86, NULL, NULL, NULL, 65, NULL, '2023-04-05 16:58:26', '2023-04-05 16:58:26'),
(275, 45, NULL, NULL, 87, NULL, NULL, NULL, 65, NULL, '2023-04-05 16:59:20', '2023-04-05 16:59:20'),
(276, 45, NULL, NULL, 88, NULL, NULL, NULL, 67, NULL, '2023-04-05 17:00:42', '2023-04-05 17:00:42'),
(277, 45, 65, NULL, NULL, NULL, NULL, NULL, 67, NULL, '2023-04-05 17:01:28', '2023-04-05 17:01:28'),
(278, 45, NULL, NULL, NULL, NULL, NULL, 89, NULL, 40, '2023-04-05 17:03:02', '2023-04-05 17:03:02'),
(279, 45, NULL, NULL, 90, NULL, NULL, NULL, 67, NULL, '2023-04-05 17:04:34', '2023-04-05 17:04:34'),
(280, 45, NULL, NULL, 91, NULL, NULL, NULL, 84, NULL, '2023-04-05 17:13:33', '2023-04-05 17:13:33'),
(281, 45, NULL, NULL, NULL, NULL, NULL, 92, NULL, 48, '2023-04-05 17:16:02', '2023-04-05 17:16:02'),
(282, 45, 66, NULL, NULL, NULL, NULL, NULL, 88, NULL, '2023-04-05 21:33:29', '2023-04-05 21:33:29'),
(285, 45, 67, NULL, NULL, NULL, NULL, NULL, 65, NULL, '2023-04-06 11:27:46', '2023-04-06 11:27:46'),
(286, 45, NULL, 21, NULL, NULL, NULL, NULL, 65, NULL, '2023-04-06 12:02:00', '2023-04-06 12:02:00'),
(293, 45, 68, NULL, NULL, NULL, NULL, NULL, 66, NULL, '2023-04-07 12:44:35', '2023-04-07 12:44:35'),
(294, 45, NULL, NULL, 93, NULL, NULL, NULL, 65, NULL, '2023-04-07 13:23:01', '2023-04-07 13:23:01'),
(295, 45, 69, NULL, NULL, NULL, NULL, NULL, 64, NULL, '2023-04-09 15:32:51', '2023-04-09 15:32:51'),
(296, 45, NULL, NULL, NULL, 80, NULL, NULL, NULL, 39, '2023-04-09 20:17:23', '2023-04-09 20:17:23'),
(297, 45, NULL, NULL, 94, NULL, NULL, NULL, 65, NULL, '2023-04-10 17:14:42', '2023-04-10 17:14:42'),
(298, 45, 70, NULL, NULL, NULL, NULL, NULL, 69, NULL, '2023-04-10 17:27:55', '2023-04-10 17:27:55'),
(299, 45, NULL, 22, NULL, NULL, NULL, NULL, 88, NULL, '2023-04-10 17:30:42', '2023-04-10 17:30:42'),
(300, 45, NULL, 23, NULL, NULL, NULL, NULL, 69, NULL, '2023-04-10 17:32:44', '2023-04-10 17:32:44'),
(301, 45, NULL, NULL, 95, NULL, NULL, NULL, 64, NULL, '2023-04-11 17:05:43', '2023-04-11 17:05:43'),
(302, 45, NULL, NULL, NULL, 81, NULL, NULL, NULL, 39, '2023-04-12 10:02:49', '2023-04-12 10:02:49'),
(303, 45, NULL, NULL, NULL, NULL, NULL, 96, NULL, 40, '2023-04-12 21:24:23', '2023-04-12 21:24:23'),
(304, 45, NULL, NULL, NULL, NULL, NULL, 97, NULL, 48, '2023-04-12 21:25:22', '2023-04-12 21:25:22'),
(305, 45, NULL, NULL, NULL, NULL, NULL, 98, NULL, 39, '2023-04-12 21:25:58', '2023-04-12 21:25:58'),
(306, 45, NULL, NULL, 99, NULL, NULL, NULL, 83, NULL, '2023-04-12 21:30:06', '2023-04-12 21:30:06'),
(307, 45, NULL, NULL, 100, NULL, NULL, NULL, 88, NULL, '2023-04-12 21:31:07', '2023-04-12 21:31:07'),
(308, 45, 71, NULL, NULL, NULL, NULL, NULL, 88, NULL, '2023-04-12 21:35:51', '2023-04-12 21:35:51'),
(309, 45, 72, NULL, NULL, NULL, NULL, NULL, 88, NULL, '2023-04-12 21:37:55', '2023-04-12 21:37:55'),
(310, 45, NULL, NULL, NULL, 82, NULL, NULL, NULL, 39, '2023-04-13 08:47:36', '2023-04-13 08:47:36'),
(311, 45, NULL, NULL, NULL, 83, NULL, NULL, NULL, 39, '2023-04-13 08:51:08', '2023-04-13 08:51:08'),
(312, 45, 73, NULL, NULL, NULL, NULL, NULL, 96, NULL, '2023-04-13 08:55:45', '2023-04-13 08:55:45'),
(313, 45, NULL, NULL, 101, NULL, NULL, NULL, 96, NULL, '2023-04-13 09:03:16', '2023-04-13 09:03:16'),
(314, 45, 74, NULL, NULL, NULL, NULL, NULL, 96, NULL, '2023-04-13 09:06:55', '2023-04-13 09:06:55'),
(315, 45, 75, NULL, NULL, NULL, NULL, NULL, 81, NULL, '2023-04-13 09:08:18', '2023-04-13 09:08:18'),
(316, 45, NULL, NULL, 102, NULL, NULL, NULL, 81, NULL, '2023-04-13 17:44:30', '2023-04-13 17:44:30'),
(317, 45, 76, NULL, NULL, NULL, NULL, NULL, 67, NULL, '2023-04-14 09:49:58', '2023-04-14 09:49:58'),
(318, 45, NULL, NULL, 103, NULL, NULL, NULL, 65, NULL, '2023-04-14 09:53:41', '2023-04-14 09:53:41'),
(322, 45, NULL, NULL, NULL, 87, NULL, NULL, NULL, 51, '2023-04-14 10:55:40', '2023-04-14 10:55:40'),
(323, 45, NULL, NULL, NULL, NULL, NULL, 104, NULL, 51, '2023-04-14 17:42:00', '2023-04-14 17:42:00'),
(324, 45, NULL, 24, NULL, NULL, NULL, NULL, 67, NULL, '2023-04-15 12:51:27', '2023-04-15 12:51:27'),
(325, 45, NULL, NULL, NULL, 88, NULL, NULL, NULL, 40, '2023-04-16 09:16:04', '2023-04-16 09:16:04'),
(326, 45, 77, NULL, NULL, NULL, NULL, NULL, 65, NULL, '2023-04-16 10:18:45', '2023-04-16 10:18:45'),
(327, 45, NULL, NULL, NULL, NULL, 33, NULL, NULL, 40, '2023-04-17 10:44:18', '2023-04-17 10:44:18'),
(335, 45, NULL, NULL, NULL, 96, NULL, NULL, NULL, 32, '2023-04-19 01:29:16', '2023-04-19 01:29:16'),
(337, 45, NULL, NULL, NULL, 98, NULL, NULL, NULL, 32, '2023-04-19 01:31:18', '2023-04-19 01:31:18'),
(339, 45, NULL, NULL, NULL, 100, NULL, NULL, NULL, 32, '2023-04-19 01:34:23', '2023-04-19 01:34:23'),
(341, 5, NULL, NULL, NULL, 102, NULL, NULL, NULL, 32, '2023-04-19 03:05:51', '2023-04-19 03:05:51'),
(348, 45, NULL, NULL, NULL, 109, NULL, NULL, NULL, 39, '2023-04-19 03:13:08', '2023-04-19 03:13:08'),
(349, 45, NULL, NULL, NULL, NULL, NULL, 105, NULL, 45, '2023-04-19 03:38:55', '2023-04-19 03:38:55'),
(350, 45, NULL, NULL, 106, NULL, NULL, NULL, 66, NULL, '2023-04-19 03:39:47', '2023-04-19 03:39:47'),
(352, 45, 79, NULL, NULL, NULL, NULL, NULL, 68, NULL, '2023-04-19 03:42:57', '2023-04-19 03:42:57'),
(353, 45, NULL, NULL, 107, NULL, NULL, NULL, 68, NULL, '2023-04-19 04:12:57', '2023-04-19 04:12:57'),
(354, 45, 80, NULL, NULL, NULL, NULL, NULL, 95, NULL, '2023-04-19 04:26:53', '2023-04-19 04:26:53'),
(360, 47, NULL, NULL, NULL, 115, NULL, NULL, NULL, 56, '2023-04-19 20:09:41', '2023-04-19 20:09:41'),
(361, 47, NULL, NULL, NULL, 116, NULL, NULL, NULL, 56, '2023-04-19 20:11:30', '2023-04-19 20:11:30'),
(362, 47, 81, NULL, NULL, NULL, NULL, NULL, 101, NULL, '2023-04-19 20:24:18', '2023-04-19 20:24:18'),
(363, 49, NULL, NULL, NULL, 117, NULL, NULL, NULL, 57, '2023-04-19 23:29:25', '2023-04-19 23:29:25'),
(364, 50, NULL, NULL, NULL, 118, NULL, NULL, NULL, 55, '2023-04-20 00:18:00', '2023-04-20 00:18:00'),
(365, 49, NULL, NULL, NULL, 119, NULL, NULL, NULL, 58, '2023-04-20 00:18:22', '2023-04-20 00:18:22'),
(366, 50, 82, NULL, NULL, NULL, NULL, NULL, 100, NULL, '2023-04-20 00:20:34', '2023-04-20 00:20:34'),
(367, 50, 83, NULL, NULL, NULL, NULL, NULL, 100, NULL, '2023-04-20 00:21:41', '2023-04-20 00:21:41'),
(368, 50, NULL, NULL, NULL, NULL, 34, NULL, NULL, 55, '2023-04-20 00:25:47', '2023-04-20 00:25:47'),
(369, 50, NULL, NULL, NULL, 120, NULL, NULL, NULL, 59, '2023-04-20 01:06:53', '2023-04-20 01:06:53'),
(370, 49, 84, NULL, NULL, NULL, NULL, NULL, 102, NULL, '2023-04-20 02:18:00', '2023-04-20 02:18:00'),
(371, 50, NULL, NULL, NULL, NULL, 35, NULL, NULL, 59, '2023-04-20 02:19:12', '2023-04-20 02:19:12'),
(372, 50, NULL, NULL, NULL, 121, NULL, NULL, NULL, 59, '2023-04-20 02:24:10', '2023-04-20 02:24:10'),
(373, 50, NULL, NULL, NULL, NULL, 36, NULL, NULL, 59, '2023-04-20 02:25:22', '2023-04-20 02:25:22'),
(374, 49, 85, NULL, NULL, NULL, NULL, NULL, 102, NULL, '2023-04-20 03:01:20', '2023-04-20 03:01:20'),
(375, 49, NULL, NULL, NULL, NULL, NULL, 108, NULL, 57, '2023-04-20 03:27:54', '2023-04-20 03:27:54'),
(376, 49, NULL, 25, NULL, NULL, NULL, NULL, 102, NULL, '2023-04-20 03:36:47', '2023-04-20 03:36:47'),
(377, 49, NULL, NULL, NULL, NULL, 37, NULL, NULL, 57, '2023-04-20 03:41:06', '2023-04-20 03:41:06'),
(378, 49, 86, NULL, NULL, NULL, NULL, NULL, 102, NULL, '2023-04-20 04:27:14', '2023-04-20 04:27:14'),
(379, 49, 87, NULL, NULL, NULL, NULL, NULL, 102, NULL, '2023-04-20 04:29:19', '2023-04-20 04:29:19'),
(380, 49, 88, NULL, NULL, NULL, NULL, NULL, 102, NULL, '2023-04-20 05:04:31', '2023-04-20 05:04:31'),
(381, 49, NULL, NULL, 109, NULL, NULL, NULL, 102, NULL, '2023-04-20 06:09:40', '2023-04-20 06:09:40'),
(382, 49, NULL, NULL, 110, NULL, NULL, NULL, 102, NULL, '2023-04-20 06:11:21', '2023-04-20 06:11:21'),
(383, 48, NULL, NULL, NULL, 122, NULL, NULL, NULL, 61, '2023-04-20 10:06:46', '2023-04-20 10:06:46'),
(384, 48, NULL, NULL, NULL, 123, NULL, NULL, NULL, 62, '2023-04-20 10:23:17', '2023-04-20 10:23:17'),
(385, 48, 89, NULL, NULL, NULL, NULL, NULL, 105, NULL, '2023-04-20 10:44:16', '2023-04-20 10:44:16'),
(386, 48, NULL, NULL, NULL, 124, NULL, NULL, NULL, 62, '2023-04-20 10:53:24', '2023-04-20 10:53:24'),
(387, 48, 90, NULL, NULL, NULL, NULL, NULL, 105, NULL, '2023-04-20 11:01:25', '2023-04-20 11:01:25'),
(388, 48, NULL, NULL, NULL, 125, NULL, NULL, NULL, 63, '2023-04-20 11:11:07', '2023-04-20 11:11:07'),
(389, 48, 91, NULL, NULL, NULL, NULL, NULL, 107, NULL, '2023-04-20 11:13:59', '2023-04-20 11:13:59'),
(390, 48, NULL, NULL, 111, NULL, NULL, NULL, 107, NULL, '2023-04-20 11:18:20', '2023-04-20 11:18:20'),
(391, 48, NULL, NULL, 112, NULL, NULL, NULL, 105, NULL, '2023-04-20 11:20:29', '2023-04-20 11:20:29'),
(392, 49, NULL, NULL, NULL, 126, NULL, NULL, NULL, 57, '2023-04-20 11:27:36', '2023-04-20 11:27:36'),
(393, 49, NULL, NULL, NULL, 127, NULL, NULL, NULL, 58, '2023-04-20 11:38:09', '2023-04-20 11:38:09'),
(394, 47, 92, NULL, NULL, NULL, NULL, NULL, 108, NULL, '2023-04-24 16:29:31', '2023-04-24 16:29:31'),
(395, 47, NULL, NULL, NULL, NULL, NULL, 113, NULL, 56, '2023-04-24 16:41:23', '2023-04-24 16:41:23'),
(396, 47, NULL, NULL, NULL, 128, NULL, NULL, NULL, 52, '2023-04-24 16:45:52', '2023-04-24 16:45:52'),
(397, 47, NULL, NULL, NULL, 129, NULL, NULL, NULL, 52, '2023-04-24 16:45:52', '2023-04-24 16:45:52'),
(398, 47, NULL, NULL, NULL, 130, NULL, NULL, NULL, 52, '2023-04-24 16:45:55', '2023-04-24 16:45:55'),
(399, 47, NULL, NULL, NULL, 131, NULL, NULL, NULL, 52, '2023-04-24 16:45:58', '2023-04-24 16:45:58'),
(400, 47, 93, NULL, NULL, NULL, NULL, NULL, 110, NULL, '2023-04-26 08:32:12', '2023-04-26 08:32:12'),
(401, 48, NULL, NULL, 114, NULL, NULL, NULL, 106, NULL, '2023-04-29 07:16:25', '2023-04-29 07:16:25'),
(402, 48, 94, NULL, NULL, NULL, NULL, NULL, 105, NULL, '2023-04-29 07:22:12', '2023-04-29 07:22:12'),
(403, 48, NULL, NULL, NULL, 132, NULL, NULL, NULL, 63, '2023-04-29 08:14:06', '2023-04-29 08:14:06'),
(404, 48, NULL, NULL, NULL, NULL, NULL, 115, NULL, 63, '2023-04-29 15:53:22', '2023-04-29 15:53:22'),
(405, 58, NULL, NULL, NULL, 133, NULL, NULL, NULL, 66, '2023-04-29 21:01:33', '2023-04-29 21:01:33'),
(406, 58, 95, NULL, NULL, NULL, NULL, NULL, 113, NULL, '2023-04-29 21:36:28', '2023-04-29 21:36:28'),
(407, 48, NULL, NULL, NULL, 134, NULL, NULL, NULL, 61, '2023-04-30 09:02:56', '2023-04-30 09:02:56'),
(408, 47, NULL, NULL, NULL, 135, NULL, NULL, NULL, 68, '2023-04-30 18:45:12', '2023-04-30 18:45:12'),
(409, 59, NULL, NULL, NULL, 136, NULL, NULL, NULL, 70, '2023-05-01 03:40:43', '2023-05-01 03:40:43'),
(410, 59, NULL, NULL, NULL, 137, NULL, NULL, NULL, 70, '2023-05-01 15:23:16', '2023-05-01 15:23:16'),
(411, 59, NULL, NULL, NULL, 138, NULL, NULL, NULL, 71, '2023-05-01 16:36:47', '2023-05-01 16:36:47'),
(412, 59, 96, NULL, NULL, NULL, NULL, NULL, 116, NULL, '2023-05-02 02:23:45', '2023-05-02 02:23:45'),
(413, 59, 97, NULL, NULL, NULL, NULL, NULL, 118, NULL, '2023-05-02 14:59:52', '2023-05-02 14:59:52'),
(414, 59, 98, NULL, NULL, NULL, NULL, NULL, 115, NULL, '2023-05-02 16:07:18', '2023-05-02 16:07:18'),
(415, 60, NULL, NULL, NULL, 139, NULL, NULL, NULL, 73, '2023-05-02 20:37:43', '2023-05-02 20:37:43'),
(416, 60, NULL, NULL, NULL, 140, NULL, NULL, NULL, 73, '2023-05-02 21:11:58', '2023-05-02 21:11:58'),
(417, 60, NULL, NULL, NULL, 141, NULL, NULL, NULL, 74, '2023-05-02 22:10:37', '2023-05-02 22:10:37'),
(418, 60, 99, NULL, NULL, NULL, NULL, NULL, 120, NULL, '2023-05-03 02:55:23', '2023-05-03 02:55:23'),
(419, 60, 100, NULL, NULL, NULL, NULL, NULL, 120, NULL, '2023-05-03 15:54:50', '2023-05-03 15:54:50'),
(420, 60, 101, NULL, NULL, NULL, NULL, NULL, 122, NULL, '2023-05-03 16:38:48', '2023-05-03 16:38:48'),
(421, 60, NULL, NULL, 116, NULL, NULL, NULL, 120, NULL, '2023-05-03 18:09:28', '2023-05-03 18:09:28'),
(422, 60, NULL, NULL, 117, NULL, NULL, NULL, 120, NULL, '2023-05-03 18:38:33', '2023-05-03 18:38:33'),
(423, 60, NULL, NULL, NULL, NULL, NULL, 118, NULL, 73, '2023-05-04 02:12:22', '2023-05-04 02:12:22'),
(424, 59, NULL, NULL, NULL, NULL, NULL, 119, NULL, 71, '2023-05-04 17:08:36', '2023-05-04 17:08:36'),
(425, 59, NULL, NULL, NULL, NULL, NULL, 120, NULL, 71, '2023-05-04 17:23:24', '2023-05-04 17:23:24'),
(426, 62, NULL, NULL, NULL, 142, NULL, NULL, NULL, 77, '2023-05-04 17:48:02', '2023-05-04 17:48:02'),
(427, 62, NULL, NULL, NULL, 143, NULL, NULL, NULL, 78, '2023-05-04 17:50:14', '2023-05-04 17:50:14'),
(428, 62, NULL, NULL, NULL, NULL, NULL, 121, NULL, 78, '2023-05-04 17:51:02', '2023-05-04 17:51:02'),
(429, 62, NULL, NULL, NULL, NULL, NULL, 122, NULL, 78, '2023-05-04 17:53:32', '2023-05-04 17:53:32'),
(430, 62, 102, NULL, NULL, NULL, NULL, NULL, 124, NULL, '2023-05-04 17:55:02', '2023-05-04 17:55:02'),
(431, 62, NULL, NULL, 123, NULL, NULL, NULL, 124, NULL, '2023-05-04 17:55:23', '2023-05-04 17:55:23'),
(432, 62, NULL, NULL, 124, NULL, NULL, NULL, 124, NULL, '2023-05-04 17:56:51', '2023-05-04 17:56:51'),
(433, 62, NULL, NULL, 125, NULL, NULL, NULL, 124, NULL, '2023-05-04 17:57:54', '2023-05-04 17:57:54'),
(434, 59, NULL, NULL, NULL, 144, NULL, NULL, NULL, 71, '2023-05-04 20:19:06', '2023-05-04 20:19:06'),
(435, 59, NULL, NULL, NULL, 145, NULL, NULL, NULL, 70, '2023-05-04 20:30:10', '2023-05-04 20:30:10'),
(436, 60, 103, NULL, NULL, NULL, NULL, NULL, 125, NULL, '2023-05-04 20:48:14', '2023-05-04 20:48:14'),
(437, 60, 104, NULL, NULL, NULL, NULL, NULL, 122, NULL, '2023-05-04 20:52:47', '2023-05-04 20:52:47'),
(438, 60, 105, NULL, NULL, NULL, NULL, NULL, 120, NULL, '2023-05-04 20:54:09', '2023-05-04 20:54:09'),
(439, 60, 106, NULL, NULL, NULL, NULL, NULL, 125, NULL, '2023-05-04 21:01:37', '2023-05-04 21:01:37'),
(440, 60, NULL, NULL, 126, NULL, NULL, NULL, 122, NULL, '2023-05-04 21:42:55', '2023-05-04 21:42:55'),
(441, 59, NULL, 26, NULL, NULL, NULL, NULL, 118, NULL, '2023-05-05 15:51:01', '2023-05-05 15:51:01'),
(442, 60, 107, NULL, NULL, NULL, NULL, NULL, 126, NULL, '2023-05-06 01:15:00', '2023-05-06 01:15:00'),
(443, 60, NULL, 27, NULL, NULL, NULL, NULL, 126, NULL, '2023-05-06 01:40:01', '2023-05-06 01:40:01'),
(444, 60, 108, NULL, NULL, NULL, NULL, NULL, 126, NULL, '2023-05-06 02:33:24', '2023-05-06 02:33:24'),
(445, 60, NULL, NULL, 127, NULL, NULL, NULL, 126, NULL, '2023-05-06 03:16:58', '2023-05-06 03:16:58'),
(446, 60, NULL, NULL, 128, NULL, NULL, NULL, 126, NULL, '2023-05-06 03:17:24', '2023-05-06 03:17:24'),
(447, 60, NULL, NULL, NULL, 146, NULL, NULL, NULL, 79, '2023-05-06 03:32:43', '2023-05-06 03:32:43'),
(448, 60, NULL, NULL, NULL, 147, NULL, NULL, NULL, 80, '2023-05-06 14:53:16', '2023-05-06 14:53:16'),
(449, 60, 109, NULL, NULL, NULL, NULL, NULL, 127, NULL, '2023-05-06 14:58:10', '2023-05-06 14:58:10'),
(450, 60, NULL, 28, NULL, NULL, NULL, NULL, 127, NULL, '2023-05-06 15:27:09', '2023-05-06 15:27:09'),
(451, 60, NULL, 29, NULL, NULL, NULL, NULL, 122, NULL, '2023-05-06 16:42:03', '2023-05-06 16:42:03'),
(452, 60, 110, NULL, NULL, NULL, NULL, NULL, 129, NULL, '2023-05-06 17:44:31', '2023-05-06 17:44:31'),
(453, 60, NULL, 30, NULL, NULL, NULL, NULL, 129, NULL, '2023-05-06 17:45:21', '2023-05-06 17:45:21'),
(454, 63, NULL, NULL, NULL, 148, NULL, NULL, NULL, 82, '2023-05-06 18:18:25', '2023-05-06 18:18:25'),
(455, 63, 111, NULL, NULL, NULL, NULL, NULL, 130, NULL, '2023-05-06 18:22:24', '2023-05-06 18:22:24'),
(456, 63, 112, NULL, NULL, NULL, NULL, NULL, 132, NULL, '2023-05-07 02:40:39', '2023-05-07 02:40:39'),
(457, 63, NULL, NULL, NULL, NULL, 38, NULL, NULL, 82, '2023-05-07 03:09:42', '2023-05-07 03:09:42'),
(458, 64, NULL, NULL, NULL, 149, NULL, NULL, NULL, 84, '2023-05-07 04:18:23', '2023-05-07 04:18:23'),
(459, 64, 113, NULL, NULL, NULL, NULL, NULL, 134, NULL, '2023-05-07 04:19:59', '2023-05-07 04:19:59'),
(460, 64, NULL, 31, NULL, NULL, NULL, NULL, 134, NULL, '2023-05-07 04:22:12', '2023-05-07 04:22:12'),
(461, 64, 114, NULL, NULL, NULL, NULL, NULL, 135, NULL, '2023-05-07 15:02:02', '2023-05-07 15:02:02'),
(462, 64, NULL, NULL, NULL, 150, NULL, NULL, NULL, 85, '2023-05-07 15:10:35', '2023-05-07 15:10:35'),
(463, 63, NULL, NULL, NULL, 151, NULL, NULL, NULL, 86, '2023-05-07 15:35:46', '2023-05-07 15:35:46'),
(464, 63, NULL, NULL, NULL, NULL, 39, NULL, NULL, 86, '2023-05-07 16:44:12', '2023-05-07 16:44:12'),
(465, 64, 115, NULL, NULL, NULL, NULL, NULL, 136, NULL, '2023-05-07 17:47:56', '2023-05-07 17:47:56'),
(466, 64, NULL, NULL, NULL, NULL, NULL, 129, NULL, 87, '2023-05-07 17:50:12', '2023-05-07 17:50:12'),
(467, 64, NULL, NULL, NULL, NULL, NULL, 130, NULL, 87, '2023-05-07 17:50:55', '2023-05-07 17:50:55'),
(468, 48, NULL, NULL, NULL, 152, NULL, NULL, NULL, 63, '2023-05-07 17:55:01', '2023-05-07 17:55:01'),
(472, 48, NULL, NULL, NULL, 156, NULL, NULL, NULL, 62, '2023-05-07 19:27:55', '2023-05-07 19:27:55'),
(473, 48, 116, NULL, NULL, NULL, NULL, NULL, 98, NULL, '2023-05-07 19:38:01', '2023-05-07 19:38:01'),
(474, 60, NULL, NULL, NULL, NULL, NULL, 131, NULL, 73, '2023-05-08 17:27:17', '2023-05-08 17:27:17'),
(475, 64, NULL, NULL, 132, NULL, NULL, NULL, 134, NULL, '2023-05-09 03:04:26', '2023-05-09 03:04:26'),
(476, 64, NULL, NULL, NULL, 157, NULL, NULL, NULL, 87, '2023-05-09 03:05:43', '2023-05-09 03:05:43'),
(481, 64, NULL, NULL, NULL, NULL, NULL, 133, NULL, 87, '2023-05-09 03:11:15', '2023-05-09 03:11:15'),
(482, 64, NULL, NULL, NULL, NULL, NULL, 134, NULL, 87, '2023-05-09 03:12:51', '2023-05-09 03:12:51'),
(483, 64, NULL, NULL, 135, NULL, NULL, NULL, 136, NULL, '2023-05-09 03:13:44', '2023-05-09 03:13:44'),
(487, 64, NULL, NULL, 136, NULL, NULL, NULL, 136, NULL, '2023-05-09 03:17:34', '2023-05-09 03:17:34'),
(492, 63, NULL, NULL, NULL, 158, NULL, NULL, NULL, 88, '2023-05-09 19:43:43', '2023-05-09 19:43:43'),
(500, 64, NULL, NULL, 137, NULL, NULL, NULL, 138, NULL, '2023-05-10 15:23:59', '2023-05-10 15:23:59'),
(501, 64, NULL, NULL, 138, NULL, NULL, NULL, 138, NULL, '2023-05-10 15:25:04', '2023-05-10 15:25:04'),
(502, 64, NULL, NULL, NULL, 159, NULL, NULL, NULL, 83, '2023-05-10 15:29:10', '2023-05-10 15:29:10'),
(503, 63, NULL, NULL, 139, NULL, NULL, NULL, 139, NULL, '2023-05-10 19:12:44', '2023-05-10 19:12:44'),
(505, 63, NULL, NULL, 140, NULL, NULL, NULL, 139, NULL, '2023-05-10 19:26:56', '2023-05-10 19:26:56'),
(506, 63, NULL, NULL, NULL, NULL, NULL, 141, NULL, 82, '2023-05-10 19:33:21', '2023-05-10 19:33:21'),
(507, 63, NULL, NULL, NULL, NULL, NULL, 142, NULL, 88, '2023-05-10 19:34:11', '2023-05-10 19:34:11'),
(510, 63, NULL, NULL, NULL, 160, NULL, NULL, NULL, 89, '2023-05-10 20:12:29', '2023-05-10 20:12:29'),
(511, 63, NULL, NULL, NULL, NULL, 40, NULL, NULL, 89, '2023-05-10 20:26:12', '2023-05-10 20:26:12'),
(512, 60, NULL, NULL, NULL, NULL, 41, NULL, NULL, 73, '2023-05-11 21:29:10', '2023-05-11 21:29:10'),
(513, 64, NULL, NULL, NULL, 161, NULL, NULL, NULL, 91, '2023-05-12 03:47:40', '2023-05-12 03:47:40'),
(514, 64, NULL, NULL, NULL, 162, NULL, NULL, NULL, 91, '2023-05-12 03:47:40', '2023-05-12 03:47:40'),
(515, 64, 134, NULL, NULL, NULL, NULL, NULL, 141, NULL, '2023-05-12 03:50:43', '2023-05-12 03:50:43'),
(516, 64, NULL, NULL, 143, NULL, NULL, NULL, 141, NULL, '2023-05-12 03:53:35', '2023-05-12 03:53:35'),
(517, 64, NULL, NULL, 144, NULL, NULL, NULL, 135, NULL, '2023-05-12 03:54:46', '2023-05-12 03:54:46'),
(518, 64, 135, NULL, NULL, NULL, NULL, NULL, 133, NULL, '2023-05-12 03:59:26', '2023-05-12 03:59:26'),
(519, 64, NULL, NULL, 145, NULL, NULL, NULL, 141, NULL, '2023-05-12 04:03:55', '2023-05-12 04:03:55'),
(520, 64, 136, NULL, NULL, NULL, NULL, NULL, 141, NULL, '2023-05-12 04:10:50', '2023-05-12 04:10:50'),
(521, 64, 137, NULL, NULL, NULL, NULL, NULL, 133, NULL, '2023-05-12 04:20:33', '2023-05-12 04:20:33'),
(522, 64, NULL, NULL, NULL, 163, NULL, NULL, NULL, 83, '2023-05-12 04:27:49', '2023-05-12 04:27:49'),
(523, 64, NULL, NULL, 146, NULL, NULL, NULL, 134, NULL, '2023-05-12 04:36:15', '2023-05-12 04:36:15'),
(524, 64, 138, NULL, NULL, NULL, NULL, NULL, 133, NULL, '2023-05-12 04:39:56', '2023-05-12 04:39:56'),
(525, 64, 139, NULL, NULL, NULL, NULL, NULL, 133, NULL, '2023-05-12 04:44:59', '2023-05-12 04:44:59'),
(526, 64, NULL, NULL, 147, NULL, NULL, NULL, 134, NULL, '2023-05-12 19:52:46', '2023-05-12 19:52:46'),
(527, 64, 140, NULL, NULL, NULL, NULL, NULL, 133, NULL, '2023-05-12 20:10:27', '2023-05-12 20:10:27'),
(528, 64, NULL, NULL, NULL, 164, NULL, NULL, NULL, 91, '2023-05-13 02:22:59', '2023-05-13 02:22:59'),
(529, 64, NULL, NULL, NULL, NULL, 42, NULL, NULL, 91, '2023-05-13 02:24:46', '2023-05-13 02:24:46'),
(530, 65, NULL, NULL, 148, NULL, NULL, NULL, 147, NULL, '2023-05-13 19:16:31', '2023-05-13 19:16:31'),
(531, 65, NULL, NULL, 149, NULL, NULL, NULL, 147, NULL, '2023-05-13 19:17:59', '2023-05-13 19:17:59'),
(532, 65, NULL, NULL, NULL, NULL, NULL, 150, NULL, 93, '2023-05-13 19:21:00', '2023-05-13 19:21:00'),
(533, 65, NULL, NULL, NULL, NULL, NULL, 151, NULL, 93, '2023-05-13 19:24:07', '2023-05-13 19:24:07'),
(534, 65, NULL, NULL, NULL, 165, NULL, NULL, NULL, 93, '2023-05-13 19:30:52', '2023-05-13 19:30:52'),
(535, 65, NULL, NULL, NULL, 166, NULL, NULL, NULL, 94, '2023-05-13 19:40:12', '2023-05-13 19:40:12'),
(536, 65, NULL, NULL, NULL, NULL, NULL, 152, NULL, 93, '2023-05-15 15:04:20', '2023-05-15 15:04:20'),
(537, 65, NULL, NULL, NULL, NULL, NULL, 153, NULL, 93, '2023-05-15 15:04:48', '2023-05-15 15:04:48'),
(538, 65, 141, NULL, NULL, NULL, NULL, NULL, 147, NULL, '2023-05-15 15:07:34', '2023-05-15 15:07:34'),
(539, 65, 142, NULL, NULL, NULL, NULL, NULL, 148, NULL, '2023-05-15 15:16:02', '2023-05-15 15:16:02'),
(540, 65, NULL, NULL, 154, NULL, NULL, NULL, 146, NULL, '2023-05-15 15:32:21', '2023-05-15 15:32:21'),
(541, 48, NULL, 36, NULL, NULL, NULL, NULL, 105, NULL, '2023-05-15 23:18:11', '2023-05-15 23:18:11'),
(542, 65, NULL, NULL, 155, NULL, NULL, NULL, 147, NULL, '2023-05-16 03:45:00', '2023-05-16 03:45:00'),
(543, 65, NULL, NULL, 156, NULL, NULL, NULL, 148, NULL, '2023-05-16 03:48:58', '2023-05-16 03:48:58'),
(544, 65, NULL, NULL, NULL, NULL, NULL, 157, NULL, 93, '2023-05-16 03:50:29', '2023-05-16 03:50:29'),
(545, 65, NULL, NULL, NULL, NULL, NULL, 158, NULL, 95, '2023-05-16 03:58:24', '2023-05-16 03:58:24'),
(546, 65, NULL, NULL, 159, NULL, NULL, NULL, 148, NULL, '2023-05-16 04:05:07', '2023-05-16 04:05:07'),
(547, 65, NULL, NULL, 160, NULL, NULL, NULL, 150, NULL, '2023-05-16 04:07:58', '2023-05-16 04:07:58'),
(548, 65, 143, NULL, NULL, NULL, NULL, NULL, 150, NULL, '2023-05-16 04:11:15', '2023-05-16 04:11:15'),
(549, 65, 144, NULL, NULL, NULL, NULL, NULL, 150, NULL, '2023-05-16 04:12:01', '2023-05-16 04:12:01'),
(550, 66, NULL, NULL, NULL, 167, NULL, NULL, NULL, 97, '2023-05-18 00:44:06', '2023-05-18 00:44:06'),
(551, 66, NULL, NULL, NULL, 168, NULL, NULL, NULL, 97, '2023-05-18 01:27:51', '2023-05-18 01:27:51'),
(552, 66, NULL, NULL, NULL, 169, NULL, NULL, NULL, 98, '2023-05-18 02:26:41', '2023-05-18 02:26:41'),
(553, 66, NULL, NULL, NULL, 170, NULL, NULL, NULL, 99, '2023-05-18 20:59:56', '2023-05-18 20:59:56'),
(554, 66, NULL, NULL, NULL, NULL, 43, NULL, NULL, 98, '2023-05-18 22:29:56', '2023-05-18 22:29:56'),
(555, 66, NULL, NULL, NULL, NULL, 44, NULL, NULL, 97, '2023-05-19 16:26:13', '2023-05-19 16:26:13'),
(556, 66, 145, NULL, NULL, NULL, NULL, NULL, 153, NULL, '2023-05-20 00:17:33', '2023-05-20 00:17:33'),
(557, 66, 146, NULL, NULL, NULL, NULL, NULL, 153, NULL, '2023-05-20 01:54:33', '2023-05-20 01:54:33'),
(558, 66, 147, NULL, NULL, NULL, NULL, NULL, 154, NULL, '2023-05-20 15:32:20', '2023-05-20 15:32:20'),
(559, 66, 148, NULL, NULL, NULL, NULL, NULL, 155, NULL, '2023-05-20 16:14:51', '2023-05-20 16:14:51'),
(560, 66, NULL, 37, NULL, NULL, NULL, NULL, 155, NULL, '2023-05-20 17:39:25', '2023-05-20 17:39:25'),
(561, 66, 149, NULL, NULL, NULL, NULL, NULL, 151, NULL, '2023-05-20 18:36:51', '2023-05-20 18:36:51'),
(563, 66, 151, NULL, NULL, NULL, NULL, NULL, 155, NULL, '2023-05-21 02:26:54', '2023-05-21 02:26:54'),
(565, 66, NULL, NULL, 161, NULL, NULL, NULL, 155, NULL, '2023-05-21 03:18:33', '2023-05-21 03:18:33'),
(566, 66, NULL, NULL, NULL, NULL, NULL, 162, NULL, 99, '2023-05-21 03:31:35', '2023-05-21 03:31:35'),
(567, 66, NULL, NULL, 163, NULL, NULL, NULL, 154, NULL, '2023-05-21 04:08:57', '2023-05-21 04:08:57'),
(568, 66, NULL, NULL, NULL, NULL, NULL, 164, NULL, 99, '2023-05-21 04:19:41', '2023-05-21 04:19:41'),
(569, 66, NULL, NULL, 165, NULL, NULL, NULL, 153, NULL, '2023-05-21 16:27:59', '2023-05-21 16:27:59'),
(570, 66, NULL, NULL, NULL, NULL, NULL, 166, NULL, 98, '2023-05-21 16:51:12', '2023-05-21 16:51:12'),
(571, 66, NULL, NULL, 167, NULL, NULL, NULL, 153, NULL, '2023-05-21 17:07:30', '2023-05-21 17:07:30'),
(572, 66, NULL, 38, NULL, NULL, NULL, NULL, 155, NULL, '2023-05-21 21:19:07', '2023-05-21 21:19:07'),
(573, 66, NULL, 39, NULL, NULL, NULL, NULL, 154, NULL, '2023-05-21 21:42:24', '2023-05-21 21:42:24'),
(574, 66, 153, NULL, NULL, NULL, NULL, NULL, 155, NULL, '2023-05-21 22:04:23', '2023-05-21 22:04:23'),
(575, 66, NULL, NULL, 168, NULL, NULL, NULL, 155, NULL, '2023-05-21 22:48:55', '2023-05-21 22:48:55'),
(576, 66, NULL, NULL, NULL, NULL, NULL, 169, NULL, 98, '2023-05-21 22:53:51', '2023-05-21 22:53:51'),
(577, 67, NULL, NULL, 170, NULL, NULL, NULL, 157, NULL, '2023-05-22 03:03:14', '2023-05-22 03:03:14'),
(578, 67, NULL, NULL, 171, NULL, NULL, NULL, 158, NULL, '2023-05-22 03:09:39', '2023-05-22 03:09:39'),
(579, 67, NULL, NULL, NULL, NULL, NULL, 172, NULL, 101, '2023-05-22 03:13:01', '2023-05-22 03:13:01'),
(580, 67, NULL, NULL, NULL, 171, NULL, NULL, NULL, 101, '2023-05-22 04:31:40', '2023-05-22 04:31:40'),
(581, 67, NULL, NULL, NULL, NULL, NULL, 173, NULL, 101, '2023-05-22 13:40:58', '2023-05-22 13:40:58'),
(582, 66, NULL, NULL, 174, NULL, NULL, NULL, 155, NULL, '2023-05-22 14:22:38', '2023-05-22 14:22:38'),
(583, 66, NULL, NULL, 175, NULL, NULL, NULL, 155, NULL, '2023-05-22 14:25:04', '2023-05-22 14:25:04'),
(584, 66, NULL, NULL, 176, NULL, NULL, NULL, 155, NULL, '2023-05-22 14:25:39', '2023-05-22 14:25:39'),
(585, 66, NULL, NULL, 177, NULL, NULL, NULL, 153, NULL, '2023-05-22 15:03:05', '2023-05-22 15:03:05'),
(586, 68, NULL, NULL, NULL, 172, NULL, NULL, NULL, 103, '2023-05-22 15:41:00', '2023-05-22 15:41:00'),
(587, 66, NULL, NULL, 178, NULL, NULL, NULL, 151, NULL, '2023-05-22 18:13:29', '2023-05-22 18:13:29'),
(588, 66, NULL, NULL, NULL, NULL, NULL, 179, NULL, 96, '2023-05-22 18:39:51', '2023-05-22 18:39:51'),
(589, 48, NULL, NULL, 180, NULL, NULL, NULL, 106, NULL, '2023-05-22 22:15:42', '2023-05-22 22:15:42'),
(590, 48, NULL, NULL, NULL, 173, NULL, NULL, NULL, 62, '2023-05-22 22:16:38', '2023-05-22 22:16:38'),
(591, 71, NULL, NULL, 181, NULL, NULL, NULL, 161, NULL, '2023-05-23 17:24:51', '2023-05-23 17:24:51'),
(592, 71, NULL, NULL, NULL, 174, NULL, NULL, NULL, 105, '2023-05-23 17:40:12', '2023-05-23 17:40:12'),
(593, 71, NULL, NULL, NULL, 175, NULL, NULL, NULL, 105, '2023-05-23 17:40:13', '2023-05-23 17:40:13'),
(594, 71, NULL, NULL, 182, NULL, NULL, NULL, 162, NULL, '2023-05-24 13:26:21', '2023-05-24 13:26:21'),
(595, 71, NULL, NULL, 183, NULL, NULL, NULL, 162, NULL, '2023-05-24 14:51:43', '2023-05-24 14:51:43'),
(596, 71, NULL, NULL, 184, NULL, NULL, NULL, 164, NULL, '2023-05-24 14:54:13', '2023-05-24 14:54:13'),
(597, 71, NULL, NULL, NULL, 176, NULL, NULL, NULL, 107, '2023-05-24 14:57:26', '2023-05-24 14:57:26'),
(598, 71, NULL, NULL, NULL, 177, NULL, NULL, NULL, 108, '2023-05-26 02:24:58', '2023-05-26 02:24:58'),
(599, 71, NULL, NULL, NULL, 178, NULL, NULL, NULL, 108, '2023-05-26 02:24:59', '2023-05-26 02:24:59'),
(600, 71, NULL, NULL, NULL, 179, NULL, NULL, NULL, 109, '2023-05-26 02:32:42', '2023-05-26 02:32:42'),
(601, 71, NULL, NULL, 185, NULL, NULL, NULL, 162, NULL, '2023-05-26 02:36:21', '2023-05-26 02:36:21'),
(602, 71, NULL, NULL, NULL, NULL, NULL, 186, NULL, 109, '2023-05-26 13:18:54', '2023-05-26 13:18:54'),
(603, 73, NULL, NULL, NULL, 180, NULL, NULL, NULL, 111, '2023-05-27 00:00:49', '2023-05-27 00:00:49'),
(604, 73, NULL, NULL, NULL, 181, NULL, NULL, NULL, 112, '2023-05-27 00:34:36', '2023-05-27 00:34:36'),
(605, 73, 154, NULL, NULL, NULL, NULL, NULL, 167, NULL, '2023-05-27 13:32:04', '2023-05-27 13:32:04'),
(606, 73, 155, NULL, NULL, NULL, NULL, NULL, 168, NULL, '2023-05-28 12:30:23', '2023-05-28 12:30:23'),
(607, 73, NULL, 40, NULL, NULL, NULL, NULL, 168, NULL, '2023-05-28 12:55:44', '2023-05-28 12:55:44'),
(608, 73, NULL, NULL, 187, NULL, NULL, NULL, 167, NULL, '2023-05-28 23:26:31', '2023-05-28 23:26:31'),
(609, 73, NULL, NULL, NULL, NULL, NULL, 188, NULL, 112, '2023-05-28 23:44:47', '2023-05-28 23:44:47'),
(610, 73, NULL, NULL, 189, NULL, NULL, NULL, 169, NULL, '2023-05-29 03:48:01', '2023-05-29 03:48:01'),
(611, 73, NULL, NULL, NULL, NULL, NULL, 190, NULL, 111, '2023-05-29 18:00:39', '2023-05-29 18:00:39'),
(612, 48, NULL, NULL, NULL, 182, NULL, NULL, NULL, 62, '2023-05-29 18:21:12', '2023-05-29 18:21:12'),
(613, 48, 156, NULL, NULL, NULL, NULL, NULL, 106, NULL, '2023-05-29 18:23:10', '2023-05-29 18:23:10'),
(614, 48, NULL, 41, NULL, NULL, NULL, NULL, 106, NULL, '2023-05-29 18:24:51', '2023-05-29 18:24:51'),
(616, 73, NULL, NULL, NULL, NULL, 45, NULL, NULL, 112, '2023-05-30 19:45:13', '2023-05-30 19:45:13'),
(617, 65, NULL, NULL, 191, NULL, NULL, NULL, 149, NULL, '2023-06-15 05:54:46', '2023-06-15 05:54:46'),
(618, 65, NULL, NULL, NULL, NULL, NULL, 192, NULL, 93, '2023-06-15 15:08:05', '2023-06-15 15:08:05'),
(619, 65, 158, NULL, NULL, NULL, NULL, NULL, 150, NULL, '2023-06-15 15:09:24', '2023-06-15 15:09:24'),
(620, 65, NULL, NULL, 193, NULL, NULL, NULL, 148, NULL, '2023-06-15 15:10:30', '2023-06-15 15:10:30'),
(621, 65, NULL, NULL, 194, NULL, NULL, NULL, 191, NULL, '2023-06-18 17:02:14', '2023-06-18 17:02:14'),
(622, 65, NULL, NULL, 195, NULL, NULL, NULL, 148, NULL, '2023-06-21 12:29:55', '2023-06-21 12:29:55'),
(623, 65, NULL, NULL, 196, NULL, NULL, NULL, 191, NULL, '2023-06-22 14:22:17', '2023-06-22 14:22:17'),
(624, 65, NULL, NULL, 197, NULL, NULL, NULL, 196, NULL, '2023-06-22 14:23:46', '2023-06-22 14:23:46'),
(625, 65, 159, NULL, NULL, NULL, NULL, NULL, 201, NULL, '2023-06-23 05:47:46', '2023-06-23 05:47:46'),
(626, 65, NULL, NULL, NULL, 183, NULL, NULL, NULL, 139, '2023-06-28 11:35:01', '2023-06-28 11:35:01'),
(627, 65, NULL, NULL, 198, NULL, NULL, NULL, 191, NULL, '2023-07-07 08:40:24', '2023-07-07 08:40:24'),
(628, 65, NULL, NULL, 199, NULL, NULL, NULL, 206, NULL, '2023-07-09 17:54:44', '2023-07-09 17:54:44'),
(629, 65, NULL, NULL, 200, NULL, NULL, NULL, 199, NULL, '2023-07-09 17:57:06', '2023-07-09 17:57:06'),
(630, 65, NULL, NULL, 201, NULL, NULL, NULL, 148, NULL, '2023-07-09 17:58:17', '2023-07-09 17:58:17'),
(631, 65, 160, NULL, NULL, NULL, NULL, NULL, 146, NULL, '2023-07-09 18:01:59', '2023-07-09 18:01:59'),
(632, 65, NULL, NULL, NULL, NULL, NULL, 202, NULL, 142, '2023-07-09 18:04:06', '2023-07-09 18:04:06'),
(633, 65, 161, NULL, NULL, NULL, NULL, NULL, 209, NULL, '2023-07-09 18:06:18', '2023-07-09 18:06:18'),
(634, 65, NULL, NULL, 203, NULL, NULL, NULL, 207, NULL, '2023-07-09 18:07:28', '2023-07-09 18:07:28'),
(635, 65, NULL, NULL, 204, NULL, NULL, NULL, 147, NULL, '2023-07-15 09:31:22', '2023-07-15 09:31:22'),
(636, 65, NULL, NULL, NULL, 184, NULL, NULL, NULL, 140, '2023-07-15 09:36:15', '2023-07-15 09:36:15'),
(637, 65, 162, NULL, NULL, NULL, NULL, NULL, 146, NULL, '2023-07-16 07:35:57', '2023-07-16 07:35:57'),
(639, 65, 164, NULL, NULL, NULL, NULL, NULL, 208, NULL, '2023-07-17 13:47:58', '2023-07-17 13:47:58'),
(640, 65, 165, NULL, NULL, NULL, NULL, NULL, 211, NULL, '2023-07-17 13:51:30', '2023-07-17 13:51:30'),
(641, 65, 166, NULL, NULL, NULL, NULL, NULL, 212, NULL, '2023-07-22 11:45:24', '2023-07-22 11:45:24'),
(642, 164, NULL, NULL, 205, NULL, NULL, NULL, 214, NULL, '2023-07-29 06:24:06', '2023-07-29 06:24:06'),
(643, 164, NULL, NULL, 206, NULL, NULL, NULL, 215, NULL, '2023-07-30 05:16:07', '2023-07-30 05:16:07');
INSERT INTO `transaction_histories` (`id`, `user_id`, `order_id`, `return_order_id`, `income_id`, `purchase_id`, `return_purchase_id`, `expense_id`, `customer_id`, `supplier_id`, `created_at`, `updated_at`) VALUES
(644, 164, NULL, NULL, 207, NULL, NULL, NULL, 214, NULL, '2023-08-01 12:41:51', '2023-08-01 12:41:51'),
(645, 164, NULL, NULL, NULL, NULL, NULL, 208, NULL, 147, '2023-08-01 12:45:09', '2023-08-01 12:45:09'),
(646, 164, NULL, NULL, NULL, 185, NULL, NULL, NULL, 147, '2023-08-05 09:12:26', '2023-08-05 09:12:26'),
(647, 164, 167, NULL, NULL, NULL, NULL, NULL, 213, NULL, '2023-08-05 09:14:10', '2023-08-05 09:14:10'),
(648, 164, 168, NULL, NULL, NULL, NULL, NULL, 215, NULL, '2023-08-05 09:16:06', '2023-08-05 09:16:06'),
(649, 164, 169, NULL, NULL, NULL, NULL, NULL, 217, NULL, '2023-08-05 09:17:28', '2023-08-05 09:17:28'),
(650, 164, 170, NULL, NULL, NULL, NULL, NULL, 217, NULL, '2023-08-05 09:20:24', '2023-08-05 09:20:24'),
(651, 164, 171, NULL, NULL, NULL, NULL, NULL, 218, NULL, '2023-08-05 09:23:47', '2023-08-05 09:23:47'),
(652, 164, 172, NULL, NULL, NULL, NULL, NULL, 218, NULL, '2023-08-05 09:24:43', '2023-08-05 09:24:43'),
(653, 164, NULL, NULL, NULL, 186, NULL, NULL, NULL, 148, '2023-08-08 08:22:39', '2023-08-08 08:22:39'),
(654, 164, 173, NULL, NULL, NULL, NULL, NULL, 219, NULL, '2023-08-08 08:25:24', '2023-08-08 08:25:24'),
(655, 164, NULL, NULL, 209, NULL, NULL, NULL, 219, NULL, '2023-08-09 13:52:05', '2023-08-09 13:52:05'),
(656, 164, NULL, NULL, 210, NULL, NULL, NULL, 218, NULL, '2023-08-09 13:52:41', '2023-08-09 13:52:41'),
(657, 164, NULL, NULL, NULL, 187, NULL, NULL, NULL, 158, '2023-08-19 11:27:20', '2023-08-19 11:27:20'),
(658, 164, NULL, NULL, 211, NULL, NULL, NULL, 227, NULL, '2023-08-19 11:28:24', '2023-08-19 11:28:24'),
(659, 164, 174, NULL, NULL, NULL, NULL, NULL, 213, NULL, '2023-08-20 09:11:54', '2023-08-20 09:11:54'),
(660, 164, 175, NULL, NULL, NULL, NULL, NULL, 213, NULL, '2023-08-21 10:32:17', '2023-08-21 10:32:17'),
(661, 164, 176, NULL, NULL, NULL, NULL, NULL, 235, NULL, '2023-08-21 10:33:18', '2023-08-21 10:33:18'),
(662, 164, 177, NULL, NULL, NULL, NULL, NULL, 215, NULL, '2023-08-23 14:06:33', '2023-08-23 14:06:33'),
(663, 164, NULL, NULL, 212, NULL, NULL, NULL, 235, NULL, '2023-08-24 07:41:36', '2023-08-24 07:41:36'),
(664, 205, NULL, NULL, NULL, 188, NULL, NULL, NULL, 169, '2023-08-24 11:00:02', '2023-08-24 11:00:02'),
(665, 205, 178, NULL, NULL, NULL, NULL, NULL, 240, NULL, '2023-08-24 11:03:48', '2023-08-24 11:03:48'),
(666, 164, NULL, NULL, NULL, 189, NULL, NULL, NULL, 170, '2023-08-24 13:01:23', '2023-08-24 13:01:23'),
(667, 164, NULL, NULL, NULL, 190, NULL, NULL, NULL, 171, '2023-08-24 13:03:19', '2023-08-24 13:03:19'),
(668, 164, NULL, NULL, NULL, 191, NULL, NULL, NULL, 172, '2023-08-24 13:05:22', '2023-08-24 13:05:22'),
(669, 164, NULL, NULL, NULL, 192, NULL, NULL, NULL, 173, '2023-08-24 13:06:52', '2023-08-24 13:06:52'),
(670, 164, NULL, NULL, NULL, 193, NULL, NULL, NULL, 173, '2023-08-24 14:13:03', '2023-08-24 14:13:03'),
(671, 164, 179, NULL, NULL, NULL, NULL, NULL, 213, NULL, '2023-08-24 14:25:15', '2023-08-24 14:25:15'),
(672, 164, NULL, NULL, NULL, 194, NULL, NULL, NULL, 175, '2023-08-29 08:23:32', '2023-08-29 08:23:32'),
(673, 164, 180, NULL, NULL, NULL, NULL, NULL, 213, NULL, '2023-08-29 08:25:50', '2023-08-29 08:25:50'),
(674, 164, 181, NULL, NULL, NULL, NULL, NULL, 243, NULL, '2023-08-29 08:29:00', '2023-08-29 08:29:00'),
(675, 207, NULL, NULL, NULL, 195, NULL, NULL, NULL, 177, '2023-08-29 08:53:17', '2023-08-29 08:53:17'),
(676, 207, 182, NULL, NULL, NULL, NULL, NULL, 245, NULL, '2023-08-29 08:54:50', '2023-08-29 08:54:50'),
(677, 164, NULL, NULL, NULL, 196, NULL, NULL, NULL, 145, '2023-08-30 05:18:16', '2023-08-30 05:18:16'),
(678, 164, NULL, NULL, NULL, 197, NULL, NULL, NULL, 173, '2023-08-30 06:11:22', '2023-08-30 06:11:22'),
(679, 164, 183, NULL, NULL, NULL, NULL, NULL, 213, NULL, '2023-08-30 06:12:44', '2023-08-30 06:12:44'),
(680, 164, 184, NULL, NULL, NULL, NULL, NULL, 213, NULL, '2023-08-30 06:31:54', '2023-08-30 06:31:54'),
(681, 164, 185, NULL, NULL, NULL, NULL, NULL, 213, NULL, '2023-08-30 06:34:16', '2023-08-30 06:34:16'),
(682, 164, 186, NULL, NULL, NULL, NULL, NULL, 213, NULL, '2023-08-30 06:41:14', '2023-08-30 06:41:14'),
(683, 164, 187, NULL, NULL, NULL, NULL, NULL, 246, NULL, '2023-08-30 06:44:04', '2023-08-30 06:44:04'),
(684, 164, 188, NULL, NULL, NULL, NULL, NULL, 213, NULL, '2023-08-30 06:54:12', '2023-08-30 06:54:12'),
(685, 164, 189, NULL, NULL, NULL, NULL, NULL, 213, NULL, '2023-08-30 07:18:44', '2023-08-30 07:18:44'),
(686, 164, 190, NULL, NULL, NULL, NULL, NULL, 213, NULL, '2023-08-30 07:36:57', '2023-08-30 07:36:57'),
(687, 164, 191, NULL, NULL, NULL, NULL, NULL, 246, NULL, '2023-08-30 12:46:06', '2023-08-30 12:46:06'),
(688, 164, NULL, NULL, NULL, 198, NULL, NULL, NULL, 145, '2023-08-30 12:58:45', '2023-08-30 12:58:45'),
(689, 164, NULL, NULL, NULL, 199, NULL, NULL, NULL, 179, '2023-08-30 13:13:57', '2023-08-30 13:13:57'),
(690, 164, NULL, NULL, NULL, 200, NULL, NULL, NULL, 179, '2023-08-30 13:17:52', '2023-08-30 13:17:52'),
(691, 164, NULL, NULL, NULL, NULL, NULL, 213, NULL, 179, '2023-08-30 13:19:49', '2023-08-30 13:19:49'),
(692, 164, 192, NULL, NULL, NULL, NULL, NULL, 235, NULL, '2023-08-30 13:55:55', '2023-08-30 13:55:55'),
(693, 164, 193, NULL, NULL, NULL, NULL, NULL, 213, NULL, '2023-08-30 14:02:13', '2023-08-30 14:02:13'),
(694, 164, NULL, NULL, NULL, 201, NULL, NULL, NULL, 145, '2023-08-31 17:39:34', '2023-08-31 17:39:34'),
(695, 164, NULL, NULL, NULL, 202, NULL, NULL, NULL, 145, '2023-08-31 17:40:15', '2023-08-31 17:40:15'),
(696, 164, NULL, NULL, 214, NULL, NULL, NULL, 246, NULL, '2023-09-02 05:26:29', '2023-09-02 05:26:29'),
(697, 164, 194, NULL, NULL, NULL, NULL, NULL, 248, NULL, '2023-09-02 06:01:46', '2023-09-02 06:01:46'),
(698, 164, 195, NULL, NULL, NULL, NULL, NULL, 250, NULL, '2023-09-02 06:26:58', '2023-09-02 06:26:58'),
(699, 164, NULL, NULL, NULL, 203, NULL, NULL, NULL, 145, '2023-09-02 14:20:41', '2023-09-02 14:20:41'),
(700, 164, NULL, NULL, 215, NULL, NULL, NULL, 214, NULL, '2023-09-02 15:33:36', '2023-09-02 15:33:36'),
(701, 164, NULL, 42, NULL, NULL, NULL, NULL, 248, NULL, '2023-09-02 15:37:26', '2023-09-02 15:37:26'),
(702, 164, NULL, 43, NULL, NULL, NULL, NULL, 246, NULL, '2023-09-02 15:43:35', '2023-09-02 15:43:35'),
(703, 164, 196, NULL, NULL, NULL, NULL, NULL, 213, NULL, '2023-09-05 05:22:49', '2023-09-05 05:22:49'),
(704, 164, 197, NULL, NULL, NULL, NULL, NULL, 243, NULL, '2023-09-05 05:23:30', '2023-09-05 05:23:30'),
(705, 164, 198, NULL, NULL, NULL, NULL, NULL, 250, NULL, '2023-09-05 05:26:27', '2023-09-05 05:26:27'),
(706, 164, NULL, 44, NULL, NULL, NULL, NULL, 250, NULL, '2023-09-05 05:33:27', '2023-09-05 05:33:27'),
(707, 164, NULL, NULL, NULL, 204, NULL, NULL, NULL, 175, '2023-09-05 05:35:47', '2023-09-05 05:35:47'),
(708, 164, NULL, NULL, NULL, 205, NULL, NULL, NULL, 148, '2023-09-05 05:36:38', '2023-09-05 05:36:38'),
(709, 164, NULL, NULL, NULL, 206, NULL, NULL, NULL, 147, '2023-09-05 05:37:46', '2023-09-05 05:37:46'),
(710, 164, NULL, NULL, NULL, 207, NULL, NULL, NULL, 147, '2023-09-05 05:37:47', '2023-09-05 05:37:47'),
(711, 164, NULL, NULL, NULL, 208, NULL, NULL, NULL, 158, '2023-09-05 05:39:07', '2023-09-05 05:39:07'),
(712, 164, NULL, NULL, NULL, 209, NULL, NULL, NULL, 183, '2023-09-07 02:48:49', '2023-09-07 02:48:49'),
(713, 164, NULL, NULL, NULL, 210, NULL, NULL, NULL, 183, '2023-09-07 02:48:49', '2023-09-07 02:48:49'),
(714, 164, 199, NULL, NULL, NULL, NULL, NULL, 253, NULL, '2023-09-07 02:50:14', '2023-09-07 02:50:14'),
(715, 164, NULL, NULL, 216, NULL, NULL, NULL, 254, NULL, '2023-09-08 08:59:51', '2023-09-08 08:59:51'),
(716, 164, NULL, NULL, 217, NULL, NULL, NULL, 214, NULL, '2023-09-09 09:39:00', '2023-09-09 09:39:00'),
(717, 164, NULL, NULL, NULL, NULL, NULL, 218, NULL, 170, '2023-09-09 09:39:51', '2023-09-09 09:39:51'),
(718, 164, NULL, NULL, NULL, NULL, NULL, 219, NULL, 175, '2023-09-09 09:41:22', '2023-09-09 09:41:22'),
(719, 164, NULL, NULL, 220, NULL, NULL, NULL, 255, NULL, '2023-09-13 11:08:29', '2023-09-13 11:08:29'),
(720, 164, NULL, NULL, 221, NULL, NULL, NULL, 254, NULL, '2023-09-13 11:10:21', '2023-09-13 11:10:21'),
(721, 60, NULL, NULL, NULL, 211, NULL, NULL, NULL, 80, '2023-09-14 10:13:36', '2023-09-14 10:13:36'),
(722, 60, NULL, NULL, NULL, 212, NULL, NULL, NULL, 80, '2023-09-14 10:13:36', '2023-09-14 10:13:36'),
(723, 60, NULL, NULL, NULL, 213, NULL, NULL, NULL, 72, '2023-09-14 10:27:41', '2023-09-14 10:27:41'),
(724, 60, NULL, NULL, NULL, 214, NULL, NULL, NULL, 74, '2023-09-14 10:31:52', '2023-09-14 10:31:52'),
(725, 60, NULL, NULL, NULL, 215, NULL, NULL, NULL, 74, '2023-09-14 10:32:26', '2023-09-14 10:32:26'),
(726, 60, NULL, NULL, NULL, 216, NULL, NULL, NULL, 74, '2023-09-14 10:32:26', '2023-09-14 10:32:26'),
(727, 60, NULL, NULL, NULL, 217, NULL, NULL, NULL, 80, '2023-09-14 10:33:10', '2023-09-14 10:33:10'),
(728, 60, NULL, NULL, NULL, 218, NULL, NULL, NULL, 80, '2023-09-14 12:29:11', '2023-09-14 12:29:11'),
(729, 164, NULL, NULL, NULL, 219, NULL, NULL, NULL, 185, '2023-09-20 06:43:00', '2023-09-20 06:43:00'),
(730, 164, NULL, NULL, NULL, 220, NULL, NULL, NULL, 185, '2023-09-20 06:43:00', '2023-09-20 06:43:00'),
(731, 164, 200, NULL, NULL, NULL, NULL, NULL, 213, NULL, '2023-09-20 06:47:26', '2023-09-20 06:47:26'),
(732, 164, 201, NULL, NULL, NULL, NULL, NULL, 256, NULL, '2023-09-20 06:48:36', '2023-09-20 06:48:36'),
(733, 164, NULL, NULL, 222, NULL, NULL, NULL, 255, NULL, '2023-09-20 06:59:20', '2023-09-20 06:59:20'),
(734, 164, NULL, NULL, NULL, 221, NULL, NULL, NULL, 184, '2023-09-20 11:03:23', '2023-09-20 11:03:23'),
(735, 164, NULL, NULL, NULL, 222, NULL, NULL, NULL, 184, '2023-09-20 11:03:23', '2023-09-20 11:03:23'),
(736, 164, NULL, NULL, NULL, 223, NULL, NULL, NULL, 186, '2023-09-20 14:08:36', '2023-09-20 14:08:36'),
(737, 164, NULL, NULL, NULL, 224, NULL, NULL, NULL, 186, '2023-09-20 14:09:39', '2023-09-20 14:09:39'),
(738, 164, NULL, 45, NULL, NULL, NULL, NULL, 235, NULL, '2023-09-21 13:04:39', '2023-09-21 13:04:39'),
(739, 164, NULL, NULL, NULL, 225, NULL, NULL, NULL, 186, '2023-09-21 13:08:23', '2023-09-21 13:08:23'),
(740, 164, 202, NULL, NULL, NULL, NULL, NULL, 213, NULL, '2023-09-22 02:56:20', '2023-09-22 02:56:20'),
(741, 164, NULL, NULL, 223, NULL, NULL, NULL, 258, NULL, '2023-09-22 03:02:57', '2023-09-22 03:02:57'),
(742, 164, NULL, NULL, NULL, NULL, NULL, 224, NULL, 186, '2023-09-22 03:06:33', '2023-09-22 03:06:33'),
(743, 164, NULL, NULL, NULL, 226, NULL, NULL, NULL, 145, '2023-09-22 14:45:59', '2023-09-22 14:45:59'),
(744, 164, NULL, NULL, 225, NULL, NULL, NULL, 258, NULL, '2023-09-22 14:46:36', '2023-09-22 14:46:36'),
(745, 164, 203, NULL, NULL, NULL, NULL, NULL, 213, NULL, '2023-09-22 14:48:35', '2023-09-22 14:48:35'),
(746, 164, NULL, NULL, 226, NULL, NULL, NULL, 261, NULL, '2023-09-22 14:50:51', '2023-09-22 14:50:51');

-- --------------------------------------------------------

--
-- Table structure for table `users`
--

CREATE TABLE `users` (
  `id` bigint(20) UNSIGNED NOT NULL,
  `role_id` int(11) NOT NULL,
  `name` varchar(255) DEFAULT NULL,
  `email` varchar(255) NOT NULL,
  `password` varchar(255) NOT NULL,
  `business_name` varchar(255) NOT NULL,
  `business_type_id` int(10) UNSIGNED DEFAULT NULL,
  `phone` varchar(98) DEFAULT NULL,
  `business_address` text DEFAULT NULL,
  `country_id` int(10) UNSIGNED DEFAULT NULL,
  `state_id` int(10) UNSIGNED DEFAULT NULL,
  `police_station_id` int(10) UNSIGNED DEFAULT NULL,
  `remember_token` varchar(100) DEFAULT NULL,
  `user_id` int(10) UNSIGNED DEFAULT NULL,
  `reference_id` varchar(32) DEFAULT NULL,
  `reference_code` varchar(32) DEFAULT NULL,
  `ip` varchar(32) DEFAULT NULL,
  `status` tinyint(1) NOT NULL DEFAULT 1,
  `otp` int(11) DEFAULT NULL,
  `validity` date DEFAULT NULL,
  `image` varchar(255) DEFAULT NULL,
  `email_verified_at` timestamp NULL DEFAULT NULL,
  `created_at` timestamp NULL DEFAULT NULL,
  `updated_at` timestamp NULL DEFAULT NULL
) ENGINE=InnoDB DEFAULT CHARSET=utf8mb4 COLLATE=utf8mb4_unicode_ci;

--
-- Dumping data for table `users`
--

INSERT INTO `users` (`id`, `role_id`, `name`, `email`, `password`, `business_name`, `business_type_id`, `phone`, `business_address`, `country_id`, `state_id`, `police_station_id`, `remember_token`, `user_id`, `reference_id`, `reference_code`, `ip`, `status`, `otp`, `validity`, `image`, `email_verified_at`, `created_at`, `updated_at`) VALUES
(1, 1, 'Md Hafiz Al Foisal', 'auto@gmail.com', '$2y$10$urYWaa8LD2arvKbP.doYsO9w8xtgZKDPJzfJTVsVpnTaxRpB0dgT.', 'First Automated Workshop', 1, '01798032828', 'House #20 (3rd Floor) Road # 17, Nikanjia-2 Dhaka, Bangladesh', 1, 1, 1, NULL, 1, 'f82ee264', NULL, '127.0.0.1', 1, 725037, '2023-04-01', NULL, NULL, '2022-11-29 10:53:52', '2023-06-07 22:48:46'),
(3, 2, 'Auto sub user', 'auto1@gmail.com', '$2y$10$OPU6585qDQuUn4A2MM8yeuVKYd7kZbpaqDi70OoOJU.mO0.Uc75Ky', 'First Automated Workshop', 1, '0123456789', 'House #20 (3rd Floor) Road # 17, Nikanjia-2 Dhaka, Bangladesh', 1, 1, 1, NULL, 1, '1359333f', NULL, '127.0.0.1', 1, NULL, '2023-04-01', NULL, NULL, '2022-11-29 11:16:36', '2022-11-30 10:49:33'),
(4, 1, 'Md Hafiz Al Foisal - 2', 'automated_admin_2@gmail.com', '$2y$10$5Caddjyf96RgoL6BKWj1JOZjDv3OOTslPRXJFnQpI9DhOB322Vy.2', 'Automated Workshop - 2', 2, '01798032828', 'House #20 (3rd Floor) Road # 17, Nikanjia-2 Dhaka, Bangladesh', 1, 1, 1, NULL, 4, 'ecb954e9', NULL, '127.0.0.1', 1, NULL, '2023-04-02', NULL, NULL, '2022-11-29 11:18:00', '2022-12-01 05:26:58'),
(5, 1, 'Md Hafiz Al', 'pos@gmail.com', '$2y$10$VP6KF.WYbaZTN6ySsOX7euG/CRhlvAZ/MZ65EBsFBgHSKPnZHLMji', 'Automated Workshop', 2, '01798032826', 'House #20 (3rd Floor) Road # 17, Nikanjia-2 Dhaka, Bangladesh', 1, 1, 1, NULL, 5, '2ba68dfe', NULL, '27.131.13.12', 1, NULL, '2023-06-28', NULL, NULL, '2022-12-27 18:06:56', '2023-02-25 21:34:00'),
(6, 1, NULL, 'auto2@gmail.com', '$2y$10$U4/EeTGb/6QQYsAB4hpGke0GIpvG9vkWqj19NaH3Q/TKOquAlyPA.', 'First Automated Workshop 2', NULL, NULL, NULL, NULL, NULL, NULL, NULL, 6, '3da2b9de', NULL, '54.86.50.139', 1, 665297, '2023-01-10', NULL, NULL, '2022-12-27 18:44:12', '2022-12-27 18:44:12'),
(8, 1, NULL, 'posInventory@gmail.com', '$2y$10$2U0VhrGkIVdMsJ.94.NbSOyNR3GbUeKm95Wln/V9YpBFJ0YkosIoC', 'First Automated posInventory', NULL, NULL, NULL, NULL, NULL, NULL, NULL, 8, 'd2de1502', NULL, '54.86.50.139', 1, NULL, '2023-01-10', NULL, NULL, '2022-12-27 18:46:13', '2022-12-27 20:24:43'),
(10, 1, NULL, 'abc@gmail.com', '$2y$10$Zbp2vqLIN3Bf/BvNrs.Jsek4M804HqPfCc5KrQu3czEPsW2uu/.3y', 'abc', NULL, NULL, NULL, NULL, NULL, NULL, NULL, 10, '91250431', 'sdfs454tr', '27.131.13.12', 1, NULL, '2023-01-12', NULL, NULL, '2022-12-29 15:17:57', '2022-12-29 15:20:01'),
(13, 1, NULL, 'abc1@gmail.com', '$2y$10$abYfHxluq8ho.VW6L60St.2sKjV6U4WK2bGUkuw0WVED3m7CNX2Rm', 'abc', NULL, NULL, NULL, NULL, NULL, NULL, NULL, 13, '9c839efa', 'sdfs454tr', '27.131.13.12', 1, NULL, '2023-01-12', NULL, NULL, '2022-12-29 22:26:44', '2022-12-29 22:37:01'),
(14, 1, NULL, 'pos10@gmail.com', '$2y$10$lP30XAtcH/o3P5xTUabJr.Gd.IY1qYUstWRyQCS8nWN.mV8LBwT6e', 'POS Company', NULL, NULL, NULL, NULL, NULL, NULL, NULL, 14, '2624ad0f', NULL, '27.131.13.12', 1, NULL, '2023-01-12', NULL, NULL, '2022-12-29 23:22:28', '2022-12-29 23:58:33'),
(15, 1, NULL, '145689006', '$2y$10$bCZPICZ9PlXjdXmSaRykB.g1xi.PQU6EFhuy8rCiqUEwzjmu51Htm', 'abc', NULL, NULL, NULL, NULL, NULL, NULL, NULL, 15, '953d3edc', NULL, '27.131.13.12', 1, 225140, '2023-01-14', NULL, NULL, '2022-12-31 22:29:54', '2022-12-31 22:29:54'),
(16, 1, NULL, '01916085838', '$2y$10$p5uEBL1seJN08yJfPMXWOuXrfpzSeG5ac3GsGvv3BABiNN8E0uexm', 'golden Father', NULL, NULL, NULL, NULL, NULL, NULL, NULL, 16, '590931c8', NULL, '43.245.121.240', 1, 588250, '2023-02-17', NULL, NULL, '2023-02-03 15:52:13', '2023-02-03 15:52:13'),
(22, 1, NULL, '01521212575', '$2y$10$h2bES4Wx68VpC7YUoTNxregvPx9NjuB9c1cEdopZjGRpGQpglw0gC', 'wiztecbd', NULL, NULL, NULL, NULL, NULL, NULL, NULL, 22, 'f805b671', NULL, '45.250.228.228', 1, 701986, '2033-02-28', NULL, NULL, '2023-02-03 16:01:36', '2023-02-03 16:01:36'),
(23, 1, NULL, 'pos123@gmail.com', '$2y$10$YAjwgJqAFtCyYXQs2lKvsuknFDv6Ce11pwJic9Q0SZceIVmrzOuIm', '123', NULL, NULL, NULL, NULL, NULL, NULL, NULL, 23, '5359906a', '123', '103.209.197.23', 1, NULL, '2023-03-06', NULL, NULL, '2023-02-20 05:01:49', '2023-02-20 05:02:39'),
(24, 1, NULL, 'pos1234@gmail.com', '$2y$10$QisD.26VPEy0u6dJwg5hku3RQVBYC/gy5/U60m.kOZ3FKw7zSbN0K', '1234', NULL, NULL, NULL, NULL, NULL, NULL, NULL, 24, '9ee6c333', '1234', '103.209.197.23', 1, NULL, '2023-03-06', NULL, NULL, '2023-02-20 05:08:34', '2023-02-20 05:09:23'),
(26, 1, NULL, 'pos12344@gmail.com', '$2y$10$5XVnrVGkOrX538.Lnupqd.xJGTgdI.UYaD8zudspIkYats46TKGsS', '1234', NULL, NULL, NULL, NULL, NULL, NULL, NULL, 26, '15bdfe3f', '1234', '103.209.197.23', 1, 693858, '2023-03-06', NULL, NULL, '2023-02-21 03:05:48', '2023-02-21 03:05:48'),
(28, 1, NULL, 'pos123444@gmail.com', '$2y$10$LZ.avPDEIiN07JxI5xW5X.205h8hU34UrHpDVLMp5sRNID1kKwLE6', '1234', NULL, NULL, NULL, NULL, NULL, NULL, NULL, 28, 'cb2cb273', '1234', '103.209.197.25', 1, 460436, '2023-03-07', NULL, NULL, '2023-02-22 02:46:48', '2023-02-22 02:46:48'),
(29, 1, NULL, 'aaa@gmail.com', '$2y$10$Esx8xP0usJrtPOj6/SR0benmtEsNt.apn3/mRBVGXVYDktVfiQR8K', 'aaa', NULL, NULL, NULL, NULL, NULL, NULL, NULL, 29, '0210e5cc', NULL, '103.209.197.25', 1, 571786, '2023-03-07', NULL, NULL, '2023-02-22 02:48:21', '2023-02-22 02:48:21'),
(30, 1, NULL, 'rasel914157@gmail.com', '$2y$10$h/j.xWKAbsaog2swwsjfoumm6fCzjayF1/VVqBSHF.nwd7ijhier6', 'aaa', NULL, NULL, NULL, NULL, NULL, NULL, NULL, 30, '5fb165c5', NULL, '103.209.197.25', 1, 957217, '2023-03-07', NULL, NULL, '2023-02-22 02:49:30', '2023-02-22 02:49:30'),
(32, 3, 'Zakaria 12', 'pos3@gmail.com', '$2y$10$vYijKAKclcxSJqrfZB7bOOBwjZ/W8aeaagrmD4sQe/8A00oF0IHLi', 'Automated Workshop', 2, '0179805555', 'House #20 (3rd Floor) Road # 17, Nikanjia-2 Dhaka, Bangladesh', 1, 1, 1, NULL, 5, 'dd83369a', NULL, '27.131.13.12', 1, NULL, '2023-04-28', '', NULL, '2023-02-25 00:23:09', '2023-02-25 21:35:34'),
(37, 1, NULL, 'mazhar@gmail.com', '$2y$10$31ciwF0oze4RlXrX2U3w8Ov2nFfiisoTQSODJO8NSIK/wqIr94LZO', 'Mazhar Super Shop', NULL, NULL, NULL, NULL, NULL, NULL, NULL, 37, '92a4d1f7', NULL, '27.131.13.12', 1, NULL, '2024-08-18', NULL, NULL, '2023-02-27 15:24:08', '2023-08-19 09:26:30'),
(38, 1, NULL, 'demo@gmail.com', '$2y$10$G7wuxI2Y9edpwTxbJY76duAsIEZi1NxTk0zSPWfrG2AlOkBcmTLZa', 'Demo', NULL, NULL, NULL, NULL, NULL, NULL, NULL, 38, '53e89d7c', 'sdfs454tr', '27.131.13.12', 1, NULL, '2023-06-08', NULL, NULL, '2023-02-27 15:37:32', '2023-06-06 23:20:48'),
(39, 1, 'mazhar', 'mazhar_pos@gmail.com', '$2y$10$CC4gcwH8iZMWhq02viTaf.Gqh6Ys1P98307qgvp5FVHtg9d71ReYO', 'day book', 2, '01916085838', 'Dhaka', 1, 1, 1, NULL, 39, 'bdf9db69', NULL, '27.131.13.12', 1, NULL, '2023-03-13', NULL, NULL, '2023-02-27 15:39:36', '2023-02-27 19:42:27'),
(41, 1, 'Admin', 'pos00@gmail.com', '$2y$10$INq6vO5XW8ALlGzjWCDWnewvHTsZXzMIvO4/akuOM5OCcnvXi.BAC', 'pos Business', 1, '0138046499', 'Dhanmondi, Dhaka', 1, 1, 1, NULL, 41, '8a77fb35', NULL, '192.168.1.122', 1, NULL, '2023-04-10', NULL, NULL, '2023-03-27 03:43:56', '2023-03-30 13:07:35'),
(42, 1, 'Admin', 'wiztec.forwel@gmail.com', '$2y$10$av2kiOso47zhnlR7jDl9quQXwri2j6kvsWKnAtzB76KZQx.QhOkYO', 'Demo', NULL, NULL, NULL, NULL, NULL, NULL, NULL, 42, '7b1f85a9', 'sdfs454tr', '127.0.0.1', 1, 385070, '2023-04-15', NULL, NULL, '2023-04-01 10:34:14', '2023-04-01 10:34:14'),
(44, 1, 'Admin', 'wiztec.foisal@gmail.coma', '$2y$10$EhbSKmqOBM4cioU34rvGAulI6pAtgEs4dZt8L4qkxJ.QqXtR3ySAq', 'Demo', NULL, NULL, NULL, NULL, NULL, NULL, NULL, 44, '63eb51cd', 'sdfs454tr', '127.0.0.1', 1, 774655, '2023-04-15', NULL, NULL, '2023-04-01 10:53:52', '2023-04-01 10:53:52'),
(45, 1, 'Admin', 'mazhar23@gmail.com', '$2y$10$kdueMqZYMbLaiShXUva9yegBuY0zimZfj69O5AYlvLQpBvYqu1rUy', 'Pos Ltd.', NULL, NULL, NULL, NULL, NULL, NULL, NULL, 45, '86538da8', NULL, '202.134.14.140', 1, NULL, '2023-06-09', NULL, NULL, '2023-04-02 14:40:35', '2023-06-07 00:32:12'),
(46, 1, 'Admin', 'pos2023@gmail.com', '$2y$10$EspEBQMXOxKA4rHxJISrVOpVLAWmnQ0T230ZjmBTQSpZtPUYhfslq', 'Pos Inventory', NULL, NULL, NULL, NULL, NULL, NULL, NULL, 46, '24ccfd78', NULL, '27.131.13.12', 1, 847476, '2023-04-20', NULL, NULL, '2023-04-06 08:37:07', '2023-04-06 08:37:07'),
(47, 1, 'Admin', 'mahin@gmail.com', '$2y$10$EPcCOEzj/V8zPH6qrz/7ie9YmRHtXWqYa7.hAA/4OkT5vHewnDEzC', 'abc ltd', NULL, NULL, NULL, NULL, NULL, NULL, NULL, 47, '051c6b22', NULL, '27.131.13.12', 1, NULL, '2023-05-03', NULL, NULL, '2023-04-19 15:27:39', '2023-08-30 09:43:20'),
(48, 1, 'Admin', 'fahim@gmail.com', '$2y$10$nL3cmnvBsNX29E9jhLNHjuSLWJ0t95JlOaARQrInGm5mWM44oN/tC', 'xyz ltd', NULL, NULL, NULL, NULL, NULL, NULL, NULL, 48, '400640ea', NULL, '27.131.13.12', 1, NULL, '2024-09-19', NULL, NULL, '2023-04-19 15:28:49', '2023-09-20 04:40:19'),
(49, 1, 'Admin', 'foisal@gmail.com', '$2y$10$S0GLw9AM1R/mQjkRHxb/8.WQlESmz3L7L6Spe1RyAj75wjMQvEV1i', 'xyz ltd', NULL, NULL, NULL, NULL, NULL, NULL, NULL, 49, 'f0216133', NULL, '27.131.13.12', 1, NULL, '2024-09-19', NULL, NULL, '2023-04-19 15:29:02', '2023-09-20 04:45:40'),
(50, 1, 'Admin', 'mehedi@gmail.com', '$2y$10$RKppjdoEU0gEn5G18/pjyeVpJyWhVRbfFqCDhbMQDz8jfg1e9ZuR.', 'xyz ltd', NULL, NULL, NULL, NULL, NULL, NULL, NULL, 50, 'a0c949de', NULL, '27.131.13.12', 1, NULL, '2024-09-19', NULL, NULL, '2023-04-19 15:29:11', '2023-09-20 12:42:33'),
(51, 1, 'Admin', 'a@a.com', '$2y$10$V/mm4IUHLlSXbX14L7af9OAxSKQBSKKXHY5m7gum3QTBty90oasE6', 'hhg', NULL, NULL, NULL, NULL, NULL, NULL, NULL, 51, 'f24485af', NULL, '103.183.106.20', 1, NULL, '2023-05-03', NULL, NULL, '2023-04-20 02:50:22', '2023-04-20 02:50:32'),
(57, 1, 'Admin', 'mostafijur.sujan@gmail.com', '$2y$10$4BSCCKVAtr49f6kB.qpXqueWMKBggmQdr.Uti/y6uXM21vs7EyT2a', 'Wiztecbd', NULL, NULL, NULL, NULL, NULL, NULL, NULL, 57, '0baabaed', NULL, '45.250.228.229', 1, 111111, '2023-05-13', NULL, NULL, '2023-04-29 16:48:32', '2023-04-29 16:48:32'),
(58, 1, 'Admin', 'sujan@gmail.com', '$2y$10$9JE7tSsEQwJYoS5eiWbhee8n7zbPTYgFNzgcpyYqyl3PJifWkOmTu', 'Wiztecbd', NULL, NULL, NULL, NULL, NULL, NULL, NULL, 58, 'b56a4200', NULL, '45.250.228.229', 1, NULL, '2023-05-13', NULL, NULL, '2023-04-29 16:55:10', '2023-04-29 16:55:17'),
(59, 1, 'Admin', 'majhar@gmail.com', '$2y$10$9M6VItl2ttr0EpO9xFTIauPpmywY9h7shup7vU9eIE69TiVYrPK3K', 'majhar store', NULL, NULL, NULL, NULL, NULL, NULL, NULL, 59, '939cf892', NULL, '103.199.84.169', 1, NULL, '2023-05-14', NULL, NULL, '2023-04-30 21:59:10', '2023-04-30 21:59:18'),
(60, 1, 'Admin', 'shakila@gmail.com', '$2y$10$92IXUNpkjO0rOQ5byMi.Ye4oKoEa3Ro9llC/.og/at2.uheWG/igi', 'shakila enterprize', NULL, NULL, NULL, NULL, NULL, NULL, NULL, 60, '5da1655b', NULL, '103.199.84.169', 1, NULL, '2066-10-16', NULL, NULL, '2023-05-02 18:56:57', '2023-09-20 05:11:54'),
(61, 1, 'Admin', 'easinhosen5@gmail.com', '$2y$10$JljKvZqZHxi5E0Yu/QlMxOuCBrL9jx3K0XPbxW.d0vE/mNpo3JWxC', 'wiztec', NULL, NULL, NULL, NULL, NULL, NULL, NULL, 61, '6e1a00d5', NULL, '27.131.13.12', 1, NULL, '2023-05-17', NULL, NULL, '2023-05-03 16:32:08', '2023-05-03 16:32:16'),
(62, 1, 'Admin', 'hasan@gmail.com', '$2y$10$67T5uXH2ARqkxUi9QKMpv.9rm7CIndXvb7t4eLAk283KhjCaLPFzS', 'hasan sarker', NULL, NULL, NULL, NULL, NULL, NULL, NULL, 62, 'ac8c2d0a', NULL, '103.199.84.168', 1, NULL, '2023-12-05', NULL, NULL, '2023-05-04 17:41:48', '2023-09-06 11:30:39'),
(63, 1, 'Admin', 'jamil@gmail.com', '$2y$10$YeuYqEB4khudY2O.4YFJsONo39gKonb3S7wGXZkv4ulap54ZvMrjm', 'Jamil store', NULL, NULL, NULL, NULL, NULL, NULL, NULL, 63, '05a472ef', NULL, '103.199.84.169', 1, NULL, '2023-05-20', NULL, NULL, '2023-05-06 18:13:45', '2023-05-06 18:13:52'),
(64, 1, 'Admin', 'tuhin@gmail.com', '$2y$10$LXTL3SSjoowTuj8IWA4r5.8vpldBbs2X2Zs3yZswFR6Zjd.wdThpu', 'tuhin store', NULL, NULL, NULL, NULL, NULL, NULL, NULL, 64, '68f5f7b8', '500', '103.199.84.168', 1, NULL, '2023-05-21', NULL, NULL, '2023-05-07 04:15:46', '2023-05-07 04:15:53'),
(65, 1, 'Admin', 'swapnil@gmail.com', '$2y$10$lRvlW9W8o5vfm6YcIHtzu.EgMesJ1nmrG9Cn8sBAAfSq61J0DpQ0i', 'Swapnil store', NULL, NULL, NULL, NULL, NULL, NULL, NULL, 65, '73b800f5', NULL, '103.199.84.168', 1, NULL, '2023-12-30', NULL, NULL, '2023-05-13 16:10:43', '2023-06-13 13:38:12'),
(66, 1, 'Admin', 'mr@gmail.com', '$2y$10$3sixxVHIEwDS.47t9.XL3uqjlJjEXQMrp5pmoTzaLPiUTQSjtg.xW', 'M R Traders', NULL, NULL, NULL, NULL, NULL, NULL, NULL, 66, '8d14fb21', NULL, '103.199.84.170', 1, NULL, '2023-05-31', NULL, NULL, '2023-05-17 23:18:19', '2023-05-17 23:18:26'),
(67, 1, 'Admin', 'abir@gmail.com', '$2y$10$QApTVUsQCWHmd03Z9bqMbu6qCkn5/9Syiaz44DEfuQKUmS0B38jl6', 'Abir traders', NULL, NULL, NULL, NULL, NULL, NULL, NULL, 67, '4903eac5', NULL, '103.199.84.168', 1, NULL, '2023-06-04', NULL, NULL, '2023-05-22 03:01:37', '2023-05-22 03:01:43'),
(68, 1, 'Admin', 'roni@gmail.com', '$2y$10$6vhFONm8fzr2SusEZAMpg.v8nvSRR4pXK1z87/nvU935dGwOduYCi', 'XYZ CO.', NULL, NULL, NULL, NULL, NULL, NULL, NULL, 68, '57122642', NULL, '27.131.13.12', 1, NULL, '2023-06-05', NULL, NULL, '2023-05-22 15:35:18', '2023-05-22 15:35:26'),
(71, 1, 'Admin', 'sr@gmail.com', '$2y$10$a/hv83YM3PdTTWbHjCx15eCGxz.79fV6DiKUzOwSmHZMARYTDkcZe', 'SR TRADER', NULL, NULL, NULL, NULL, NULL, NULL, NULL, 71, '63fc3a67', NULL, '103.199.84.168', 1, NULL, '2023-06-06', NULL, NULL, '2023-05-23 17:22:33', '2023-05-23 17:22:38'),
(72, 1, 'Admin', 'xyz@gmail.com', '$2y$10$NYjXdNRO01ZLTai7qim3lO9doHIp93czzDXSZDuDDAdp8pVb6J/ee', 'xyz', NULL, NULL, NULL, NULL, NULL, NULL, NULL, 72, 'dc98abdc', NULL, '27.131.13.12', 1, NULL, '2023-06-07', NULL, NULL, '2023-05-24 14:32:16', '2023-05-24 14:32:23'),
(73, 1, 'Admin', 'tr@gmail.com', '$2y$10$xl6NdUVwV6i2Te.XbstrUexvDIvi9vj3cFp56cLjeZJsHh1rtGmoC', 'TR Enterprise', NULL, NULL, NULL, NULL, NULL, NULL, NULL, 73, '060ddcde', '500', '103.67.159.75', 1, NULL, '2023-06-09', NULL, NULL, '2023-05-26 23:46:50', '2023-05-26 23:46:56'),
(74, 1, 'Admin', 'noyon@gmail.com', '$2y$10$lnsiZFXFN7ZRO2/X62MneeI9RIdTeABVZFEvK4s/soo8EKat1iJRC', 'ggg', NULL, NULL, NULL, NULL, NULL, NULL, NULL, 74, '46d7db51', NULL, '192.168.1.62', 1, NULL, '2023-06-21', NULL, NULL, '2023-06-07 05:02:08', '2023-06-07 05:02:14'),
(75, 1, 'Admin', 'gg@gg.gg', '$2y$10$ZpNcj761rWc1C6sairupyO8IGIz0.aWtDvaB/erQGdzEq4iqySFt2', 'ggg', NULL, NULL, NULL, NULL, NULL, NULL, NULL, 75, '154a4906', NULL, '192.168.1.62', 1, 952240, '2023-06-22', NULL, NULL, '2023-06-07 23:18:04', '2023-06-07 23:18:07'),
(77, 1, 'Admin', 'ggg@gg.gg', '$2y$10$xD5DSCm01mbSOnimhKoAmeiVnfLTqEOaqkXu6Rp60CW6VxVZ7AFqG', 'ggg', NULL, NULL, NULL, NULL, NULL, NULL, NULL, 77, 'ef40b8f2', NULL, '192.168.1.62', 1, 920508, '2023-06-22', NULL, NULL, '2023-06-07 23:18:59', '2023-06-07 23:19:12'),
(82, 1, 'Admin', '0179803282822', '$2y$10$zOItYsYyYJqtGNJriMaLz.SKDxukp/Caq2QJe6XTATbz1NgpyOtqq', 'Demo', NULL, NULL, NULL, NULL, NULL, NULL, NULL, 82, 'f706b1d1', 'sdfs454tr12', '192.168.1.61', 1, 603226, '2023-06-22', NULL, NULL, '2023-06-08 00:58:41', '2023-06-08 00:58:42'),
(99, 1, 'Admin', '0179803282', '$2y$10$PI9YoB1AmzEQDXtsLji5NuPcR0lw46SWxS0AbW5G8D4RAmjgRat0K', 'Demo', NULL, NULL, NULL, NULL, NULL, NULL, NULL, 99, '0f172bca', 'sdfs454tr12ds', '192.168.1.61', 1, 478623, '2023-06-22', NULL, NULL, '2023-06-08 01:09:26', '2023-06-08 01:09:26'),
(101, 1, 'Admin', '0179802828', '$2y$10$3RQObVRhFR2CxTkoMp.GTeEsC7KKndykWctqdW3nktYr35YMeBB0C', 'Demo', NULL, NULL, NULL, NULL, NULL, NULL, NULL, 101, '9ddc94be', 'sdfs454tr12ds', '192.168.1.61', 1, 769002, '2023-06-22', NULL, NULL, '2023-06-08 01:11:06', '2023-06-08 01:11:06'),
(105, 1, 'Admin', '11@gmail.com', '$2y$10$S.qMkucSfEd8DI5V7ing.u.7knVl4kuqtYmG4kshvx23lzqMuvhMO', 'Demo', NULL, NULL, NULL, NULL, NULL, NULL, NULL, NULL, 'ebf89648', 'sdfs454tr12ds', '192.168.1.61', 1, 867816, NULL, NULL, NULL, '2023-06-08 02:33:56', '2023-06-08 04:41:58'),
(111, 1, 'Admin', '13211@gmail.com', '$2y$10$coxTATqxAGnX4tvvnYn1kO1LVgeqfnkF9Ad72NAjPwvmzK4xlBJla', 'Demo', NULL, NULL, NULL, NULL, NULL, NULL, NULL, 111, '33376867', 'sdfs454tr12ds', '192.168.1.61', 1, 626354, '2023-06-22', NULL, NULL, '2023-06-08 04:33:58', '2023-06-08 04:34:03'),
(115, 1, 'Admin', '017803282', '$2y$10$Fwr1hoZjr/PybAvD.Fk7ceHfL56B7KAAlD6cyYqdFC2vGyapcqBh6', 'Demo', NULL, NULL, NULL, NULL, NULL, NULL, NULL, 115, '6dc87926', 'sdfs454tr12ds', '192.168.1.61', 1, 391375, '2023-06-22', NULL, NULL, '2023-06-08 05:04:44', '2023-06-08 05:04:44'),
(116, 1, 'Admin', '01798032828rt', '$2y$10$.BCgUwfO3NN4dU/VdSS/b.i8gDih8qq3GO1JUCwukzRAgCTdXJD/O', 'Demo', NULL, NULL, NULL, NULL, NULL, NULL, NULL, 116, 'bf79bc78', 'sdfs454tr12ds', '192.168.1.61', 1, 164744, '2023-06-22', NULL, NULL, '2023-06-08 05:06:43', '2023-06-08 05:06:43'),
(117, 1, 'Admin', '01798032asd', '$2y$10$gPy1syVyTY0v7lIPd0dpGekjyOdjAGf4Wll4DY4QxZB8VE4lQKC/C', 'Demo', NULL, NULL, NULL, NULL, NULL, NULL, NULL, 117, 'becec664', 'sdfs454tr12ds', '192.168.1.61', 1, 203495, '2023-06-22', NULL, NULL, '2023-06-08 05:08:18', '2023-06-08 05:15:04'),
(118, 1, 'Admin', '01781398652', '$2y$10$cuLjO802pGP1P7JQRsFTReFohRrbAN1N90ZoXzfQzSMCAU22EqU72', 'Demo', NULL, NULL, NULL, NULL, NULL, NULL, NULL, 118, '5eab3db8', 'sdfs454tr12ds', '103.81.199.67', 1, 563935, '2023-06-26', NULL, NULL, '2023-06-12 06:50:33', '2023-06-12 06:50:33'),
(121, 1, 'Admin', 'wiztec.foisal@gmail.comdas', '$2y$10$s.QV4P3CINzHlLS1Hw6aouTFyjQeAaUVd4pjaXqoGvOTiWWumgsOS', 'Demo', NULL, NULL, NULL, NULL, NULL, NULL, NULL, 121, '9e68e4c2', 'sdfs454tr12ds', '103.81.199.67', 1, 904655, '2023-06-26', NULL, NULL, '2023-06-12 07:04:22', '2023-06-12 07:04:22'),
(122, 1, 'Admin', 'wiztec.foi', '$2y$10$BS/GdY8VD2I6DbJ1uS47Z.xXtVnXvEhxQupwgK599PJm1rNxdl.DW', 'Demo', NULL, NULL, NULL, NULL, NULL, NULL, NULL, 122, 'fe270dee', 'sdfs454tr12ds', '103.81.199.67', 1, 943163, '2023-06-26', NULL, NULL, '2023-06-12 07:23:46', '2023-06-12 07:23:46'),
(123, 1, 'Admin', 'wiztec.foisal@gmail.com', '$2y$10$4DQv1XiQ3AZeZ4K3wamdqePo7s0tAL4NYnzy8uxZf5br99dbrBUSO', 'Demo', NULL, NULL, NULL, NULL, NULL, NULL, NULL, 123, 'af366a43', 'sdfs454tr12ds', '103.81.199.67', 1, 947094, '2023-06-26', NULL, NULL, '2023-06-12 07:29:37', '2023-08-23 06:45:03'),
(129, 1, 'Admin', 'mahin1899@gmail.com', '$2y$10$gKg.db65H6I0x7iLcaj17Ox6BL7vHtUY4gBDbLqYz6RmSesZ9L.VS', 'xyz', NULL, NULL, NULL, NULL, NULL, NULL, NULL, 129, 'b64d3765', NULL, '103.81.199.67', 1, 367935, '2023-06-28', NULL, NULL, '2023-06-14 02:56:42', '2023-06-14 04:02:03'),
(130, 1, 'Admin', 'mh.wiztecbd@gmail.com', '$2y$10$o.Y58dTiV1qXzvJ398nL1egh.Ffiz.OHL35ez1L4BRokfnkZTP3O6', 'xyz', NULL, NULL, NULL, NULL, NULL, NULL, NULL, 130, '7856ec48', NULL, '103.81.199.67', 1, NULL, '2023-06-28', NULL, NULL, '2023-06-14 02:57:47', '2023-06-14 02:58:12'),
(132, 1, 'Admin', '01966227185', '$2y$10$wvkhhGELUY9iqHxpzDErtOZDS1RkvTHxjBUBocfVXhaVYcWPGLC6u', 'abc', NULL, NULL, NULL, NULL, NULL, NULL, NULL, 132, 'be424923', NULL, '103.81.199.67', 1, NULL, '2023-06-28', NULL, NULL, '2023-06-14 03:03:51', '2023-06-14 03:16:09'),
(133, 1, 'Admin', 'sujan12@gmail.com', '$2y$10$v6CTmwPLw8JQDwwBNFpV9uUyrjdimLqq24aUHyM9RA9NbOpIsF8x.', 'wiztecbd', NULL, NULL, NULL, NULL, NULL, NULL, NULL, 133, 'a84b8030', NULL, '103.209.196.178', 1, 586644, '2023-06-28', NULL, NULL, '2023-06-14 03:14:03', '2023-06-14 03:14:03'),
(134, 1, 'Admin', '01798032828', '$2y$10$nhCvpvH5qdeGEFh1owfzA.XerynMgB63FLq8xE8rzY5e1zmViF34y', 'zxc', NULL, NULL, NULL, NULL, NULL, NULL, NULL, 134, 'e51ca123', NULL, '103.81.199.67', 1, 645064, '2023-06-28', NULL, NULL, '2023-06-14 03:26:17', '2023-09-07 06:39:44'),
(144, 1, 'Admin', 'mehedihasansarkar1899@gmail.com', '$2y$10$8d9fgH4qhoGub9SNAI7aXuuPKtCzqdJ5wMC39wZPckT2XvPTMSb02', 'qqq', NULL, NULL, NULL, NULL, NULL, NULL, NULL, 144, '976535c2', NULL, '103.81.199.67', 1, 755617, '2023-06-28', NULL, NULL, '2023-06-14 04:03:14', '2023-06-14 04:46:11'),
(149, 1, 'Admin', 'mustafizur.sujan@gmail.com', '$2y$10$2f.bSsH0W4GTloo3LylJXOiGDeo0zUOetQh8hvBQaTz.dxBKnrrby', 'abc', NULL, NULL, NULL, NULL, NULL, NULL, NULL, 149, 'e9256511', NULL, '103.81.199.67', 1, 614010, '2023-06-28', NULL, NULL, '2023-06-14 05:08:07', '2023-06-14 05:29:04'),
(150, 1, 'Admin', 'playaccount@gmail.com', '$2y$10$YPDLErR6emtSLLSPRmplieAcHGzsS3zxGQ.ZV3DX1BROyXuGq6mSi', 'Play co.', NULL, NULL, NULL, NULL, NULL, NULL, NULL, 150, 'deb8c5e3', NULL, '103.81.199.67', 1, NULL, '2023-06-28', NULL, NULL, '2023-06-14 05:46:25', '2023-06-14 05:47:09'),
(152, 1, 'Admin', '01999977871', '$2y$10$IOK/rY.B3xb8AqPfgkGozOydyUpgYuhREh03pBpg4GEqL4.XSXy5G', 'xyz', NULL, NULL, NULL, NULL, NULL, NULL, NULL, 152, '28068b29', NULL, '202.134.9.128', 1, 707664, '2033-06-30', NULL, NULL, '2023-06-14 06:17:46', '2023-06-14 07:06:23'),
(153, 1, 'Admin', '01770744894', '$2y$10$LOzmswdwWGuu3bbg1Div3eFb/2nzEejt0VFaPYtnLU5rMxPpaFDCW', 'xyz', NULL, NULL, NULL, NULL, NULL, NULL, NULL, 153, '8eedb82c', NULL, '202.134.9.128', 1, NULL, '2023-06-28', NULL, NULL, '2023-06-14 06:20:52', '2023-06-14 06:24:46'),
(154, 1, 'Admin', 'rahaman3640@gmail.com', '$2y$10$E9V0rma4RmF90vOzky8v6e6fYG8ql9CmW9uavg/sU56SYSfsJC9X6', 'wiztecbd', NULL, NULL, NULL, NULL, NULL, NULL, NULL, 154, 'd95eb6cf', NULL, '103.81.199.67', 1, NULL, '2023-06-28', NULL, NULL, '2023-06-14 06:29:55', '2023-06-14 06:30:37'),
(156, 3, 'Easin', 'easin@gmail.com', '$2y$10$t1Ylknhil2wWAylungxlnucTGU3RYzBDZ90EFowxaWSfCEjVtPE.W', 'shakila enterprize', NULL, '0111111111', NULL, NULL, NULL, NULL, NULL, 60, '346588ae', NULL, '103.81.199.67', 0, NULL, '2026-10-16', '', NULL, '2023-06-14 07:10:24', '2023-06-14 07:30:39'),
(160, 2, 'Foisal', 'foisal@hotmail.com', '$2y$10$oAPhO8M/1H9znAsTY6.n8uyn9ky.WK5Zhr.IxwHcSWiNByhGWF43e', 'shakila enterprize', NULL, '0122222222', NULL, NULL, NULL, NULL, NULL, 60, '817d8a2b', NULL, '103.81.199.67', 1, NULL, '2026-10-16', '/images/user/1690883558.png', NULL, '2023-06-14 07:30:22', '2023-08-01 09:52:38'),
(161, 2, 'monoware', 'mono@gmail.com', '$2y$10$TUgdfghVBGLEAnVcawW6d.4ty.BFt6J5sD/QuQVyPI/McwitEU7.O', 'Swapnil store', NULL, '01923865235', NULL, NULL, NULL, NULL, NULL, 65, '6918a51a', NULL, '103.159.72.255', 1, NULL, '2023-12-30', '', NULL, '2023-06-21 12:45:10', '2023-06-21 12:45:10'),
(164, 1, 'majharul islam', 'gmanagerapps@gmail.com', '$2y$10$SkrmNT10dItPYP4.GAmhW.RGYkUKfyNKz3I.9pK9OyLLcsdnVcyiO', 'ferioala bd', 21, '01916085838', 'Dhanbari Bazar,Dhanbari, Tangail', 1, 19, 50, NULL, 164, 'fd68989c', '1001', '103.158.125.72', 1, NULL, '2024-08-28', '/images/user/1695301924.png', NULL, '2023-07-29 05:56:07', '2023-09-21 13:46:56'),
(166, 1, 'Admin', '01919200100', '$2y$10$FW0F24XZqxGOCCWucRpebeWoNNN05nfS8bgoIfwcPhdYmpA6vVdpC', 'G manager', NULL, NULL, NULL, NULL, NULL, NULL, NULL, 166, 'bce0c213', 'rm100', '103.158.125.137', 1, 533145, '2023-08-13', NULL, NULL, '2023-07-30 05:29:03', '2023-07-30 05:29:03'),
(167, 3, 'sohan', 'sh@gg.com', '$2y$10$6bzHtZEJvO6xAm9dslH8Jezj61DaBj45xc5jaKcRO5KLR9fImpare', 'shakila enterprize', NULL, '028767694', NULL, NULL, NULL, NULL, NULL, 60, '1efbf78b', NULL, '103.81.199.65', 1, NULL, '2066-10-16', '', NULL, '2023-08-01 09:42:01', '2023-08-01 09:42:01'),
(168, 2, 'sujan', 'su@nd.com', '$2y$10$oapuaN50pSs50MGvHJ2reuPyY.xo8rlCskCAh9GRI1VZnohKDexQ6', 'shakila enterprize', NULL, '94946498848', NULL, NULL, NULL, NULL, NULL, 60, '6654036b', NULL, '103.81.199.65', 1, NULL, '2066-10-16', '/images/user/1690883533.png', NULL, '2023-08-01 09:52:14', '2023-08-01 09:52:14'),
(170, 1, 'Admin', '01894800116', '$2y$10$vDI9l2OHIlCt0jNa7AApwONAp7YuOY4jIcfGkNv8kKc8mps73.a4C', 'Abc', NULL, NULL, NULL, NULL, NULL, NULL, NULL, 170, 'ab88ba98', NULL, '103.119.102.73', 1, 208510, '2023-08-23', NULL, NULL, '2023-08-09 09:03:52', '2023-08-09 09:03:52'),
(173, 1, 'Admin', 'farjanayasmin893@gmail.com', '$2y$10$/Di52Pbbmrgjyk/qNpK3SukZEm3CEZ.NyRbD3gmPqKt2c0Q7EiUgi', 'Abc', NULL, NULL, NULL, NULL, NULL, NULL, NULL, 173, '5bd96fa0', NULL, '103.119.102.73', 1, NULL, '2023-08-23', NULL, NULL, '2023-08-09 09:05:15', '2023-08-09 09:05:47'),
(174, 1, 'Admin', '01720010260', '$2y$10$bvPfYGwk9dYtol7VHqmJtOG1wfGehsThzgRSJgyVvnP.RLWVhIDW6', 'Mdg Rabbani', NULL, NULL, NULL, NULL, NULL, NULL, NULL, 174, 'd55f12a2', NULL, '59.152.102.230', 1, 230638, '2024-08-29', NULL, NULL, '2023-08-10 12:49:45', '2023-08-30 09:29:55'),
(177, 1, 'Admin', 'rabbaniistt@gmail.com', '$2y$10$bTpQ4XFt14UtLRDP44x.Neji.AYulYUWuQzUmMVI5NRshkY/Xn1Ne', 'mdgrabbani', NULL, NULL, NULL, NULL, NULL, NULL, NULL, 177, '78643d59', NULL, '59.152.102.230', 1, NULL, '2024-08-13', NULL, NULL, '2023-08-13 12:17:05', '2023-08-14 09:33:12'),
(180, 1, 'Admin', '01855478529', '$2y$10$qsjqY0p.0Gh2psdFoa9vde4.YrB.pYFBFz7yi1CHcCnOtFJ7LXO1K', 'majhar store', NULL, NULL, NULL, NULL, NULL, NULL, NULL, 180, '896d463f', 'maj2000', '103.158.125.57', 1, 914775, '2024-01-04', NULL, NULL, '2023-08-16 06:02:28', '2023-09-06 11:22:08'),
(181, 1, 'Admin', '01688929193', '$2y$10$n3m7j7sgD4h7MIB.vhyCduhrnYjsMXRMLjHjnO3ZLlMGEzz93nbC.', 'mhb', NULL, NULL, NULL, NULL, NULL, NULL, NULL, 181, 'b697f316', NULL, '103.81.199.65', 1, 818961, '2023-08-30', NULL, NULL, '2023-08-16 06:15:13', '2023-09-07 06:31:48'),
(182, 1, 'Admin', '01738717763', '$2y$10$1caW094bEJcEwL6B1eruluXF3R4w38Uq8S3RRRWy/uRqQSZ9ADQXG', 'mhb', NULL, NULL, NULL, NULL, NULL, NULL, NULL, 182, '0a74571b', NULL, '103.81.199.65', 1, 276144, '2023-08-30', NULL, NULL, '2023-08-16 06:17:22', '2023-08-16 06:19:25'),
(185, 1, 'Admin', '01624373237', '$2y$10$pfcSe8eP8IZzFFqqdu7ALezSknNwXGheu2Wbu0SGXGrWryGm327vm', 'adorsho computer', NULL, NULL, NULL, NULL, NULL, NULL, NULL, 185, 'fb2f293b', 'k300', '103.159.72.255', 1, 334526, '2023-09-01', NULL, NULL, '2023-08-18 06:56:55', '2023-08-18 07:00:32'),
(187, 1, 'Admin', 'goldenfather71@gmail.com', '$2y$10$s47kx3.agnvXf2h69r4phuYdBrDGLFHyW6suQYlWHnKOGRuTXK2.m', 'kkkkkkk', NULL, NULL, NULL, NULL, NULL, NULL, NULL, 187, 'd23999b3', NULL, '103.159.72.255', 1, 655218, '2023-09-01', NULL, NULL, '2023-08-18 07:09:19', '2023-08-18 07:13:00'),
(189, 1, 'Admin', '01844054104', '$2y$10$lYmJuqKm3H1eH9yZsRk9FOsKlCkX7Zw5o7TKoosRhQjs3P/mEE8BK', 'ad65 bd ltd', NULL, NULL, NULL, NULL, NULL, NULL, NULL, 189, 'c04e9380', NULL, '202.126.123.154', 1, 819391, '2023-09-03', NULL, NULL, '2023-08-20 07:36:42', '2023-08-20 07:39:17'),
(191, 1, 'Admin', '01516784989', '$2y$10$fYWQ0Mq6yZFzeejynTnIveKBrZk2UcwowJIqute4CGQKu5J62rEX6', 'Wizard Software & Technology Bangladesh Ltd.', NULL, NULL, NULL, NULL, NULL, NULL, NULL, 191, 'e1e549b7', NULL, '103.81.199.65', 1, 793656, '2023-09-03', NULL, NULL, '2023-08-20 11:30:58', '2023-08-20 11:32:03'),
(192, 1, 'Admin', '+8801516784989', '$2y$10$6JqWOC4ygwdWHGKLXiSsvOSkrOEufxM475sGnktupvawPrUQmETkq', 'Wizard Software & Technology Bangladesh Ltd.', NULL, NULL, NULL, NULL, NULL, NULL, NULL, 192, '73ac56c0', NULL, '103.81.199.65', 1, 707947, '2023-09-03', NULL, NULL, '2023-08-20 11:32:19', '2023-08-20 11:32:19'),
(193, 1, 'Admin', '01775304529', '$2y$10$aQtXFNUuOVAc2ha7O.uL/.VMtBLEoOEEPkXgxcOOz0RmPH60LX6rG', 'Wizard Software & Technology Bangladesh Ltd.', NULL, NULL, NULL, NULL, NULL, NULL, NULL, 193, 'dae96bb0', NULL, '103.81.199.65', 1, 159089, '2023-09-03', NULL, NULL, '2023-08-20 11:35:31', '2023-08-20 11:35:32'),
(197, 1, 'Admin', 'arashid666@gmail.com', '$2y$10$jHYSw7XwWZNllgHkja3dmefazC7ZXkNSB2HfCxjRwKvnZPl1Ec3ae', 'Rashid Enterprise', NULL, NULL, NULL, NULL, NULL, NULL, NULL, 197, 'e0d82abc', NULL, '37.111.206.253', 1, 694829, '2023-09-04', NULL, NULL, '2023-08-21 09:17:12', '2023-08-21 09:30:54'),
(198, 1, 'Admin', 'gmanagerpay@gmail.com', '$2y$10$ddriY7wl3IqmRQOCg5TU4OtrEpHQFIoQz61tmH9M9WS1Zg8nIM6Y2', 'xyz store', NULL, NULL, NULL, NULL, NULL, NULL, NULL, 198, '8493fd90', NULL, '103.253.46.202', 1, 437158, '2023-09-05', NULL, NULL, '2023-08-22 06:26:24', '2023-08-29 09:26:32'),
(201, 1, 'Admin', '01913745770', '$2y$10$N5FBhgukOq03zq.Utz5JV.Rcgyj6aqhUSzNfQz4lJQGFPbDoMuJZe', 'salam store', NULL, NULL, NULL, NULL, NULL, NULL, NULL, 201, 'a7cf81d8', 'ra 500', '103.253.46.202', 1, 218753, '2023-09-05', NULL, NULL, '2023-08-22 07:18:54', '2023-08-24 10:23:24'),
(203, 1, 'Admin', 'gmanagerhrm@gmail.com', '$2y$10$unifxdwIenXsRfMafmlrVO0LBD2ckcUPK8.fVpiZLM4u3GBJCn9qC', 'gmanagerhrm', NULL, NULL, NULL, NULL, NULL, NULL, NULL, 203, '6172f6a7', NULL, '103.158.125.112', 1, NULL, '2023-09-06', NULL, NULL, '2023-08-23 09:40:17', '2023-08-30 05:13:05'),
(204, 1, 'Admin', '01712423173', '$2y$10$o6OY.GX0luJrrZMAa0lXl.T781x/9lCPfy2TuzsFZBnm0BaQwse4.', 'CDC Pharmacy', NULL, NULL, NULL, NULL, NULL, NULL, NULL, 204, 'a4220e3b', NULL, '123.253.65.162', 1, NULL, '2024-09-11', NULL, NULL, '2023-08-24 10:11:59', '2023-09-12 14:13:19'),
(205, 1, 'Admin', '01782787478', '$2y$10$QLA6a.r4GwjfauyRoKOSQ.G.d2YaYD9VuDr/mLqTCqtGd8AeUOXfa', 'abc shop', NULL, NULL, NULL, NULL, NULL, NULL, NULL, 205, '79727766', NULL, '123.253.65.162', 1, NULL, '2023-09-07', NULL, NULL, '2023-08-24 10:48:45', '2023-08-24 10:49:42'),
(206, 1, 'Admin', 'mehedi7185@gmail.com', '$2y$10$XX6QgYrf7b3g96gNFV3RxOXudMC2suCJQHYGByMqTtinTWuKlR.Aq', 'Mehedi Co.', NULL, NULL, NULL, NULL, NULL, NULL, NULL, 206, '78d8ab19', NULL, '103.81.199.65', 1, NULL, '2023-09-11', NULL, NULL, '2023-08-28 04:52:46', '2023-08-28 04:53:40'),
(207, 1, 'Admin', '01902268331', '$2y$10$ZdwTeNKEmBGe/f51gt6/O.hNtXPKZzVP5f0HSvqhxGQHrZl7/Vpri', 'Wazed Enterprise', NULL, NULL, NULL, NULL, NULL, NULL, NULL, 207, 'a4ee1b4f', NULL, '103.158.125.204', 1, NULL, '2024-08-29', NULL, NULL, '2023-08-29 08:49:06', '2023-08-30 09:28:45'),
(211, 1, 'Admin', '01778178822', '$2y$10$rMeIFnN5rgA0N5j.Z/OxZu3EfOD4r8yC3bVmk.MWB3T.PdaY35Qyq', 'মেগা মনি কসমেটিক', NULL, NULL, NULL, NULL, NULL, NULL, NULL, 211, '6b2eb88d', NULL, '119.30.39.8', 1, NULL, '2023-09-16', NULL, NULL, '2023-09-02 06:24:11', '2023-09-02 06:24:50'),
(216, 2, 'cfc', 'cfc@gmail.com', '$2y$10$L9NsrGebi3ceG.CaeHattuJkr.umoDNlUUubhVrCfHAIJUtCMCdOq', 'ferioala bd', 21, '0123456789', 'Dhanbari Bazar,Dhanbari, Tangail', 1, 19, 50, NULL, 164, 'c99a37bc', NULL, '103.81.199.65', 1, NULL, '2024-08-28', '/images/user/1693916557.png', NULL, '2023-09-05 12:22:37', '2023-09-26 09:23:18'),
(218, 1, 'Admin', '01841478529', '$2y$10$PP8WfneMHDjb9nFRZ0jZ2uxOZTKUQrC01SRkwP7z9DR0NJy0unNea', 'Sajib enterprize', NULL, NULL, NULL, NULL, NULL, NULL, NULL, 218, 'c920b71b', NULL, '103.158.125.170', 1, 509836, '2023-12-05', NULL, NULL, '2023-09-06 11:18:23', '2023-09-06 11:18:23'),
(219, 1, 'Admin', '01712036203', '$2y$10$I6F2x3UcyUmhBqBom1gjXO3ftr5kwefJ9kJ0xX6GeqabrUP7w0ZBG', 'Robin enterprises', NULL, NULL, NULL, NULL, NULL, NULL, NULL, 219, 'f336cf34', NULL, '43.245.122.14', 1, 451745, '2023-12-05', NULL, NULL, '2023-09-06 11:34:17', '2023-09-06 11:34:17'),
(222, 2, 'Hasan shahriar', 'gmanagerpos@gmail.com', '$2y$10$K242PkvEukr/FoNsdBnK9.3JfJHvNrIuWZjvB4i0vnqlfOSB63hbW', 'ferioala', 23, '01872639865', 'Dhanbari Bazar,Dhanbari, Tangail', 1, 6, 50, NULL, 164, '9eb25093', NULL, '103.67.158.33', 1, NULL, '2024-08-28', '/images/user/1695302204.png', NULL, '2023-09-21 13:16:44', '2023-09-21 13:16:44'),
(223, 2, 'রাজিবুল ইসলাম', 'rajib@gmail.com', '$2y$10$fq4GeCfqCAKZNfvtV.apsetNHLSk.3uzEAyvm0RJ2htiNmUBDZmb2', 'ferioala bd', 21, '01723638524', 'Dhanbari Bazar,Dhanbari, Tangail', 1, 19, 50, NULL, 164, '622ab160', NULL, '103.67.158.33', 1, NULL, '2024-08-28', '', NULL, '2023-09-21 13:18:12', '2023-09-22 03:38:41');

-- --------------------------------------------------------

--
-- Table structure for table `user_roles`
--

CREATE TABLE `user_roles` (
  `id` bigint(20) UNSIGNED NOT NULL,
  `user_id` bigint(20) UNSIGNED NOT NULL,
  `name` varchar(255) NOT NULL,
  `created_at` timestamp NULL DEFAULT NULL,
  `updated_at` timestamp NULL DEFAULT NULL
) ENGINE=InnoDB DEFAULT CHARSET=utf8mb4 COLLATE=utf8mb4_unicode_ci;

--
-- Dumping data for table `user_roles`
--

INSERT INTO `user_roles` (`id`, `user_id`, `name`, `created_at`, `updated_at`) VALUES
(4, 3, 'Purchase1', '2022-11-29 11:16:36', '2022-11-29 11:16:36'),
(5, 3, 'Stock1', '2022-11-29 11:16:36', '2022-11-29 11:16:36'),
(6, 3, 'Sell1', '2022-11-29 11:16:36', '2022-11-29 11:16:36'),
(511, 32, 'purchase', '2023-02-26 22:40:26', '2023-02-26 22:40:26'),
(512, 32, 'stock', '2023-02-26 22:40:26', '2023-02-26 22:40:26'),
(513, 32, 'sell', '2023-02-26 22:40:26', '2023-02-26 22:40:26'),
(514, 32, 'customer', '2023-02-26 22:40:26', '2023-02-26 22:40:26'),
(515, 32, 'supplier', '2023-02-26 22:40:26', '2023-02-26 22:40:26'),
(516, 32, 'due_kata', '2023-02-26 22:40:26', '2023-02-26 22:40:26'),
(517, 32, 'return', '2023-02-26 22:40:26', '2023-02-26 22:40:26'),
(518, 32, 'income_expense', '2023-02-26 22:40:26', '2023-02-26 22:40:26'),
(519, 32, 'invoice', '2023-02-26 22:40:26', '2023-02-26 22:40:26'),
(520, 156, 'purchase', '2023-06-14 07:10:24', '2023-06-14 07:10:24'),
(521, 156, 'stock', '2023-06-14 07:10:24', '2023-06-14 07:10:24'),
(522, 156, 'sell', '2023-06-14 07:10:24', '2023-06-14 07:10:24'),
(523, 156, 'customer', '2023-06-14 07:10:24', '2023-06-14 07:10:24'),
(524, 156, 'supplier', '2023-06-14 07:10:24', '2023-06-14 07:10:24'),
(525, 156, 'due_kata', '2023-06-14 07:10:24', '2023-06-14 07:10:24'),
(526, 156, 'return', '2023-06-14 07:10:24', '2023-06-14 07:10:24'),
(527, 156, 'income_expense', '2023-06-14 07:10:24', '2023-06-14 07:10:24'),
(528, 156, 'invoice', '2023-06-14 07:10:24', '2023-06-14 07:10:24'),
(538, 161, 'purchase', '2023-06-21 12:45:10', '2023-06-21 12:45:10'),
(539, 161, 'stock', '2023-06-21 12:45:10', '2023-06-21 12:45:10'),
(540, 161, 'sell', '2023-06-21 12:45:10', '2023-06-21 12:45:10'),
(541, 161, 'customer', '2023-06-21 12:45:10', '2023-06-21 12:45:10'),
(542, 161, 'supplier', '2023-06-21 12:45:10', '2023-06-21 12:45:10'),
(543, 161, 'due_kata', '2023-06-21 12:45:10', '2023-06-21 12:45:10'),
(544, 161, 'return', '2023-06-21 12:45:10', '2023-06-21 12:45:10'),
(545, 161, 'income_expense', '2023-06-21 12:45:10', '2023-06-21 12:45:10'),
(546, 161, 'invoice', '2023-06-21 12:45:10', '2023-06-21 12:45:10'),
(574, 167, 'purchase', '2023-08-01 09:42:01', '2023-08-01 09:42:01'),
(575, 167, 'stock', '2023-08-01 09:42:01', '2023-08-01 09:42:01'),
(576, 167, 'sell', '2023-08-01 09:42:01', '2023-08-01 09:42:01'),
(577, 167, 'customer', '2023-08-01 09:42:01', '2023-08-01 09:42:01'),
(578, 167, 'supplier', '2023-08-01 09:42:01', '2023-08-01 09:42:01'),
(579, 167, 'due_kata', '2023-08-01 09:42:01', '2023-08-01 09:42:01'),
(580, 167, 'return', '2023-08-01 09:42:01', '2023-08-01 09:42:01'),
(581, 167, 'income_expense', '2023-08-01 09:42:01', '2023-08-01 09:42:01'),
(582, 167, 'invoice', '2023-08-01 09:42:01', '2023-08-01 09:42:01'),
(583, 168, 'purchase', '2023-08-01 09:52:14', '2023-08-01 09:52:14'),
(584, 168, 'stock', '2023-08-01 09:52:14', '2023-08-01 09:52:14'),
(585, 168, 'sell', '2023-08-01 09:52:14', '2023-08-01 09:52:14'),
(586, 168, 'customer', '2023-08-01 09:52:14', '2023-08-01 09:52:14'),
(587, 168, 'supplier', '2023-08-01 09:52:14', '2023-08-01 09:52:14'),
(588, 168, 'due_kata', '2023-08-01 09:52:14', '2023-08-01 09:52:14'),
(589, 168, 'return', '2023-08-01 09:52:14', '2023-08-01 09:52:14'),
(590, 168, 'income_expense', '2023-08-01 09:52:14', '2023-08-01 09:52:14'),
(591, 168, 'invoice', '2023-08-01 09:52:14', '2023-08-01 09:52:14'),
(592, 160, 'purchase', '2023-08-01 09:52:38', '2023-08-01 09:52:38'),
(593, 160, 'stock', '2023-08-01 09:52:38', '2023-08-01 09:52:38'),
(594, 160, 'sell', '2023-08-01 09:52:38', '2023-08-01 09:52:38'),
(595, 160, 'customer', '2023-08-01 09:52:38', '2023-08-01 09:52:38'),
(596, 160, 'supplier', '2023-08-01 09:52:38', '2023-08-01 09:52:38'),
(597, 160, 'due_kata', '2023-08-01 09:52:38', '2023-08-01 09:52:38'),
(598, 160, 'return', '2023-08-01 09:52:38', '2023-08-01 09:52:38'),
(599, 160, 'income_expense', '2023-08-01 09:52:38', '2023-08-01 09:52:38'),
(600, 160, 'invoice', '2023-08-01 09:52:38', '2023-08-01 09:52:38'),
(628, 222, 'purchase', '2023-09-21 13:16:44', '2023-09-21 13:16:44'),
(629, 222, 'stock', '2023-09-21 13:16:44', '2023-09-21 13:16:44'),
(630, 222, 'sell', '2023-09-21 13:16:44', '2023-09-21 13:16:44'),
(631, 222, 'customer', '2023-09-21 13:16:44', '2023-09-21 13:16:44'),
(632, 222, 'supplier', '2023-09-21 13:16:44', '2023-09-21 13:16:44'),
(633, 222, 'due_kata', '2023-09-21 13:16:44', '2023-09-21 13:16:44'),
(634, 222, 'return', '2023-09-21 13:16:44', '2023-09-21 13:16:44'),
(635, 222, 'income_expense', '2023-09-21 13:16:44', '2023-09-21 13:16:44'),
(636, 222, 'invoice', '2023-09-21 13:16:44', '2023-09-21 13:16:44'),
(655, 223, 'purchase', '2023-09-22 03:38:41', '2023-09-22 03:38:41'),
(656, 223, 'stock', '2023-09-22 03:38:41', '2023-09-22 03:38:41'),
(657, 223, 'sell', '2023-09-22 03:38:41', '2023-09-22 03:38:41'),
(658, 223, 'customer', '2023-09-22 03:38:41', '2023-09-22 03:38:41'),
(659, 223, 'supplier', '2023-09-22 03:38:41', '2023-09-22 03:38:41'),
(660, 223, 'due_kata', '2023-09-22 03:38:41', '2023-09-22 03:38:41'),
(661, 223, 'return', '2023-09-22 03:38:41', '2023-09-22 03:38:41'),
(662, 223, 'income_expense', '2023-09-22 03:38:41', '2023-09-22 03:38:41'),
(663, 223, 'invoice', '2023-09-22 03:38:41', '2023-09-22 03:38:41'),
(664, 216, 'purchase', '2023-09-26 09:23:18', '2023-09-26 09:23:18'),
(665, 216, 'stock', '2023-09-26 09:23:18', '2023-09-26 09:23:18'),
(666, 216, 'sell', '2023-09-26 09:23:18', '2023-09-26 09:23:18'),
(667, 216, 'customer', '2023-09-26 09:23:18', '2023-09-26 09:23:18'),
(668, 216, 'supplier', '2023-09-26 09:23:18', '2023-09-26 09:23:18'),
(669, 216, 'due_kata', '2023-09-26 09:23:18', '2023-09-26 09:23:18'),
(670, 216, 'return', '2023-09-26 09:23:18', '2023-09-26 09:23:18'),
(671, 216, 'income_expense', '2023-09-26 09:23:18', '2023-09-26 09:23:18'),
(672, 216, 'invoice', '2023-09-26 09:23:18', '2023-09-26 09:23:18');

-- --------------------------------------------------------

--
-- Table structure for table `user_role_accesses`
--

CREATE TABLE `user_role_accesses` (
  `id` bigint(20) UNSIGNED NOT NULL,
  `user_role_id` bigint(20) UNSIGNED NOT NULL,
  `add` tinyint(1) NOT NULL DEFAULT 0,
  `view` tinyint(1) NOT NULL DEFAULT 0,
  `edit` tinyint(1) NOT NULL DEFAULT 0,
  `delete` tinyint(1) NOT NULL DEFAULT 0,
  `share` tinyint(1) NOT NULL DEFAULT 0,
  `created_at` timestamp NULL DEFAULT NULL,
  `updated_at` timestamp NULL DEFAULT NULL
) ENGINE=InnoDB DEFAULT CHARSET=utf8mb4 COLLATE=utf8mb4_unicode_ci;

--
-- Dumping data for table `user_role_accesses`
--

INSERT INTO `user_role_accesses` (`id`, `user_role_id`, `add`, `view`, `edit`, `delete`, `share`, `created_at`, `updated_at`) VALUES
(1, 4, 1, 1, 1, 1, 1, '2022-11-29 11:16:36', '2022-11-29 11:16:36'),
(2, 5, 1, 1, 1, 1, 1, '2022-11-29 11:16:36', '2022-11-29 11:16:36'),
(3, 6, 1, 1, 1, 1, 0, '2022-11-29 11:16:36', '2022-11-29 11:16:36'),
(508, 511, 0, 0, 1, 1, 1, '2023-02-26 22:40:26', '2023-02-26 22:40:26'),
(509, 512, 0, 1, 0, 0, 0, '2023-02-26 22:40:26', '2023-02-26 22:40:26'),
(510, 513, 1, 1, 1, 1, 1, '2023-02-26 22:40:26', '2023-02-26 22:40:26'),
(511, 514, 1, 1, 0, 1, 1, '2023-02-26 22:40:26', '2023-02-26 22:40:26'),
(512, 515, 1, 1, 0, 1, 1, '2023-02-26 22:40:26', '2023-02-26 22:40:26'),
(513, 516, 1, 1, 1, 1, 1, '2023-02-26 22:40:26', '2023-02-26 22:40:26'),
(514, 517, 0, 1, 1, 1, 1, '2023-02-26 22:40:26', '2023-02-26 22:40:26'),
(515, 518, 1, 1, 1, 1, 1, '2023-02-26 22:40:26', '2023-02-26 22:40:26'),
(516, 519, 1, 1, 1, 1, 1, '2023-02-26 22:40:26', '2023-02-26 22:40:26'),
(517, 520, 1, 1, 1, 0, 0, '2023-06-14 07:10:24', '2023-06-14 07:10:24'),
(518, 521, 0, 0, 0, 0, 0, '2023-06-14 07:10:24', '2023-06-14 07:10:24'),
(519, 522, 1, 1, 1, 1, 1, '2023-06-14 07:10:24', '2023-06-14 07:10:24'),
(520, 523, 1, 1, 1, 1, 1, '2023-06-14 07:10:24', '2023-06-14 07:10:24'),
(521, 524, 0, 0, 0, 0, 0, '2023-06-14 07:10:24', '2023-06-14 07:10:24'),
(522, 525, 1, 1, 1, 1, 1, '2023-06-14 07:10:24', '2023-06-14 07:10:24'),
(523, 526, 1, 1, 1, 1, 1, '2023-06-14 07:10:24', '2023-06-14 07:10:24'),
(524, 527, 0, 0, 0, 0, 0, '2023-06-14 07:10:24', '2023-06-14 07:10:24'),
(525, 528, 1, 1, 1, 1, 1, '2023-06-14 07:10:24', '2023-06-14 07:10:24'),
(535, 538, 1, 1, 1, 1, 1, '2023-06-21 12:45:10', '2023-06-21 12:45:10'),
(536, 539, 1, 1, 1, 1, 1, '2023-06-21 12:45:10', '2023-06-21 12:45:10'),
(537, 540, 1, 1, 1, 1, 1, '2023-06-21 12:45:10', '2023-06-21 12:45:10'),
(538, 541, 1, 1, 1, 1, 1, '2023-06-21 12:45:10', '2023-06-21 12:45:10'),
(539, 542, 1, 1, 1, 1, 1, '2023-06-21 12:45:10', '2023-06-21 12:45:10'),
(540, 543, 1, 1, 1, 1, 1, '2023-06-21 12:45:10', '2023-06-21 12:45:10'),
(541, 544, 1, 1, 1, 1, 1, '2023-06-21 12:45:10', '2023-06-21 12:45:10'),
(542, 545, 1, 1, 1, 1, 1, '2023-06-21 12:45:10', '2023-06-21 12:45:10'),
(543, 546, 1, 1, 1, 1, 1, '2023-06-21 12:45:10', '2023-06-21 12:45:10'),
(571, 574, 0, 0, 0, 0, 0, '2023-08-01 09:42:01', '2023-08-01 09:42:01'),
(572, 575, 1, 0, 0, 0, 0, '2023-08-01 09:42:01', '2023-08-01 09:42:01'),
(573, 576, 1, 0, 1, 0, 1, '2023-08-01 09:42:01', '2023-08-01 09:42:01'),
(574, 577, 1, 0, 1, 0, 0, '2023-08-01 09:42:01', '2023-08-01 09:42:01'),
(575, 578, 1, 0, 1, 1, 1, '2023-08-01 09:42:01', '2023-08-01 09:42:01'),
(576, 579, 0, 0, 0, 0, 0, '2023-08-01 09:42:01', '2023-08-01 09:42:01'),
(577, 580, 0, 0, 0, 0, 0, '2023-08-01 09:42:01', '2023-08-01 09:42:01'),
(578, 581, 0, 0, 0, 0, 0, '2023-08-01 09:42:01', '2023-08-01 09:42:01'),
(579, 582, 0, 0, 0, 0, 0, '2023-08-01 09:42:01', '2023-08-01 09:42:01'),
(580, 583, 1, 1, 1, 1, 1, '2023-08-01 09:52:14', '2023-08-01 09:52:14'),
(581, 584, 1, 1, 1, 1, 1, '2023-08-01 09:52:14', '2023-08-01 09:52:14'),
(582, 585, 1, 1, 1, 1, 1, '2023-08-01 09:52:14', '2023-08-01 09:52:14'),
(583, 586, 1, 1, 1, 1, 1, '2023-08-01 09:52:14', '2023-08-01 09:52:14'),
(584, 587, 1, 1, 1, 1, 1, '2023-08-01 09:52:14', '2023-08-01 09:52:14'),
(585, 588, 1, 1, 1, 1, 1, '2023-08-01 09:52:14', '2023-08-01 09:52:14'),
(586, 589, 1, 1, 1, 1, 1, '2023-08-01 09:52:14', '2023-08-01 09:52:14'),
(587, 590, 1, 1, 1, 1, 1, '2023-08-01 09:52:14', '2023-08-01 09:52:14'),
(588, 591, 1, 1, 1, 1, 1, '2023-08-01 09:52:14', '2023-08-01 09:52:14'),
(589, 592, 1, 1, 1, 1, 1, '2023-08-01 09:52:38', '2023-08-01 09:52:38'),
(590, 593, 1, 1, 1, 1, 1, '2023-08-01 09:52:38', '2023-08-01 09:52:38'),
(591, 594, 1, 1, 1, 1, 1, '2023-08-01 09:52:38', '2023-08-01 09:52:38'),
(592, 595, 1, 1, 1, 1, 1, '2023-08-01 09:52:38', '2023-08-01 09:52:38'),
(593, 596, 1, 1, 1, 1, 1, '2023-08-01 09:52:38', '2023-08-01 09:52:38'),
(594, 597, 1, 1, 1, 1, 1, '2023-08-01 09:52:38', '2023-08-01 09:52:38'),
(595, 598, 1, 1, 1, 1, 1, '2023-08-01 09:52:38', '2023-08-01 09:52:38'),
(596, 599, 1, 1, 1, 1, 1, '2023-08-01 09:52:38', '2023-08-01 09:52:38'),
(597, 600, 1, 1, 1, 1, 1, '2023-08-01 09:52:38', '2023-08-01 09:52:38'),
(625, 628, 1, 1, 1, 1, 1, '2023-09-21 13:16:44', '2023-09-21 13:16:44'),
(626, 629, 1, 1, 1, 1, 1, '2023-09-21 13:16:44', '2023-09-21 13:16:44'),
(627, 630, 1, 1, 1, 1, 1, '2023-09-21 13:16:44', '2023-09-21 13:16:44'),
(628, 631, 1, 1, 1, 1, 1, '2023-09-21 13:16:44', '2023-09-21 13:16:44'),
(629, 632, 1, 1, 1, 1, 1, '2023-09-21 13:16:44', '2023-09-21 13:16:44'),
(630, 633, 1, 1, 1, 1, 1, '2023-09-21 13:16:44', '2023-09-21 13:16:44'),
(631, 634, 1, 1, 1, 1, 1, '2023-09-21 13:16:44', '2023-09-21 13:16:44'),
(632, 635, 1, 1, 1, 1, 1, '2023-09-21 13:16:44', '2023-09-21 13:16:44'),
(633, 636, 1, 1, 1, 1, 1, '2023-09-21 13:16:44', '2023-09-21 13:16:44'),
(652, 655, 1, 1, 1, 0, 0, '2023-09-22 03:38:41', '2023-09-22 03:38:41'),
(653, 656, 1, 1, 1, 0, 0, '2023-09-22 03:38:41', '2023-09-22 03:38:41'),
(654, 657, 1, 1, 1, 1, 1, '2023-09-22 03:38:41', '2023-09-22 03:38:41'),
(655, 658, 1, 1, 1, 1, 1, '2023-09-22 03:38:41', '2023-09-22 03:38:41'),
(656, 659, 1, 1, 1, 1, 1, '2023-09-22 03:38:41', '2023-09-22 03:38:41'),
(657, 660, 1, 1, 1, 1, 1, '2023-09-22 03:38:41', '2023-09-22 03:38:41'),
(658, 661, 1, 1, 1, 1, 1, '2023-09-22 03:38:41', '2023-09-22 03:38:41'),
(659, 662, 1, 1, 1, 1, 1, '2023-09-22 03:38:41', '2023-09-22 03:38:41'),
(660, 663, 1, 1, 1, 1, 1, '2023-09-22 03:38:41', '2023-09-22 03:38:41'),
(661, 664, 1, 1, 1, 1, 1, '2023-09-26 09:23:18', '2023-09-26 09:23:18'),
(662, 665, 1, 1, 1, 1, 1, '2023-09-26 09:23:18', '2023-09-26 09:23:18'),
(663, 666, 1, 1, 1, 1, 1, '2023-09-26 09:23:18', '2023-09-26 09:23:18'),
(664, 667, 1, 1, 1, 1, 1, '2023-09-26 09:23:18', '2023-09-26 09:23:18'),
(665, 668, 1, 1, 1, 1, 1, '2023-09-26 09:23:18', '2023-09-26 09:23:18'),
(666, 669, 1, 1, 1, 1, 1, '2023-09-26 09:23:18', '2023-09-26 09:23:18'),
(667, 670, 1, 1, 1, 1, 1, '2023-09-26 09:23:18', '2023-09-26 09:23:18'),
(668, 671, 1, 1, 1, 1, 1, '2023-09-26 09:23:18', '2023-09-26 09:23:18'),
(669, 672, 1, 1, 1, 1, 1, '2023-09-26 09:23:18', '2023-09-26 09:23:18');

--
-- Indexes for dumped tables
--

--
-- Indexes for table `admins`
--
ALTER TABLE `admins`
  ADD PRIMARY KEY (`id`),
  ADD UNIQUE KEY `admins_email_unique` (`email`);

--
-- Indexes for table `admin_notifications`
--
ALTER TABLE `admin_notifications`
  ADD PRIMARY KEY (`id`);

--
-- Indexes for table `app_features`
--
ALTER TABLE `app_features`
  ADD PRIMARY KEY (`id`);

--
-- Indexes for table `balance_transfers`
--
ALTER TABLE `balance_transfers`
  ADD PRIMARY KEY (`id`),
  ADD KEY `balance_transfers_user_id_foreign` (`user_id`);

--
-- Indexes for table `business_types`
--
ALTER TABLE `business_types`
  ADD PRIMARY KEY (`id`);

--
-- Indexes for table `company_infos`
--
ALTER TABLE `company_infos`
  ADD PRIMARY KEY (`id`);

--
-- Indexes for table `countries`
--
ALTER TABLE `countries`
  ADD PRIMARY KEY (`id`);

--
-- Indexes for table `customers`
--
ALTER TABLE `customers`
  ADD PRIMARY KEY (`id`),
  ADD KEY `customers_user_id_foreign` (`user_id`);

--
-- Indexes for table `due_alerts`
--
ALTER TABLE `due_alerts`
  ADD PRIMARY KEY (`id`);

--
-- Indexes for table `expenses`
--
ALTER TABLE `expenses`
  ADD PRIMARY KEY (`id`),
  ADD KEY `expenses_user_id_foreign` (`user_id`);

--
-- Indexes for table `expense_purposes`
--
ALTER TABLE `expense_purposes`
  ADD PRIMARY KEY (`id`),
  ADD KEY `expense_purposes_user_id_foreign` (`user_id`);

--
-- Indexes for table `failed_jobs`
--
ALTER TABLE `failed_jobs`
  ADD PRIMARY KEY (`id`),
  ADD UNIQUE KEY `failed_jobs_uuid_unique` (`uuid`);

--
-- Indexes for table `favorite_orders`
--
ALTER TABLE `favorite_orders`
  ADD PRIMARY KEY (`id`);

--
-- Indexes for table `favorite_order_details`
--
ALTER TABLE `favorite_order_details`
  ADD PRIMARY KEY (`id`),
  ADD KEY `favorite_order_details_favorite_order_id_foreign` (`favorite_order_id`);

--
-- Indexes for table `group_infos`
--
ALTER TABLE `group_infos`
  ADD PRIMARY KEY (`id`);

--
-- Indexes for table `incomes`
--
ALTER TABLE `incomes`
  ADD PRIMARY KEY (`id`),
  ADD KEY `incomes_user_id_foreign` (`user_id`);

--
-- Indexes for table `income_expenses`
--
ALTER TABLE `income_expenses`
  ADD PRIMARY KEY (`id`),
  ADD KEY `income_expenses_user_id_foreign` (`user_id`);

--
-- Indexes for table `migrations`
--
ALTER TABLE `migrations`
  ADD PRIMARY KEY (`id`);

--
-- Indexes for table `notifications`
--
ALTER TABLE `notifications`
  ADD PRIMARY KEY (`id`),
  ADD KEY `notifications_user_id_foreign` (`user_id`);

--
-- Indexes for table `orders`
--
ALTER TABLE `orders`
  ADD PRIMARY KEY (`id`),
  ADD KEY `orders_user_id_foreign` (`user_id`),
  ADD KEY `orders_customer_id_foreign` (`customer_id`);

--
-- Indexes for table `order_details`
--
ALTER TABLE `order_details`
  ADD PRIMARY KEY (`id`),
  ADD KEY `order_details_order_id_foreign` (`order_id`);

--
-- Indexes for table `packages`
--
ALTER TABLE `packages`
  ADD PRIMARY KEY (`id`);

--
-- Indexes for table `package_features`
--
ALTER TABLE `package_features`
  ADD PRIMARY KEY (`id`);

--
-- Indexes for table `package_package_feature`
--
ALTER TABLE `package_package_feature`
  ADD PRIMARY KEY (`id`),
  ADD KEY `package_package_features_package_id_foreign` (`package_id`),
  ADD KEY `package_package_features_package_feature_id_foreign` (`package_feature_id`);

--
-- Indexes for table `pages`
--
ALTER TABLE `pages`
  ADD PRIMARY KEY (`id`);

--
-- Indexes for table `password_resets`
--
ALTER TABLE `password_resets`
  ADD KEY `password_resets_email_index` (`email`);

--
-- Indexes for table `payment_types`
--
ALTER TABLE `payment_types`
  ADD PRIMARY KEY (`id`);

--
-- Indexes for table `personal_access_tokens`
--
ALTER TABLE `personal_access_tokens`
  ADD PRIMARY KEY (`id`),
  ADD UNIQUE KEY `personal_access_tokens_token_unique` (`token`),
  ADD KEY `personal_access_tokens_tokenable_type_tokenable_id_index` (`tokenable_type`,`tokenable_id`);

--
-- Indexes for table `police_stations`
--
ALTER TABLE `police_stations`
  ADD PRIMARY KEY (`id`),
  ADD KEY `police_stations_country_id_foreign` (`country_id`),
  ADD KEY `police_stations_state_id_foreign` (`state_id`);

--
-- Indexes for table `previous_cashin_hands`
--
ALTER TABLE `previous_cashin_hands`
  ADD PRIMARY KEY (`id`);

--
-- Indexes for table `products`
--
ALTER TABLE `products`
  ADD PRIMARY KEY (`id`),
  ADD KEY `products_user_id_foreign` (`user_id`);

--
-- Indexes for table `product_units`
--
ALTER TABLE `product_units`
  ADD PRIMARY KEY (`id`),
  ADD KEY `product_units_user_id_foreign` (`user_id`);

--
-- Indexes for table `profit_losses`
--
ALTER TABLE `profit_losses`
  ADD PRIMARY KEY (`id`);

--
-- Indexes for table `purchases`
--
ALTER TABLE `purchases`
  ADD PRIMARY KEY (`id`),
  ADD KEY `purchases_user_id_foreign` (`user_id`),
  ADD KEY `purchases_supplier_id_foreign` (`supplier_id`);

--
-- Indexes for table `purchase_details`
--
ALTER TABLE `purchase_details`
  ADD PRIMARY KEY (`id`),
  ADD KEY `purchase_details_purchase_id_foreign` (`purchase_id`);

--
-- Indexes for table `purposes`
--
ALTER TABLE `purposes`
  ADD PRIMARY KEY (`id`),
  ADD KEY `purposes_user_id_foreign` (`user_id`);

--
-- Indexes for table `return_orders`
--
ALTER TABLE `return_orders`
  ADD PRIMARY KEY (`id`),
  ADD KEY `return_orders_user_id_foreign` (`user_id`),
  ADD KEY `return_orders_customer_id_foreign` (`customer_id`);

--
-- Indexes for table `return_order_details`
--
ALTER TABLE `return_order_details`
  ADD PRIMARY KEY (`id`),
  ADD KEY `return_order_details_return_order_id_foreign` (`return_order_id`);

--
-- Indexes for table `return_purchases`
--
ALTER TABLE `return_purchases`
  ADD PRIMARY KEY (`id`),
  ADD KEY `return_purchases_user_id_foreign` (`user_id`),
  ADD KEY `return_purchases_supplier_id_foreign` (`supplier_id`);

--
-- Indexes for table `return_purchase_details`
--
ALTER TABLE `return_purchase_details`
  ADD PRIMARY KEY (`id`),
  ADD KEY `return_purchase_details_return_purchase_id_foreign` (`return_purchase_id`);

--
-- Indexes for table `roles`
--
ALTER TABLE `roles`
  ADD PRIMARY KEY (`id`);

--
-- Indexes for table `send_to_order_lists`
--
ALTER TABLE `send_to_order_lists`
  ADD PRIMARY KEY (`id`);

--
-- Indexes for table `sliders`
--
ALTER TABLE `sliders`
  ADD PRIMARY KEY (`id`);

--
-- Indexes for table `states`
--
ALTER TABLE `states`
  ADD PRIMARY KEY (`id`),
  ADD KEY `states_country_id_foreign` (`country_id`);

--
-- Indexes for table `subscription_histories`
--
ALTER TABLE `subscription_histories`
  ADD PRIMARY KEY (`id`),
  ADD KEY `subscription_histories_user_id_foreign` (`user_id`);

--
-- Indexes for table `subscription_reminders`
--
ALTER TABLE `subscription_reminders`
  ADD PRIMARY KEY (`id`),
  ADD KEY `subscription_reminders_subscription_history_id_foreign` (`subscription_history_id`);

--
-- Indexes for table `suppliers`
--
ALTER TABLE `suppliers`
  ADD PRIMARY KEY (`id`),
  ADD KEY `suppliers_user_id_foreign` (`user_id`);

--
-- Indexes for table `transaction_histories`
--
ALTER TABLE `transaction_histories`
  ADD PRIMARY KEY (`id`),
  ADD KEY `transaction_histories_user_id_foreign` (`user_id`);

--
-- Indexes for table `users`
--
ALTER TABLE `users`
  ADD PRIMARY KEY (`id`),
  ADD UNIQUE KEY `users_email_unique` (`email`);

--
-- Indexes for table `user_roles`
--
ALTER TABLE `user_roles`
  ADD PRIMARY KEY (`id`),
  ADD KEY `user_roles_user_id_foreign` (`user_id`);

--
-- Indexes for table `user_role_accesses`
--
ALTER TABLE `user_role_accesses`
  ADD PRIMARY KEY (`id`),
  ADD KEY `user_role_accesses_user_role_id_foreign` (`user_role_id`);

--
-- AUTO_INCREMENT for dumped tables
--

--
-- AUTO_INCREMENT for table `admins`
--
ALTER TABLE `admins`
  MODIFY `id` bigint(20) UNSIGNED NOT NULL AUTO_INCREMENT, AUTO_INCREMENT=2;

--
-- AUTO_INCREMENT for table `admin_notifications`
--
ALTER TABLE `admin_notifications`
  MODIFY `id` bigint(20) UNSIGNED NOT NULL AUTO_INCREMENT;

--
-- AUTO_INCREMENT for table `app_features`
--
ALTER TABLE `app_features`
  MODIFY `id` bigint(20) UNSIGNED NOT NULL AUTO_INCREMENT, AUTO_INCREMENT=15;

--
-- AUTO_INCREMENT for table `balance_transfers`
--
ALTER TABLE `balance_transfers`
  MODIFY `id` bigint(20) UNSIGNED NOT NULL AUTO_INCREMENT, AUTO_INCREMENT=36;

--
-- AUTO_INCREMENT for table `business_types`
--
ALTER TABLE `business_types`
  MODIFY `id` bigint(20) UNSIGNED NOT NULL AUTO_INCREMENT, AUTO_INCREMENT=30;

--
-- AUTO_INCREMENT for table `company_infos`
--
ALTER TABLE `company_infos`
  MODIFY `id` bigint(20) UNSIGNED NOT NULL AUTO_INCREMENT, AUTO_INCREMENT=2;

--
-- AUTO_INCREMENT for table `countries`
--
ALTER TABLE `countries`
  MODIFY `id` bigint(20) UNSIGNED NOT NULL AUTO_INCREMENT, AUTO_INCREMENT=5;

--
-- AUTO_INCREMENT for table `customers`
--
ALTER TABLE `customers`
  MODIFY `id` bigint(20) UNSIGNED NOT NULL AUTO_INCREMENT, AUTO_INCREMENT=262;

--
-- AUTO_INCREMENT for table `due_alerts`
--
ALTER TABLE `due_alerts`
  MODIFY `id` bigint(20) UNSIGNED NOT NULL AUTO_INCREMENT, AUTO_INCREMENT=36;

--
-- AUTO_INCREMENT for table `expenses`
--
ALTER TABLE `expenses`
  MODIFY `id` bigint(20) UNSIGNED NOT NULL AUTO_INCREMENT, AUTO_INCREMENT=53;

--
-- AUTO_INCREMENT for table `expense_purposes`
--
ALTER TABLE `expense_purposes`
  MODIFY `id` bigint(20) UNSIGNED NOT NULL AUTO_INCREMENT, AUTO_INCREMENT=4;

--
-- AUTO_INCREMENT for table `failed_jobs`
--
ALTER TABLE `failed_jobs`
  MODIFY `id` bigint(20) UNSIGNED NOT NULL AUTO_INCREMENT;

--
-- AUTO_INCREMENT for table `favorite_orders`
--
ALTER TABLE `favorite_orders`
  MODIFY `id` bigint(20) UNSIGNED NOT NULL AUTO_INCREMENT, AUTO_INCREMENT=31;

--
-- AUTO_INCREMENT for table `favorite_order_details`
--
ALTER TABLE `favorite_order_details`
  MODIFY `id` bigint(20) UNSIGNED NOT NULL AUTO_INCREMENT, AUTO_INCREMENT=66;

--
-- AUTO_INCREMENT for table `group_infos`
--
ALTER TABLE `group_infos`
  MODIFY `id` bigint(20) UNSIGNED NOT NULL AUTO_INCREMENT, AUTO_INCREMENT=51;

--
-- AUTO_INCREMENT for table `incomes`
--
ALTER TABLE `incomes`
  MODIFY `id` bigint(20) UNSIGNED NOT NULL AUTO_INCREMENT, AUTO_INCREMENT=23;

--
-- AUTO_INCREMENT for table `income_expenses`
--
ALTER TABLE `income_expenses`
  MODIFY `id` bigint(20) UNSIGNED NOT NULL AUTO_INCREMENT, AUTO_INCREMENT=227;

--
-- AUTO_INCREMENT for table `migrations`
--
ALTER TABLE `migrations`
  MODIFY `id` int(10) UNSIGNED NOT NULL AUTO_INCREMENT, AUTO_INCREMENT=75;

--
-- AUTO_INCREMENT for table `notifications`
--
ALTER TABLE `notifications`
  MODIFY `id` bigint(20) UNSIGNED NOT NULL AUTO_INCREMENT, AUTO_INCREMENT=2204;

--
-- AUTO_INCREMENT for table `orders`
--
ALTER TABLE `orders`
  MODIFY `id` bigint(20) UNSIGNED NOT NULL AUTO_INCREMENT, AUTO_INCREMENT=204;

--
-- AUTO_INCREMENT for table `order_details`
--
ALTER TABLE `order_details`
  MODIFY `id` bigint(20) UNSIGNED NOT NULL AUTO_INCREMENT, AUTO_INCREMENT=411;

--
-- AUTO_INCREMENT for table `packages`
--
ALTER TABLE `packages`
  MODIFY `id` bigint(20) UNSIGNED NOT NULL AUTO_INCREMENT, AUTO_INCREMENT=6;

--
-- AUTO_INCREMENT for table `package_features`
--
ALTER TABLE `package_features`
  MODIFY `id` bigint(20) UNSIGNED NOT NULL AUTO_INCREMENT, AUTO_INCREMENT=13;

--
-- AUTO_INCREMENT for table `package_package_feature`
--
ALTER TABLE `package_package_feature`
  MODIFY `id` bigint(20) UNSIGNED NOT NULL AUTO_INCREMENT, AUTO_INCREMENT=49;

--
-- AUTO_INCREMENT for table `pages`
--
ALTER TABLE `pages`
  MODIFY `id` bigint(20) UNSIGNED NOT NULL AUTO_INCREMENT, AUTO_INCREMENT=5;

--
-- AUTO_INCREMENT for table `payment_types`
--
ALTER TABLE `payment_types`
  MODIFY `id` bigint(20) UNSIGNED NOT NULL AUTO_INCREMENT, AUTO_INCREMENT=24;

--
-- AUTO_INCREMENT for table `personal_access_tokens`
--
ALTER TABLE `personal_access_tokens`
  MODIFY `id` bigint(20) UNSIGNED NOT NULL AUTO_INCREMENT, AUTO_INCREMENT=450;

--
-- AUTO_INCREMENT for table `police_stations`
--
ALTER TABLE `police_stations`
  MODIFY `id` bigint(20) UNSIGNED NOT NULL AUTO_INCREMENT, AUTO_INCREMENT=53;

--
-- AUTO_INCREMENT for table `previous_cashin_hands`
--
ALTER TABLE `previous_cashin_hands`
  MODIFY `id` bigint(20) UNSIGNED NOT NULL AUTO_INCREMENT, AUTO_INCREMENT=34;

--
-- AUTO_INCREMENT for table `products`
--
ALTER TABLE `products`
  MODIFY `id` bigint(20) UNSIGNED NOT NULL AUTO_INCREMENT, AUTO_INCREMENT=156;

--
-- AUTO_INCREMENT for table `product_units`
--
ALTER TABLE `product_units`
  MODIFY `id` bigint(20) UNSIGNED NOT NULL AUTO_INCREMENT, AUTO_INCREMENT=55;

--
-- AUTO_INCREMENT for table `profit_losses`
--
ALTER TABLE `profit_losses`
  MODIFY `id` bigint(20) UNSIGNED NOT NULL AUTO_INCREMENT, AUTO_INCREMENT=3138;

--
-- AUTO_INCREMENT for table `purchases`
--
ALTER TABLE `purchases`
  MODIFY `id` bigint(20) UNSIGNED NOT NULL AUTO_INCREMENT, AUTO_INCREMENT=227;

--
-- AUTO_INCREMENT for table `purchase_details`
--
ALTER TABLE `purchase_details`
  MODIFY `id` bigint(20) UNSIGNED NOT NULL AUTO_INCREMENT, AUTO_INCREMENT=343;

--
-- AUTO_INCREMENT for table `purposes`
--
ALTER TABLE `purposes`
  MODIFY `id` bigint(20) UNSIGNED NOT NULL AUTO_INCREMENT, AUTO_INCREMENT=4;

--
-- AUTO_INCREMENT for table `return_orders`
--
ALTER TABLE `return_orders`
  MODIFY `id` bigint(20) UNSIGNED NOT NULL AUTO_INCREMENT, AUTO_INCREMENT=46;

--
-- AUTO_INCREMENT for table `return_order_details`
--
ALTER TABLE `return_order_details`
  MODIFY `id` bigint(20) UNSIGNED NOT NULL AUTO_INCREMENT, AUTO_INCREMENT=68;

--
-- AUTO_INCREMENT for table `return_purchases`
--
ALTER TABLE `return_purchases`
  MODIFY `id` bigint(20) UNSIGNED NOT NULL AUTO_INCREMENT, AUTO_INCREMENT=46;

--
-- AUTO_INCREMENT for table `return_purchase_details`
--
ALTER TABLE `return_purchase_details`
  MODIFY `id` bigint(20) UNSIGNED NOT NULL AUTO_INCREMENT, AUTO_INCREMENT=58;

--
-- AUTO_INCREMENT for table `roles`
--
ALTER TABLE `roles`
  MODIFY `id` bigint(20) UNSIGNED NOT NULL AUTO_INCREMENT, AUTO_INCREMENT=4;

--
-- AUTO_INCREMENT for table `send_to_order_lists`
--
ALTER TABLE `send_to_order_lists`
  MODIFY `id` bigint(20) UNSIGNED NOT NULL AUTO_INCREMENT, AUTO_INCREMENT=102;

--
-- AUTO_INCREMENT for table `sliders`
--
ALTER TABLE `sliders`
  MODIFY `id` bigint(20) UNSIGNED NOT NULL AUTO_INCREMENT, AUTO_INCREMENT=5;

--
-- AUTO_INCREMENT for table `states`
--
ALTER TABLE `states`
  MODIFY `id` bigint(20) UNSIGNED NOT NULL AUTO_INCREMENT, AUTO_INCREMENT=30;

--
-- AUTO_INCREMENT for table `subscription_histories`
--
ALTER TABLE `subscription_histories`
  MODIFY `id` bigint(20) UNSIGNED NOT NULL AUTO_INCREMENT, AUTO_INCREMENT=81;

--
-- AUTO_INCREMENT for table `subscription_reminders`
--
ALTER TABLE `subscription_reminders`
  MODIFY `id` bigint(20) UNSIGNED NOT NULL AUTO_INCREMENT, AUTO_INCREMENT=8;

--
-- AUTO_INCREMENT for table `suppliers`
--
ALTER TABLE `suppliers`
  MODIFY `id` bigint(20) UNSIGNED NOT NULL AUTO_INCREMENT, AUTO_INCREMENT=189;

--
-- AUTO_INCREMENT for table `transaction_histories`
--
ALTER TABLE `transaction_histories`
  MODIFY `id` bigint(20) UNSIGNED NOT NULL AUTO_INCREMENT, AUTO_INCREMENT=747;

--
-- AUTO_INCREMENT for table `users`
--
ALTER TABLE `users`
  MODIFY `id` bigint(20) UNSIGNED NOT NULL AUTO_INCREMENT, AUTO_INCREMENT=224;

--
-- AUTO_INCREMENT for table `user_roles`
--
ALTER TABLE `user_roles`
  MODIFY `id` bigint(20) UNSIGNED NOT NULL AUTO_INCREMENT, AUTO_INCREMENT=673;

--
-- AUTO_INCREMENT for table `user_role_accesses`
--
ALTER TABLE `user_role_accesses`
  MODIFY `id` bigint(20) UNSIGNED NOT NULL AUTO_INCREMENT, AUTO_INCREMENT=670;

--
-- Constraints for dumped tables
--

--
-- Constraints for table `balance_transfers`
--
ALTER TABLE `balance_transfers`
  ADD CONSTRAINT `balance_transfers_user_id_foreign` FOREIGN KEY (`user_id`) REFERENCES `users` (`id`);

--
-- Constraints for table `customers`
--
ALTER TABLE `customers`
  ADD CONSTRAINT `customers_user_id_foreign` FOREIGN KEY (`user_id`) REFERENCES `users` (`id`);

--
-- Constraints for table `expenses`
--
ALTER TABLE `expenses`
  ADD CONSTRAINT `expenses_user_id_foreign` FOREIGN KEY (`user_id`) REFERENCES `users` (`id`);

--
-- Constraints for table `expense_purposes`
--
ALTER TABLE `expense_purposes`
  ADD CONSTRAINT `expense_purposes_user_id_foreign` FOREIGN KEY (`user_id`) REFERENCES `users` (`id`);

--
-- Constraints for table `favorite_order_details`
--
ALTER TABLE `favorite_order_details`
  ADD CONSTRAINT `favorite_order_details_favorite_order_id_foreign` FOREIGN KEY (`favorite_order_id`) REFERENCES `favorite_orders` (`id`) ON DELETE CASCADE;

--
-- Constraints for table `incomes`
--
ALTER TABLE `incomes`
  ADD CONSTRAINT `incomes_user_id_foreign` FOREIGN KEY (`user_id`) REFERENCES `users` (`id`);

--
-- Constraints for table `income_expenses`
--
ALTER TABLE `income_expenses`
  ADD CONSTRAINT `income_expenses_user_id_foreign` FOREIGN KEY (`user_id`) REFERENCES `users` (`id`);

--
-- Constraints for table `notifications`
--
ALTER TABLE `notifications`
  ADD CONSTRAINT `notifications_user_id_foreign` FOREIGN KEY (`user_id`) REFERENCES `users` (`id`);

--
-- Constraints for table `orders`
--
ALTER TABLE `orders`
  ADD CONSTRAINT `orders_customer_id_foreign` FOREIGN KEY (`customer_id`) REFERENCES `customers` (`id`),
  ADD CONSTRAINT `orders_user_id_foreign` FOREIGN KEY (`user_id`) REFERENCES `users` (`id`);

--
-- Constraints for table `order_details`
--
ALTER TABLE `order_details`
  ADD CONSTRAINT `order_details_order_id_foreign` FOREIGN KEY (`order_id`) REFERENCES `orders` (`id`);

--
-- Constraints for table `package_package_feature`
--
ALTER TABLE `package_package_feature`
  ADD CONSTRAINT `package_package_features_package_feature_id_foreign` FOREIGN KEY (`package_feature_id`) REFERENCES `package_features` (`id`),
  ADD CONSTRAINT `package_package_features_package_id_foreign` FOREIGN KEY (`package_id`) REFERENCES `packages` (`id`);

--
-- Constraints for table `police_stations`
--
ALTER TABLE `police_stations`
  ADD CONSTRAINT `police_stations_country_id_foreign` FOREIGN KEY (`country_id`) REFERENCES `countries` (`id`),
  ADD CONSTRAINT `police_stations_state_id_foreign` FOREIGN KEY (`state_id`) REFERENCES `states` (`id`);

--
-- Constraints for table `products`
--
ALTER TABLE `products`
  ADD CONSTRAINT `products_user_id_foreign` FOREIGN KEY (`user_id`) REFERENCES `users` (`id`);

--
-- Constraints for table `product_units`
--
ALTER TABLE `product_units`
  ADD CONSTRAINT `product_units_user_id_foreign` FOREIGN KEY (`user_id`) REFERENCES `users` (`id`);

--
-- Constraints for table `purchases`
--
ALTER TABLE `purchases`
  ADD CONSTRAINT `purchases_supplier_id_foreign` FOREIGN KEY (`supplier_id`) REFERENCES `suppliers` (`id`),
  ADD CONSTRAINT `purchases_user_id_foreign` FOREIGN KEY (`user_id`) REFERENCES `users` (`id`);

--
-- Constraints for table `purchase_details`
--
ALTER TABLE `purchase_details`
  ADD CONSTRAINT `purchase_details_purchase_id_foreign` FOREIGN KEY (`purchase_id`) REFERENCES `purchases` (`id`);

--
-- Constraints for table `purposes`
--
ALTER TABLE `purposes`
  ADD CONSTRAINT `purposes_user_id_foreign` FOREIGN KEY (`user_id`) REFERENCES `users` (`id`);

--
-- Constraints for table `return_orders`
--
ALTER TABLE `return_orders`
  ADD CONSTRAINT `return_orders_customer_id_foreign` FOREIGN KEY (`customer_id`) REFERENCES `customers` (`id`),
  ADD CONSTRAINT `return_orders_user_id_foreign` FOREIGN KEY (`user_id`) REFERENCES `users` (`id`);

--
-- Constraints for table `return_order_details`
--
ALTER TABLE `return_order_details`
  ADD CONSTRAINT `return_order_details_return_order_id_foreign` FOREIGN KEY (`return_order_id`) REFERENCES `return_orders` (`id`);

--
-- Constraints for table `return_purchases`
--
ALTER TABLE `return_purchases`
  ADD CONSTRAINT `return_purchases_supplier_id_foreign` FOREIGN KEY (`supplier_id`) REFERENCES `suppliers` (`id`),
  ADD CONSTRAINT `return_purchases_user_id_foreign` FOREIGN KEY (`user_id`) REFERENCES `users` (`id`);

--
-- Constraints for table `return_purchase_details`
--
ALTER TABLE `return_purchase_details`
  ADD CONSTRAINT `return_purchase_details_return_purchase_id_foreign` FOREIGN KEY (`return_purchase_id`) REFERENCES `return_purchases` (`id`);

--
-- Constraints for table `states`
--
ALTER TABLE `states`
  ADD CONSTRAINT `states_country_id_foreign` FOREIGN KEY (`country_id`) REFERENCES `countries` (`id`);

--
-- Constraints for table `subscription_histories`
--
ALTER TABLE `subscription_histories`
  ADD CONSTRAINT `subscription_histories_user_id_foreign` FOREIGN KEY (`user_id`) REFERENCES `users` (`id`);

--
-- Constraints for table `subscription_reminders`
--
ALTER TABLE `subscription_reminders`
  ADD CONSTRAINT `subscription_reminders_subscription_history_id_foreign` FOREIGN KEY (`subscription_history_id`) REFERENCES `subscription_histories` (`id`);

--
-- Constraints for table `suppliers`
--
ALTER TABLE `suppliers`
  ADD CONSTRAINT `suppliers_user_id_foreign` FOREIGN KEY (`user_id`) REFERENCES `users` (`id`);

--
-- Constraints for table `transaction_histories`
--
ALTER TABLE `transaction_histories`
  ADD CONSTRAINT `transaction_histories_user_id_foreign` FOREIGN KEY (`user_id`) REFERENCES `users` (`id`);

--
-- Constraints for table `user_roles`
--
ALTER TABLE `user_roles`
  ADD CONSTRAINT `user_roles_user_id_foreign` FOREIGN KEY (`user_id`) REFERENCES `users` (`id`);

--
-- Constraints for table `user_role_accesses`
--
ALTER TABLE `user_role_accesses`
  ADD CONSTRAINT `user_role_accesses_user_role_id_foreign` FOREIGN KEY (`user_role_id`) REFERENCES `user_roles` (`id`);
COMMIT;

/*!40101 SET CHARACTER_SET_CLIENT=@OLD_CHARACTER_SET_CLIENT */;
/*!40101 SET CHARACTER_SET_RESULTS=@OLD_CHARACTER_SET_RESULTS */;
/*!40101 SET COLLATION_CONNECTION=@OLD_COLLATION_CONNECTION */;
